split,scope,fraction,n_listings,n_hosts,target_count,quota,pair,left_model,right_model,precision_difference_pp,recall_difference_pp,expected_target_selected_difference
1,all_eligible,0.1,1167,518,271,117,full_vs_baseline,full,baseline,17.4025321084145,7.51327031986897,20.3609625668449
1,priority_pool,0.1,475,189,136,48,full_vs_baseline,full,baseline,29.5731707317073,10.4375896700143,14.1951219512195
1,priority_fixed_quota,0.1,475,189,136,49,full_vs_baseline,full,baseline,28.4485015852531,10.2498277770397,13.939765776774
1,all_eligible,0.25,1167,518,271,292,full_vs_baseline,full,baseline,15.4677313017361,16.6663377863725,45.1657754010694
1,priority_pool,0.25,475,189,136,119,full_vs_baseline,full,baseline,19.1682020401743,16.7721767851525,22.8101604278074
1,priority_fixed_quota,0.25,475,189,136,120,full_vs_baseline,full,baseline,20.5155982920651,18.1019984929986,24.6187179504782
1,all_eligible,0.5,1167,518,271,584,full_vs_baseline,full,baseline,6.65598762704381,14.3435305320796,38.8709677419358
1,priority_pool,0.5,475,189,136,238,full_vs_baseline,full,baseline,14.7216105693615,25.7628184963826,35.0374331550803
1,priority_fixed_quota,0.5,475,189,136,238,full_vs_baseline,full,baseline,15.9000442282176,27.8250773993808,37.8421052631579
2,all_eligible,0.1,1063,518,258,107,full_vs_baseline,full,baseline,21.9244707228687,9.09270685018196,23.4591836734695
2,priority_pool,0.1,397,194,123,40,full_vs_baseline,full,baseline,21.1764705882353,6.88665710186514,8.47058823529412
2,priority_fixed_quota,0.1,397,194,123,41,full_vs_baseline,full,baseline,25.0465552074489,8.34885173581628,10.269087635054
2,all_eligible,0.25,1063,518,258,266,full_vs_baseline,full,baseline,14.4391591222955,14.8868849865527,38.408163265306
2,priority_pool,0.25,397,194,123,100,full_vs_baseline,full,baseline,15.530612244898,12.6265140202422,15.530612244898
2,priority_fixed_quota,0.25,397,194,123,100,full_vs_baseline,full,baseline,18.0091836734694,14.6416127426581,18.0091836734694
2,all_eligible,0.5,1063,518,258,532,full_vs_baseline,full,baseline,6.96394600960231,14.3597646399552,37.0481927710843
2,priority_pool,0.5,397,194,123,199,full_vs_baseline,full,baseline,12.1782381294226,19.7030031524805,24.2346938775511
2,priority_fixed_quota,0.5,397,194,123,199,full_vs_baseline,full,baseline,11.7157214644652,18.9547038327526,23.3142857142857
3,all_eligible,0.1,1227,518,253,123,full_vs_baseline,full,baseline,6.58702505392401,3.20238767443737,8.10204081632654
3,priority_pool,0.1,496,204,146,50,full_vs_baseline,full,baseline,4.55696202531646,1.56060343332755,2.27848101265823
3,priority_fixed_quota,0.1,496,204,146,51,full_vs_baseline,full,baseline,17.4671184929668,6.10152769274868,8.90823043141308
3,all_eligible,0.25,1227,518,253,307,full_vs_baseline,full,baseline,8.25633184870041,10.0185528756958,25.3469387755103
3,priority_pool,0.25,496,204,146,124,full_vs_baseline,full,baseline,9.54163923633971,8.1038579815488,11.8316326530612
3,priority_fixed_quota,0.25,496,204,146,125,full_vs_baseline,full,baseline,12.8411139240506,10.9941043870296,16.0513924050633
3,all_eligible,0.5,1227,518,253,614,full_vs_baseline,full,baseline,5.6834774795013,13.7931034482759,34.896551724138
3,priority_pool,0.5,496,204,146,248,full_vs_baseline,full,baseline,8.99234693877546,15.2746715124405,22.3010204081632
3,priority_fixed_quota,0.5,496,204,146,249,full_vs_baseline,full,baseline,11.0774236185247,18.8923183631004,27.5827848101265
4,all_eligible,0.1,1316,518,396,132,full_vs_baseline,full,baseline,21.8213716108452,7.27379053694842,28.8042105263157
4,priority_pool,0.1,622,180,246,63,full_vs_baseline,full,baseline,41.3968253968255,10.6016260162602,26.08
4,priority_fixed_quota,0.1,622,180,246,64,full_vs_baseline,full,baseline,30.7670944779982,8.00444734386945,19.6909404659188
4,all_eligible,0.25,1316,518,396,329,full_vs_baseline,full,baseline,13.2644376899696,11.020202020202,43.6399999999999
4,priority_pool,0.25,622,180,246,156,full_vs_baseline,full,baseline,25.0080971659918,15.8587933247753,39.0126315789472
4,priority_fixed_quota,0.25,622,180,246,157,full_vs_baseline,full,baseline,19.7514219923831,12.6055823284721,31.0097325280414
4,all_eligible,0.5,1316,518,396,658,full_vs_baseline,full,baseline,8.26926515286971,13.7403446226976,54.4117647058827
4,priority_pool,0.5,622,180,246,311,full_vs_baseline,full,baseline,18.4031138940599,23.2657252888318,57.2336842105262
4,priority_fixed_quota,0.5,622,180,246,312,full_vs_baseline,full,baseline,11.1336032388664,14.1206675224648,34.7368421052633
5,all_eligible,0.1,1052,518,253,106,full_vs_baseline,full,baseline,25.1942286348502,10.5556847244827,26.7058823529412
5,priority_pool,0.1,436,192,151,44,full_vs_baseline,full,baseline,35.8288770053476,10.4402025710947,15.764705882353
5,priority_fixed_quota,0.1,436,192,151,45,full_vs_baseline,full,baseline,32.028657616893,9.5449641904648,14.4128959276019
5,all_eligible,0.25,1052,518,253,263,full_vs_baseline,full,baseline,13.6546633862671,14.1943734015345,35.9117647058824
5,priority_pool,0.25,436,192,151,109,full_vs_baseline,full,baseline,24.5277927684835,17.7054927931437,26.735294117647
5,priority_fixed_quota,0.25,436,192,151,110,full_vs_baseline,full,baseline,20.8844097079391,15.2138083965119,22.972850678733
5,all_eligible,0.5,1052,518,253,526,full_vs_baseline,full,baseline,5.32319391634981,11.0671936758893,28
5,priority_pool,0.5,436,192,151,218,full_vs_baseline,full,baseline,17.6470588235294,25.4772107518504,38.4705882352941
5,priority_fixed_quota,0.5,436,192,151,218,full_vs_baseline,full,baseline,13.9908256880734,20.1986754966887,30.5
6,all_eligible,0.1,1110,518,317,111,full_vs_baseline,full,baseline,20.8583222992445,7.3037027609342,23.1527377521614
6,priority_pool,0.1,453,176,173,46,full_vs_baseline,full,baseline,25.9661835748792,6.90430314707771,11.9444444444444
6,priority_fixed_quota,0.1,453,176,173,47,full_vs_baseline,full,baseline,17.3557084043174,4.71513465319606,8.15718295002918
6,all_eligible,0.25,1110,518,317,278,full_vs_baseline,full,baseline,8.37911803122336,7.34824862044194,23.2939481268009
6,priority_pool,0.25,453,176,173,114,full_vs_baseline,full,baseline,23.1874715607461,15.2796055371391,26.4337175792506
6,priority_fixed_quota,0.25,453,176,173,114,full_vs_baseline,full,baseline,19.7380317211066,13.0065642555269,22.5013561620615
6,all_eligible,0.5,1110,518,317,555,full_vs_baseline,full,baseline,6.61236579044795,11.5768549328032,36.6986301369861
6,priority_pool,0.5,453,176,173,227,full_vs_baseline,full,baseline,9.69924716576317,12.7267578417817,22.0172910662824
6,priority_fixed_quota,0.5,453,176,173,227,full_vs_baseline,full,baseline,9.82239205778934,12.8883410238045,22.2968299711818
7,all_eligible,0.1,1288,518,343,129,full_vs_baseline,full,baseline,6.16932524124096,2.3202418545775,7.95842956120084
7,priority_pool,0.1,557,202,180,56,full_vs_baseline,full,baseline,3.85714285714286,1.2,2.16
7,priority_fixed_quota,0.1,557,202,180,57,full_vs_baseline,full,baseline,11.6346582391312,3.68430844239156,6.6317551963048
7,all_eligible,0.25,1288,518,343,322,full_vs_baseline,full,baseline,9.25006813650251,8.68373743426766,29.7852193995381
7,priority_pool,0.25,557,202,180,140,full_vs_baseline,full,baseline,6.09204882876932,4.73826020015391,8.52886836027705
7,priority_fixed_quota,0.25,557,202,180,140,full_vs_baseline,full,baseline,12.6901187726824,9.87009237875294,17.7661662817553
7,all_eligible,0.5,1288,518,343,644,full_vs_baseline,full,baseline,7.17936486302305,13.4796238244514,46.2351097178685
7,priority_pool,0.5,557,202,180,279,full_vs_baseline,full,baseline,8.67085516567745,13.4398255068001,24.1916859122401
7,priority_fixed_quota,0.5,557,202,180,279,full_vs_baseline,full,baseline,8.90469923100476,13.8022838080574,24.8441108545033
8,all_eligible,0.1,1220,518,323,122,full_vs_baseline,full,baseline,22.3174366616989,8.42949620039403,27.2272727272727
8,priority_pool,0.1,549,196,200,55,full_vs_baseline,full,baseline,40.206611570248,11.0568181818182,22.1136363636364
8,priority_fixed_quota,0.1,549,196,200,57,full_vs_baseline,full,baseline,39.2196400091137,11.1775974025974,22.3551948051948
8,all_eligible,0.25,1220,518,323,305,full_vs_baseline,full,baseline,10.3700234192038,9.79212737726675,31.6285714285716
8,priority_pool,0.25,549,196,200,138,full_vs_baseline,full,baseline,18.8735177865612,13.0227272727272,26.0454545454545
8,priority_fixed_quota,0.25,549,196,200,138,full_vs_baseline,full,baseline,19.363354037267,13.3607142857142,26.7214285714284
8,all_eligible,0.5,1220,518,323,610,full_vs_baseline,full,baseline,5.54798305396945,10.4776150554841,33.8426966292137
8,priority_pool,0.5,549,196,200,275,full_vs_baseline,full,baseline,9.73506493506484,13.3857142857142,26.7714285714283
8,priority_fixed_quota,0.5,549,196,200,275,full_vs_baseline,full,baseline,10.4779220779219,14.4071428571427,28.8142857142853
9,all_eligible,0.1,1172,518,251,118,full_vs_baseline,full,baseline,-4.56880048559559,-2.14788230000112,-5.3911845730028
9,priority_pool,0.1,476,201,126,48,full_vs_baseline,full,baseline,-5.64024390243903,-2.1486643437863,-2.70731707317073
9,priority_fixed_quota,0.1,476,201,126,50,full_vs_baseline,full,baseline,-4.27009816352497,-1.69448339822419,-2.13504908176248
9,all_eligible,0.25,1172,518,251,293,full_vs_baseline,full,baseline,4.74995063887399,5.54476309637482,13.9173553719008
9,priority_pool,0.25,476,201,126,119,full_vs_baseline,full,baseline,2.79880547260228,2.64331627967994,3.33057851239672
9,priority_fixed_quota,0.25,476,201,126,120,full_vs_baseline,full,baseline,-0.609860857339628,-0.580819864132984,-0.731833028807557
9,all_eligible,0.5,1172,518,251,586,full_vs_baseline,full,baseline,5.57487537817202,13.0154461020271,32.6687697160881
9,priority_pool,0.5,476,201,126,238,full_vs_baseline,full,baseline,8.49596036761809,16.0479251388342,20.220385674931
9,priority_fixed_quota,0.5,476,201,126,239,full_vs_baseline,full,baseline,5.76578928092439,10.936695540801,13.7802363814093
10,all_eligible,0.1,1254,518,331,126,full_vs_baseline,full,baseline,27.6455026455026,10.5236656596173,34.8333333333333
10,priority_pool,0.1,582,187,212,59,full_vs_baseline,full,baseline,29.0376803473876,8.08124122875408,17.1322314049587
10,priority_fixed_quota,0.1,582,187,212,60,full_vs_baseline,full,baseline,38.4984723846778,10.8957940711352,23.0990834308067
10,all_eligible,0.25,1254,518,331,314,full_vs_baseline,full,baseline,18.7129620051133,17.7518733220712,58.7587006960558
10,priority_pool,0.25,582,187,212,146,full_vs_baseline,full,baseline,29.5662100456621,20.3616352201258,43.1666666666667
10,priority_fixed_quota,0.25,582,187,212,147,full_vs_baseline,full,baseline,30.9373404657703,21.4518351342841,45.4778904846824
10,all_eligible,0.5,1254,518,331,627,full_vs_baseline,full,baseline,5.86243424028189,11.1049736213195,36.7574626865674
10,priority_pool,0.5,582,187,212,291,full_vs_baseline,full,baseline,17.6896213552754,24.2815085584204,51.4767981438513
10,priority_fixed_quota,0.5,582,187,212,292,full_vs_baseline,full,baseline,17.6748636664397,24.3446235405678,51.6106019060039
11,all_eligible,0.1,1165,518,273,117,full_vs_baseline,full,baseline,14.0800719748088,6.03431656063232,16.4736842105262
11,priority_pool,0.1,506,187,139,51,full_vs_baseline,full,baseline,23.3759590792839,8.57679074132,11.9217391304348
11,priority_fixed_quota,0.1,506,187,139,52,full_vs_baseline,full,baseline,26.3756380918852,9.86714518545346,13.7153318077803
11,all_eligible,0.25,1165,518,273,292,full_vs_baseline,full,baseline,11.7880317231435,12.6084441873916,34.421052631579
11,priority_pool,0.25,506,187,139,127,full_vs_baseline,full,baseline,12.4740986324078,11.3971980310488,15.8421052631579
11,priority_fixed_quota,0.25,506,187,139,128,full_vs_baseline,full,baseline,15.4781655225019,14.2532747257571,19.8120518688024
11,all_eligible,0.5,1165,518,273,583,full_vs_baseline,full,baseline,7.1779515655435,15.3287390575526,41.8474576271186
11,priority_pool,0.5,506,187,139,253,full_vs_baseline,full,baseline,12.1281464530892,22.074971601666,30.6842105263157
11,priority_fixed_quota,0.5,506,187,139,254,full_vs_baseline,full,baseline,12.291572821132,22.4608596875361,31.2205949656752
12,all_eligible,0.1,1063,518,332,107,full_vs_baseline,full,baseline,8.11214953271027,2.6144578313253,8.68
12,priority_pool,0.1,447,186,180,45,full_vs_baseline,full,baseline,7.26591760299628,1.81647940074907,3.26966292134832
12,priority_fixed_quota,0.1,447,186,180,46,full_vs_baseline,full,baseline,12.0746804449786,3.0857516692723,5.55435300469014
12,all_eligible,0.25,1063,518,332,266,full_vs_baseline,full,baseline,12.5155230418389,10.027497376895,33.2912912912915
12,priority_pool,0.25,447,186,180,112,full_vs_baseline,full,baseline,11.1428571428571,6.93333333333333,12.48
12,priority_fixed_quota,0.25,447,186,180,114,full_vs_baseline,full,baseline,12.4341621337481,7.87496935137382,14.1749448324729
12,all_eligible,0.5,1063,518,332,532,full_vs_baseline,full,baseline,6.58811663304602,10.5568615927123,35.0487804878048
12,priority_pool,0.5,447,186,180,224,full_vs_baseline,full,baseline,7.17235092235093,8.9255922589256,16.0660660660661
12,priority_fixed_quota,0.5,447,186,180,225,full_vs_baseline,full,baseline,7.75553920962152,9.69442401202689,17.4499632216484
13,all_eligible,0.1,1234,518,254,124,full_vs_baseline,full,baseline,8.85809883321892,4.32442620204388,10.9840425531915
13,priority_pool,0.1,503,183,114,51,full_vs_baseline,full,baseline,4.65928945835762,2.08441896821262,2.37623762376238
13,priority_fixed_quota,0.1,503,183,114,52,full_vs_baseline,full,baseline,8.04288725485917,3.66868541449716,4.18230137252677
13,all_eligible,0.25,1234,518,254,309,full_vs_baseline,full,baseline,13.7988019004338,16.7867314458033,42.6382978723404
13,priority_pool,0.25,503,183,114,126,full_vs_baseline,full,baseline,6.78402566700436,7.49813363195219,8.54787234042549
13,priority_fixed_quota,0.25,503,183,114,127,full_vs_baseline,full,baseline,8.01554413466786,8.92959741318262,10.1797410510282
13,all_eligible,0.5,1234,518,254,617,full_vs_baseline,full,baseline,7.07725553754728,17.1916010498688,43.6666666666667
13,priority_pool,0.5,503,183,114,252,full_vs_baseline,full,baseline,7.1702971968929,15.8501306457632,18.0691489361701
13,priority_fixed_quota,0.5,503,183,114,252,full_vs_baseline,full,baseline,8.68104667609617,19.1896821261073,21.8762376237624
14,all_eligible,0.1,1081,518,196,109,full_vs_baseline,full,baseline,-7.51457173475523,-4.1790220361649,-8.1908831908832
14,priority_pool,0.1,471,172,95,48,full_vs_baseline,full,baseline,-7.93010752688171,-4.00679117147707,-3.80645161290322
14,priority_fixed_quota,0.1,471,172,95,49,full_vs_baseline,full,baseline,-5.89625428335102,-3.0412258935179,-2.889164598842
14,all_eligible,0.25,1081,518,196,271,full_vs_baseline,full,baseline,-0.183976198736377,-0.254375254375294,-0.498575498575576
14,priority_pool,0.25,471,172,95,118,full_vs_baseline,full,baseline,-2.53030083538559,-3.14289998500526,-2.98575498575499
14,priority_fixed_quota,0.25,471,172,95,119,full_vs_baseline,full,baseline,-1.68793185870986,-2.1143567493313,-2.00863891186473
14,all_eligible,0.5,1081,518,196,541,full_vs_baseline,full,baseline,4.76483877592937,13.1519274376418,25.7777777777779
14,priority_pool,0.5,471,172,95,236,full_vs_baseline,full,baseline,5.28876333961082,13.1384015594543,12.4814814814815
14,priority_fixed_quota,0.5,471,172,95,237,full_vs_baseline,full,baseline,4.72026297533306,11.7758139489888,11.1870232515393
15,all_eligible,0.1,1154,518,255,116,full_vs_baseline,full,baseline,20.3019521985039,9.23539786284885,23.5502645502646
15,priority_pool,0.1,482,197,150,49,full_vs_baseline,full,baseline,22.1844293272865,7.24691358024691,10.8703703703704
15,priority_fixed_quota,0.1,482,197,150,49,full_vs_baseline,full,baseline,17.8925062088327,5.84488536155201,8.76732804232801
15,all_eligible,0.25,1154,518,255,289,full_vs_baseline,full,baseline,11.9944709910107,13.5937337898122,34.6640211640211
15,priority_pool,0.25,482,197,150,121,full_vs_baseline,full,baseline,22.4036905855088,18.0723104056437,27.1084656084656
15,priority_fixed_quota,0.25,482,197,150,121,full_vs_baseline,full,baseline,17.6494381039836,14.2372134038801,21.3558201058201
15,all_eligible,0.5,1154,518,255,577,full_vs_baseline,full,baseline,5.27221216752892,11.9296722378988,30.4206642066419
15,priority_pool,0.5,482,197,150,241,full_vs_baseline,full,baseline,12.6577970976311,20.336860670194,30.5052910052909
15,priority_fixed_quota,0.5,482,197,150,241,full_vs_baseline,full,baseline,10.7883817427386,17.3333333333333,26
16,all_eligible,0.1,1195,518,251,120,full_vs_baseline,full,baseline,15.7089552238807,7.51025747755251,18.8507462686568
16,priority_pool,0.1,535,196,133,54,full_vs_baseline,full,baseline,18.3683683683684,7.45783377362325,9.91891891891892
16,priority_fixed_quota,0.1,535,196,133,56,full_vs_baseline,full,baseline,23.2846822399061,9.80407673259204,13.0394220543474
16,all_eligible,0.25,1195,518,251,299,full_vs_baseline,full,baseline,7.05835371636797,8.40815841113156,21.1044776119402
16,priority_pool,0.25,535,196,133,134,full_vs_baseline,full,baseline,12.3190020049009,12.4116260801257,16.5074626865671
16,priority_fixed_quota,0.25,535,196,133,135,full_vs_baseline,full,baseline,18.4625285620311,18.7401605704827,24.924413558742
16,all_eligible,0.5,1195,518,251,598,full_vs_baseline,full,baseline,4.78170478170481,11.3922687627868,28.5945945945947
16,priority_pool,0.5,535,196,133,268,full_vs_baseline,full,baseline,6.90576965916686,13.915385478622,18.5074626865672
16,priority_fixed_quota,0.5,535,196,133,268,full_vs_baseline,full,baseline,6.85088073147776,13.8047822258349,18.3603603603604
17,all_eligible,0.1,1000,518,295,100,full_vs_baseline,full,baseline,15.9867109634551,5.41922405540852,15.9867109634551
17,priority_pool,0.1,392,189,145,40,full_vs_baseline,full,baseline,2.20588235294119,0.608519269776879,0.882352941176475
17,priority_fixed_quota,0.1,392,189,145,41,full_vs_baseline,full,baseline,11.8245359748378,3.34348948254035,4.84805974968351
17,all_eligible,0.25,1000,518,295,250,full_vs_baseline,full,baseline,13.8697674418604,11.7540402049665,34.6744186046511
17,priority_pool,0.25,392,189,145,98,full_vs_baseline,full,baseline,18.0995321716727,12.2327872608547,17.7375415282393
17,priority_fixed_quota,0.25,392,189,145,99,full_vs_baseline,full,baseline,19.5772545620878,13.3665393217013,19.3814820164669
17,all_eligible,0.5,1000,518,295,500,full_vs_baseline,full,baseline,8.8473684210526,14.9955396966993,44.236842105263
17,priority_pool,0.5,392,189,145,196,full_vs_baseline,full,baseline,10.6871652315411,14.4460992095314,20.9468438538205
17,priority_fixed_quota,0.5,392,189,145,197,full_vs_baseline,full,baseline,11.2377559976273,15.2678478036729,22.1383793153258
18,all_eligible,0.1,1042,518,284,105,full_vs_baseline,full,baseline,20.9988385598142,7.76365510133977,22.048780487805
18,priority_pool,0.1,448,184,174,45,full_vs_baseline,full,baseline,34.547803617571,8.93477679764768,15.546511627907
18,priority_fixed_quota,0.1,448,184,174,46,full_vs_baseline,full,baseline,43.7102604981916,11.5555861087173,20.1067198291682
18,all_eligible,0.25,1042,518,284,261,full_vs_baseline,full,baseline,10.7186244276236,9.85056681552736,27.9756097560977
18,priority_pool,0.25,448,184,174,112,full_vs_baseline,full,baseline,19.1855400696865,12.3493131483039,21.4878048780488
18,priority_fixed_quota,0.25,448,184,174,113,full_vs_baseline,full,baseline,24.8411074658306,16.1324433542463,28.0704514363885
18,all_eligible,0.5,1042,518,284,521,full_vs_baseline,full,baseline,5.76111029086076,10.5687973997833,30.0153846153846
18,priority_pool,0.5,448,184,174,224,full_vs_baseline,full,baseline,10.0500871080139,12.9380431735351,22.5121951219511
18,priority_fixed_quota,0.5,448,184,174,224,full_vs_baseline,full,baseline,12.5,16.0919540229885,28
19,all_eligible,0.1,1270,518,242,127,full_vs_baseline,full,baseline,24.3859442942767,12.7975823362527,30.9701492537314
19,priority_pool,0.1,513,194,130,52,full_vs_baseline,full,baseline,24.0045248868778,9.60180995475114,12.4823529411765
19,priority_fixed_quota,0.1,513,194,130,53,full_vs_baseline,full,baseline,33.098942239201,13.4941841436743,17.5424393867765
19,all_eligible,0.25,1270,518,242,318,full_vs_baseline,full,baseline,11.4333990425232,15.0240532872826,36.3582089552238
19,priority_pool,0.25,513,194,130,129,full_vs_baseline,full,baseline,25.1880134212658,24.9942594718714,32.4925373134329
19,priority_fixed_quota,0.25,513,194,130,130,full_vs_baseline,full,baseline,28.4674971816865,28.4674971816865,37.0077463361924
19,all_eligible,0.5,1270,518,242,635,full_vs_baseline,full,baseline,6.38423264576588,16.7520154134766,40.5398773006133
19,priority_pool,0.5,513,194,130,257,full_vs_baseline,full,baseline,10.8659039433184,21.4810562571756,27.9253731343283
19,priority_fixed_quota,0.5,513,194,130,257,full_vs_baseline,full,baseline,12.3895628290226,24.4932126696832,31.8411764705882
20,all_eligible,0.1,1358,518,358,136,full_vs_baseline,full,baseline,30.4890560875513,11.582434714824,41.4651162790698
20,priority_pool,0.1,591,188,195,60,full_vs_baseline,full,baseline,37.5968992248062,11.5682766845557,22.5581395348837
20,priority_fixed_quota,0.1,591,188,195,60,full_vs_baseline,full,baseline,38.4900731452456,11.8430994293063,23.0940438871474
20,all_eligible,0.25,1358,518,358,340,full_vs_baseline,full,baseline,15.047879616963,14.2912823177861,51.1627906976743
20,priority_pool,0.25,591,188,195,148,full_vs_baseline,full,baseline,25.6599622878692,19.4752534287418,37.9767441860465
20,priority_fixed_quota,0.25,591,188,195,149,full_vs_baseline,full,baseline,22.0963870335785,16.88390598976,32.923616680032
20,all_eligible,0.5,1358,518,358,679,full_vs_baseline,full,baseline,3.45089999149473,6.54514272129866,23.4316109422492
20,priority_pool,0.5,591,188,195,296,full_vs_baseline,full,baseline,9.10590823381519,13.8223017292784,26.953488372093
20,priority_fixed_quota,0.5,591,188,195,296,full_vs_baseline,full,baseline,3.50652376514445,5.32272325375774,10.3793103448276
21,all_eligible,0.1,1114,518,292,112,full_vs_baseline,full,baseline,29.5303169499311,11.3266969123023,33.0739549839229
21,priority_pool,0.1,401,173,141,41,full_vs_baseline,full,baseline,38.1613508442777,11.0965630114566,15.6461538461539
21,priority_fixed_quota,0.1,401,173,141,42,full_vs_baseline,full,baseline,40.9938635855034,12.2109380892989,17.2174227059114
21,all_eligible,0.25,1114,518,292,279,full_vs_baseline,full,baseline,20.4059053348547,19.497423248029,56.9324758842446
21,priority_pool,0.25,401,173,141,101,full_vs_baseline,full,baseline,30.728088886059,22.0109005495883,31.0353697749195
21,priority_fixed_quota,0.25,401,173,141,102,full_vs_baseline,full,baseline,29.5316426842812,21.3633159843736,30.1222755379668
21,all_eligible,0.5,1114,518,292,557,full_vs_baseline,full,baseline,8.21321976111323,15.6669979689728,45.7476340694007
21,priority_pool,0.5,401,173,141,201,full_vs_baseline,full,baseline,19.9116955415847,28.3847574741739,40.0225080385852
21,priority_fixed_quota,0.5,401,173,141,202,full_vs_baseline,full,baseline,17.8027099766618,25.5045915977707,35.9614741528567
22,all_eligible,0.1,1226,518,307,123,full_vs_baseline,full,baseline,21.9138398280535,8.77981204837324,26.9540229885058
22,priority_pool,0.1,568,176,179,57,full_vs_baseline,full,baseline,29.0368779090584,9.24638011629233,16.5510204081633
22,priority_fixed_quota,0.1,568,176,179,58,full_vs_baseline,full,baseline,27.1539388644875,8.79848298402388,15.7492845414027
22,all_eligible,0.25,1226,518,307,307,full_vs_baseline,full,baseline,9.03440787749441,9.03440787749441,27.7356321839078
22,priority_pool,0.25,568,176,179,142,full_vs_baseline,full,baseline,21.0134369435001,16.6698773518269,29.8390804597702
22,priority_fixed_quota,0.25,568,176,179,143,full_vs_baseline,full,baseline,21.6448904133634,17.291728095592,30.9521932911096
22,all_eligible,0.5,1226,518,307,613,full_vs_baseline,full,baseline,1.30505709624799,2.60586319218246,8.00000000000017
22,priority_pool,0.5,568,176,179,284,full_vs_baseline,full,baseline,8.14715881495878,12.9262184550184,23.1379310344829
22,priority_fixed_quota,0.5,568,176,179,285,full_vs_baseline,full,baseline,9.19666983550833,14.64274247553,26.2105090311988
23,all_eligible,0.1,1106,518,312,111,full_vs_baseline,full,baseline,0.512625301357739,0.182376309136886,0.569014084507089
23,priority_pool,0.1,467,183,166,47,full_vs_baseline,full,baseline,-3.36879432624115,-0.953815261044182,-1.58333333333334
23,priority_fixed_quota,0.1,467,183,166,48,full_vs_baseline,full,baseline,4.01115023474176,1.15985067028677,1.92535211267604
23,all_eligible,0.25,1106,518,312,277,full_vs_baseline,full,baseline,4.90466263283674,4.35446009389673,13.5859154929578
23,priority_pool,0.25,467,183,166,117,full_vs_baseline,full,baseline,7.24208498856384,5.1043611063974,8.47323943661969
23,priority_fixed_quota,0.25,467,183,166,117,full_vs_baseline,full,baseline,9.75442397977617,6.87510605803501,11.4126760563381
23,all_eligible,0.5,1106,518,312,553,full_vs_baseline,full,baseline,2.6797476536866,4.74968093746375,14.8190045248869
23,priority_pool,0.5,467,183,166,234,full_vs_baseline,full,baseline,3.67762128325513,5.18411674868494,8.60563380281701
23,priority_fixed_quota,0.5,467,183,166,234,full_vs_baseline,full,baseline,6.33562056097276,8.93093500763629,14.8253521126762
24,all_eligible,0.1,1161,518,369,117,full_vs_baseline,full,baseline,16.4052164052163,5.20165398214175,19.1941031941031
24,priority_pool,0.1,552,180,232,56,full_vs_baseline,full,baseline,24.472049689441,5.90704647676161,13.7043478260869
24,priority_fixed_quota,0.1,552,180,232,56,full_vs_baseline,full,baseline,27.5791658400355,6.6570400303534,15.4443328704199
24,all_eligible,0.25,1161,518,369,291,full_vs_baseline,full,baseline,12.3989969350793,9.77807075368043,36.0810810810808
24,priority_pool,0.25,552,180,232,138,full_vs_baseline,full,baseline,19.3711498059325,11.522494281115,26.7321867321868
24,priority_fixed_quota,0.25,552,180,232,139,full_vs_baseline,full,baseline,24.1356390371093,14.4605768368888,33.5485382615819
24,all_eligible,0.5,1161,518,369,581,full_vs_baseline,full,baseline,5.58111786931447,8.78761377255206,32.4262948207171
24,priority_pool,0.5,552,180,232,276,full_vs_baseline,full,baseline,13.0888793932273,15.5712530712532,36.1253071253074
24,priority_fixed_quota,0.5,552,180,232,277,full_vs_baseline,full,baseline,13.5609181190724,16.1912686163062,37.5637431898305
25,all_eligible,0.1,1231,518,316,124,full_vs_baseline,full,baseline,5.86905486479437,2.3030468456788,7.27762803234501
25,priority_pool,0.1,485,182,159,49,full_vs_baseline,full,baseline,10.2721088435374,3.16561844863732,5.03333333333334
25,priority_fixed_quota,0.1,485,182,159,50,full_vs_baseline,full,baseline,11.1823450134771,3.51646069606197,5.59117250673853
25,all_eligible,0.25,1231,518,316,308,full_vs_baseline,full,baseline,8.84762138131414,8.62363096659733,27.2506738544476
25,priority_pool,0.25,485,182,159,122,full_vs_baseline,full,baseline,8.94127524192481,6.86060112902407,10.9083557951483
25,priority_fixed_quota,0.25,485,182,159,122,full_vs_baseline,full,baseline,12.2851030297674,9.42630546938129,14.9878256963163
25,all_eligible,0.5,1231,518,316,616,full_vs_baseline,full,baseline,4.09090909090905,7.97468354430371,25.1999999999997
25,priority_pool,0.5,485,182,159,243,full_vs_baseline,full,baseline,6.48120417512449,9.90523656952988,15.7493261455525
25,priority_fixed_quota,0.5,485,182,159,243,full_vs_baseline,full,baseline,7.13675640300378,10.9071182762888,17.3423180592992
26,all_eligible,0.1,1179,518,322,118,full_vs_baseline,full,baseline,9.58588614104914,3.51284026286894,11.311345646438
26,priority_pool,0.1,524,192,173,53,full_vs_baseline,full,baseline,18.0831524461513,5.53992531587294,9.58407079646018
26,priority_fixed_quota,0.1,524,192,173,54,full_vs_baseline,full,baseline,9.62854213636436,3.00544089805593,5.19941275363675
26,all_eligible,0.25,1179,518,322,295,full_vs_baseline,full,baseline,11.3671123831671,10.4139694193612,33.532981530343
26,priority_pool,0.25,524,192,173,131,full_vs_baseline,full,baseline,8.33652238715782,6.31262677871489,10.9208443271768
26,priority_fixed_quota,0.25,524,192,173,132,full_vs_baseline,full,baseline,9.41914121012577,7.18685918922891,12.433266397366
26,all_eligible,0.5,1179,518,322,590,full_vs_baseline,full,baseline,4.79226580187235,8.78085969908289,28.2743682310469
26,priority_pool,0.5,524,192,173,262,full_vs_baseline,full,baseline,6.74736651292079,10.2185550658107,17.6781002638525
26,priority_fixed_quota,0.5,524,192,173,263,full_vs_baseline,full,baseline,5.00998756958419,7.61633948439677,13.1762673080064
27,all_eligible,0.1,1227,518,263,123,full_vs_baseline,full,baseline,4.36198316643117,2.0400149409545,5.36523929471034
27,priority_pool,0.1,528,197,134,53,full_vs_baseline,full,baseline,9.47059901080786,3.74583393711057,5.01941747572816
27,priority_fixed_quota,0.1,528,197,134,54,full_vs_baseline,full,baseline,18.9665204268051,7.64322464960803,10.2419210304748
27,all_eligible,0.25,1227,518,263,307,full_vs_baseline,full,baseline,8.05388951336983,9.40130829127201,24.7254408060454
27,priority_pool,0.25,528,197,134,132,full_vs_baseline,full,baseline,1.72696740706815,1.70119177412683,2.27959697732995
27,priority_fixed_quota,0.25,528,197,134,133,full_vs_baseline,full,baseline,6.951954425694,6.90007416878583,9.24609938617301
27,all_eligible,0.5,1227,518,263,614,full_vs_baseline,full,baseline,4.45061846671351,10.3904172568901,27.3267973856209
27,priority_pool,0.5,528,197,134,264,full_vs_baseline,full,baseline,4.80688497061295,9.47028083762552,12.6901763224182
27,priority_fixed_quota,0.5,528,197,134,265,full_vs_baseline,full,baseline,7.06563653117377,13.9730871698586,18.7239368076105
28,all_eligible,0.1,1117,518,290,112,full_vs_baseline,full,baseline,21.2352724594993,8.20120867401352,23.7835051546392
28,priority_pool,0.1,511,197,180,52,full_vs_baseline,full,baseline,39.710547184774,11.4719358533792,20.6494845360825
28,priority_fixed_quota,0.1,511,197,180,52,full_vs_baseline,full,baseline,32.135765866436,9.28366569474818,16.7105982505467
28,all_eligible,0.25,1117,518,290,280,full_vs_baseline,full,baseline,15.699558173785,15.1581940988269,43.9587628865979
28,priority_pool,0.25,511,197,180,128,full_vs_baseline,full,baseline,22.4629510309279,15.9736540664376,28.7525773195877
28,priority_fixed_quota,0.25,511,197,180,128,full_vs_baseline,full,baseline,17.868134469697,12.706228956229,22.8712121212121
28,all_eligible,0.5,1117,518,290,559,full_vs_baseline,full,baseline,5.44461974136735,10.4949739152564,30.4354243542435
28,priority_pool,0.5,511,197,180,256,full_vs_baseline,full,baseline,18.5567010309279,26.3917525773197,47.5051546391754
28,priority_fixed_quota,0.5,511,197,180,256,full_vs_baseline,full,baseline,13.961884469697,19.8569023569024,35.7424242424242
29,all_eligible,0.1,1156,518,226,116,full_vs_baseline,full,baseline,-8.47737895758002,-4.35122105787293,-9.83375959079282
29,priority_pool,0.1,518,180,122,52,full_vs_baseline,full,baseline,0.789473684210526,0.336496980155306,0.410526315789474
29,priority_fixed_quota,0.1,518,180,122,54,full_vs_baseline,full,baseline,-1.39484029055309,-0.617388325326776,-0.753213756898667
29,all_eligible,0.25,1156,518,226,289,full_vs_baseline,full,baseline,-0.226550677439594,-0.28970418486744,-0.654731457800423
29,priority_pool,0.25,518,180,122,130,full_vs_baseline,full,baseline,-5.4278969112729,-5.78382457758588,-7.05626598465478
29,priority_fixed_quota,0.25,518,180,122,130,full_vs_baseline,full,baseline,-2.78313159447906,-2.96563202690392,-3.61807107282278
29,all_eligible,0.5,1156,518,226,578,full_vs_baseline,full,baseline,3.85845792256972,9.86809150108538,22.301886792453
29,priority_pool,0.5,518,180,122,259,full_vs_baseline,full,baseline,3.57167543868314,7.58249130015518,9.25063938618932
29,priority_fixed_quota,0.5,518,180,122,260,full_vs_baseline,full,baseline,2.60148379013632,5.54414578225773,6.76385785435443
30,all_eligible,0.1,1100,518,287,110,full_vs_baseline,full,baseline,30.5580298663872,11.7121368825874,33.6138328530259
30,priority_pool,0.1,483,187,177,49,full_vs_baseline,full,baseline,33.1960307058603,9.18986160783703,16.2660550458716
30,priority_fixed_quota,0.1,483,187,177,49,full_vs_baseline,full,baseline,36.8635732148485,10.2051699860315,18.0631508752757
30,all_eligible,0.25,1100,518,287,275,full_vs_baseline,full,baseline,18.8713649462928,18.0823183283293,51.8962536023052
30,priority_pool,0.25,483,187,177,121,full_vs_baseline,full,baseline,30.0545406911662,20.545759455543,36.3659942363111
30,priority_fixed_quota,0.25,483,187,177,122,full_vs_baseline,full,baseline,26.50701512386,18.2703720062764,32.3385584511092
30,all_eligible,0.5,1100,518,287,550,full_vs_baseline,full,baseline,8.5145067698259,16.3169990362517,46.8297872340424
30,priority_pool,0.5,483,187,177,242,full_vs_baseline,full,baseline,16.3800700216733,22.3953499731352,39.6397694524493
30,priority_fixed_quota,0.5,483,187,177,243,full_vs_baseline,full,baseline,16.0486493084977,22.0328914235308,38.9982178196495
31,all_eligible,0.1,1391,518,388,140,full_vs_baseline,full,baseline,0.905349794238813,0.326672606168646,1.26748971193435
31,priority_pool,0.1,618,194,226,62,full_vs_baseline,full,baseline,13.7553256238588,3.77358490566037,8.52830188679245
31,priority_fixed_quota,0.1,618,194,226,63,full_vs_baseline,full,baseline,10.2851884939004,2.86711006688375,6.47966875115726
31,all_eligible,0.25,1391,518,388,348,full_vs_baseline,full,baseline,3.55588666572079,3.18930041152277,12.3744855967083
31,priority_pool,0.25,618,194,226,155,full_vs_baseline,full,baseline,8.80658436213995,6.03991405368005,13.6502057613169
31,priority_fixed_quota,0.25,618,194,226,156,full_vs_baseline,full,baseline,7.67601662752966,5.29848935351605,11.9745859389463
31,all_eligible,0.5,1391,518,388,696,full_vs_baseline,full,baseline,5.48927203065135,9.84673539518902,38.2053333333334
31,priority_pool,0.5,618,194,226,309,full_vs_baseline,full,baseline,9.70207892178402,13.2652318001383,29.9794238683126
31,priority_fixed_quota,0.5,618,194,226,309,full_vs_baseline,full,baseline,8.7378640776699,11.9469026548673,27
32,all_eligible,0.1,1234,518,332,124,full_vs_baseline,full,baseline,45.5104755570336,16.9978884610607,56.4329896907217
32,priority_pool,0.1,498,172,187,50,full_vs_baseline,full,baseline,51.5051546391753,13.7714317217046,25.7525773195877
32,priority_fixed_quota,0.1,498,172,187,51,full_vs_baseline,full,baseline,40.9788525815505,11.1760507040592,20.8992148165908
32,all_eligible,0.25,1234,518,332,309,full_vs_baseline,full,baseline,24.8006539218631,23.0825363308906,76.6340206185569
32,priority_pool,0.25,498,172,187,125,full_vs_baseline,full,baseline,44.861855670103,29.9878714372346,56.0773195876288
32,priority_fixed_quota,0.25,498,172,187,125,full_vs_baseline,full,baseline,38.3953488372093,25.6653401318244,47.9941860465117
32,all_eligible,0.5,1234,518,332,617,full_vs_baseline,full,baseline,7.88963598931181,14.6623656789319,48.6790540540539
32,priority_pool,0.5,498,172,187,249,full_vs_baseline,full,baseline,26.4956734153108,35.280335189371,65.9742268041238
32,priority_fixed_quota,0.5,498,172,187,249,full_vs_baseline,full,baseline,23.0923694779116,30.7486631016043,57.5
33,all_eligible,0.1,1174,518,269,118,full_vs_baseline,full,baseline,12.3696219035202,5.42607949671148,14.5961538461539
33,priority_pool,0.1,465,195,140,47,full_vs_baseline,full,baseline,19.9506629663891,6.69772256728778,9.37681159420289
33,priority_fixed_quota,0.1,465,195,140,48,full_vs_baseline,full,baseline,19.728418471625,6.76402919027142,9.46964086637998
33,all_eligible,0.25,1174,518,269,294,full_vs_baseline,full,baseline,5.05438439111907,5.52412271743125,14.8598901098901
33,priority_pool,0.25,465,195,140,117,full_vs_baseline,full,baseline,11.8718887949657,9.92150706436423,13.8901098901099
33,priority_fixed_quota,0.25,465,195,140,117,full_vs_baseline,full,baseline,13.4894091415831,11.2732919254658,15.7826086956522
33,all_eligible,0.5,1174,518,269,587,full_vs_baseline,full,baseline,5.14228027004862,11.2212584331544,30.1851851851854
33,priority_pool,0.5,465,195,140,233,full_vs_baseline,full,baseline,5.48978918077629,9.13657770800627,12.7912087912088
33,priority_fixed_quota,0.5,465,195,140,233,full_vs_baseline,full,baseline,5.94638303166014,9.89648033126295,13.8550724637681
34,all_eligible,0.1,1427,518,388,143,full_vs_baseline,full,baseline,24.140145568717,8.89701241321271,34.5204081632653
34,priority_pool,0.1,618,185,217,62,full_vs_baseline,full,baseline,17.3076923076923,4.94505494505494,10.7307692307692
34,priority_fixed_quota,0.1,618,185,217,63,full_vs_baseline,full,baseline,33.3394383394383,9.67919177596596,21.0038461538461
34,all_eligible,0.25,1427,518,388,357,full_vs_baseline,full,baseline,18.3038929857658,16.8414685461814,65.3448979591839
34,priority_pool,0.25,618,185,217,155,full_vs_baseline,full,baseline,28.4753127057274,20.3395090755196,44.1367346938774
34,priority_fixed_quota,0.25,618,185,217,155,full_vs_baseline,full,baseline,30.0434496379198,21.4596068842284,46.5673469387757
34,all_eligible,0.5,1427,518,388,714,full_vs_baseline,full,baseline,4.50980392156862,8.29896907216494,32.2
34,priority_pool,0.5,618,185,217,309,full_vs_baseline,full,baseline,14.5241397529886,20.681839556099,44.8795918367349
34,priority_fixed_quota,0.5,618,185,217,309,full_vs_baseline,full,baseline,12.7831715210356,18.2027649769585,39.5
35,all_eligible,0.1,1280,518,359,128,full_vs_baseline,full,baseline,16.9765054744525,6.05290445885771,21.7299270072992
35,priority_pool,0.1,548,189,212,55,full_vs_baseline,full,baseline,39.1815969918159,10.1650369554239,21.5498783454987
35,priority_fixed_quota,0.1,548,189,212,57,full_vs_baseline,full,baseline,24.5911616023026,6.61177458175117,14.0169621133125
35,all_eligible,0.25,1280,518,359,320,full_vs_baseline,full,baseline,10.996806569343,9.80216741557035,35.1897810218975
35,priority_pool,0.25,548,189,212,137,full_vs_baseline,full,baseline,21.4769034045501,13.8789422944498,29.4233576642337
35,priority_fixed_quota,0.25,548,189,212,138,full_vs_baseline,full,baseline,17.0504198717463,11.0988582184009,23.5295794230099
35,all_eligible,0.5,1280,518,359,640,full_vs_baseline,full,baseline,3.23317307692301,5.76387400899924,20.6923076923073
35,priority_pool,0.5,548,189,212,274,full_vs_baseline,full,baseline,13.1715417266059,17.0235963825,36.0900243309001
35,priority_fixed_quota,0.5,548,189,212,275,full_vs_baseline,full,baseline,10.0232439093752,13.0018494107461,27.5639207507818
36,all_eligible,0.1,1029,518,236,103,full_vs_baseline,full,baseline,21.9486823855756,9.57929782082325,22.6071428571429
36,priority_pool,0.1,433,188,129,44,full_vs_baseline,full,baseline,16.0079051383399,5.46006066734075,7.04347826086957
36,priority_fixed_quota,0.1,433,188,129,45,full_vs_baseline,full,baseline,12.5111362067885,4.36434983957737,5.63001129305481
36,all_eligible,0.25,1029,518,236,258,full_vs_baseline,full,baseline,16.9762408134501,18.5587717367378,43.7987012987013
36,priority_pool,0.25,433,188,129,109,full_vs_baseline,full,baseline,19.9600857857739,16.865498842243,21.7564935064935
36,priority_fixed_quota,0.25,433,188,129,109,full_vs_baseline,full,baseline,19.76647206005,16.7019027484144,21.5454545454545
36,all_eligible,0.5,1029,518,236,515,full_vs_baseline,full,baseline,7.71224498524444,16.8296871500037,39.7180616740089
36,priority_pool,0.5,433,188,129,217,full_vs_baseline,full,baseline,16.7948411035968,28.2517869727171,36.4448051948051
36,priority_fixed_quota,0.5,433,188,129,217,full_vs_baseline,full,baseline,15.8357771260997,26.6384778012685,34.3636363636364
37,all_eligible,0.1,1246,518,333,125,full_vs_baseline,full,baseline,27.0380722891566,10.1494265349687,33.7975903614457
37,priority_pool,0.1,540,187,180,54,full_vs_baseline,full,baseline,31.0457516339869,9.31372549019608,16.7647058823529
37,priority_fixed_quota,0.1,540,187,180,56,full_vs_baseline,full,baseline,23.9510086381332,7.45142490964145,13.4125648373546
37,all_eligible,0.25,1246,518,333,312,full_vs_baseline,full,baseline,12.5347544022242,11.7442743948767,39.1084337349395
37,priority_pool,0.25,540,187,180,135,full_vs_baseline,full,baseline,23.8750557786702,17.9062918340027,32.2313253012048
37,priority_fixed_quota,0.25,540,187,180,136,full_vs_baseline,full,baseline,17.4354466157092,13.1734485540914,23.7122073973645
37,all_eligible,0.5,1246,518,333,623,full_vs_baseline,full,baseline,8.53199079785288,15.9622530542413,53.1543026706235
37,priority_pool,0.5,540,187,180,270,full_vs_baseline,full,baseline,13.73583221776,20.6037483266401,37.0867469879521
37,priority_fixed_quota,0.5,540,187,180,271,full_vs_baseline,full,baseline,11.6861670973966,17.5941737966359,31.6695128339447
38,all_eligible,0.1,1290,518,279,129,full_vs_baseline,full,baseline,23.3170134638922,10.7809847198641,30.0789473684209
38,priority_pool,0.1,587,198,163,59,full_vs_baseline,full,baseline,36.9692901493539,13.3815222012999,21.8118811881188
38,priority_fixed_quota,0.1,587,198,163,60,full_vs_baseline,full,baseline,33.9252648949106,12.4878275686788,20.3551589369464
38,all_eligible,0.25,1290,518,279,323,full_vs_baseline,full,baseline,13.0642007495518,15.1245048104131,42.1973684210524
38,priority_pool,0.25,587,198,163,147,full_vs_baseline,full,baseline,23.8005728607232,21.4643203099774,34.9868421052631
38,priority_fixed_quota,0.25,587,198,163,148,full_vs_baseline,full,baseline,22.2456738917135,20.1985259875681,32.923597359736
38,all_eligible,0.5,1290,518,279,645,full_vs_baseline,full,baseline,5.34424546903277,12.3549760843231,34.4703832752613
38,priority_pool,0.5,587,198,163,294,full_vs_baseline,full,baseline,13.4018080916577,24.1725863739103,39.4013157894737
38,priority_fixed_quota,0.5,587,198,163,294,full_vs_baseline,full,baseline,12.7113221526234,22.9271700176153,37.3712871287129
39,all_eligible,0.1,1285,518,321,129,full_vs_baseline,full,baseline,22.7585936888263,9.14597690298626,29.3585858585859
39,priority_pool,0.1,491,185,168,50,full_vs_baseline,full,baseline,37.764705882353,11.2394957983193,18.8823529411765
39,priority_fixed_quota,0.1,491,185,168,50,full_vs_baseline,full,baseline,41.7985739750446,12.4400517782871,20.8992869875223
39,all_eligible,0.25,1285,518,321,322,full_vs_baseline,full,baseline,13.3697220653742,13.4113722898769,43.0505050505049
39,priority_pool,0.25,491,185,168,123,full_vs_baseline,full,baseline,23.0803974706414,16.8981481481482,28.388888888889
39,priority_fixed_quota,0.25,491,185,168,123,full_vs_baseline,full,baseline,25.1430292080699,18.4082892416226,30.9259259259259
39,all_eligible,0.5,1285,518,321,643,full_vs_baseline,full,baseline,7.27060653188183,14.563862928349,46.7500000000002
39,priority_pool,0.5,491,185,168,246,full_vs_baseline,full,baseline,11.6941775478361,17.1236171236172,28.7676767676769
39,priority_fixed_quota,0.5,491,185,168,246,full_vs_baseline,full,baseline,12.5414031918097,18.3641975308642,30.8518518518519
40,all_eligible,0.1,1055,518,287,106,full_vs_baseline,full,baseline,38.642040924794,14.271973303234,40.9605633802817
40,priority_pool,0.1,469,178,166,47,full_vs_baseline,full,baseline,40.2277494755769,11.389784490073,18.9070422535212
40,priority_fixed_quota,0.1,469,178,166,49,full_vs_baseline,full,baseline,33.8644628925444,9.99613663695589,16.5935868173468
40,all_eligible,0.25,1055,518,287,264,full_vs_baseline,full,baseline,27.3570209133589,25.1646464150758,72.2225352112675
40,priority_pool,0.25,469,178,166,118,full_vs_baseline,full,baseline,35.6839341131535,25.3656881045308,42.1070422535211
40,priority_fixed_quota,0.25,469,178,166,118,full_vs_baseline,full,baseline,32.4242605091257,23.0485707233544,38.2606274007683
40,all_eligible,0.5,1055,518,287,528,full_vs_baseline,full,baseline,9.02874161461954,16.6103678484987,47.6717557251912
40,priority_pool,0.5,469,178,166,235,full_vs_baseline,full,baseline,20.6532813904705,29.2380790768709,48.5352112676057
40,priority_fixed_quota,0.5,469,178,166,235,full_vs_baseline,full,baseline,18.6550794126462,26.4092991685051,43.8394366197185
41,all_eligible,0.1,999,518,205,100,full_vs_baseline,full,baseline,1.19999999999998,0.585365853658526,1.19999999999997
41,priority_pool,0.1,356,177,96,36,full_vs_baseline,full,baseline,3.52852852852853,1.3231981981982,1.27027027027027
41,priority_fixed_quota,0.1,356,177,96,37,full_vs_baseline,full,baseline,5.26196958629394,2.02805077805079,1.94692874692876
41,all_eligible,0.25,999,518,205,250,full_vs_baseline,full,baseline,9.58769230769233,11.6923076923077,23.9692307692308
41,priority_pool,0.25,356,177,96,89,full_vs_baseline,full,baseline,4.01901469317201,3.72596153846155,3.57692307692309
41,priority_fixed_quota,0.25,356,177,96,90,full_vs_baseline,full,baseline,6.3144963144963,5.91984029484029,5.68304668304668
41,all_eligible,0.5,999,518,205,500,full_vs_baseline,full,baseline,7.6232558139535,18.5933068633012,38.1162790697675
41,priority_pool,0.5,356,177,96,178,full_vs_baseline,full,baseline,13.9325842696629,25.8333333333334,24.8000000000001
41,priority_fixed_quota,0.5,356,177,96,178,full_vs_baseline,full,baseline,12.9213483146067,23.9583333333333,23
42,all_eligible,0.1,1235,518,243,124,full_vs_baseline,full,baseline,-1.75239755884919,-0.89422756089424,-2.172972972973
42,priority_pool,0.1,462,174,105,47,full_vs_baseline,full,baseline,-5.45400059934074,-2.44131455399062,-2.56338028169015
42,priority_fixed_quota,0.1,462,174,105,48,full_vs_baseline,full,baseline,10.4309188464118,4.76842004407399,5.00684104627769
42,all_eligible,0.25,1235,518,243,309,full_vs_baseline,full,baseline,6.09288900551038,7.74774774774777,18.8270270270271
42,priority_pool,0.25,462,174,105,116,full_vs_baseline,full,baseline,0.442684063373744,0.489060489060522,0.513513513513544
42,priority_fixed_quota,0.25,462,174,105,117,full_vs_baseline,full,baseline,5.46030630537668,6.08434131170545,6.38855837729072
42,all_eligible,0.5,1235,518,243,618,full_vs_baseline,full,baseline,6.03020496224378,15.3360768175583,37.2666666666666
42,priority_pool,0.5,462,174,105,231,full_vs_baseline,full,baseline,4.87890487890485,10.7335907335907,11.2702702702702
42,priority_fixed_quota,0.5,462,174,105,232,full_vs_baseline,full,baseline,7.42500982908947,16.4057360033215,17.2260228034876
43,all_eligible,0.1,1253,518,307,126,full_vs_baseline,full,baseline,2.54044201412618,1.04265698299641,3.20095693779899
43,priority_pool,0.1,535,188,176,54,full_vs_baseline,full,baseline,9.57446808510639,2.93762088974855,5.17021276595745
43,priority_fixed_quota,0.1,535,188,176,55,full_vs_baseline,full,baseline,10.5306453877908,3.29082668368464,5.79185496328496
43,all_eligible,0.25,1253,518,307,314,full_vs_baseline,full,baseline,3.06738183037208,3.13732213269327,9.63157894736834
43,priority_pool,0.25,535,188,176,134,full_vs_baseline,full,baseline,2.7994001285438,2.13136146150494,3.75119617224869
43,priority_fixed_quota,0.25,535,188,176,135,full_vs_baseline,full,baseline,9.28597528918866,7.12276513659357,12.5360666404047
43,all_eligible,0.5,1253,518,307,627,full_vs_baseline,full,baseline,3.6893262315308,7.53487800381048,23.1320754716982
43,priority_pool,0.5,535,188,176,268,full_vs_baseline,full,baseline,2.5066057273442,3.81687690300139,6.71770334928245
43,priority_fixed_quota,0.5,535,188,176,268,full_vs_baseline,full,baseline,3.65022712524336,5.55830039525692,9.78260869565219
44,all_eligible,0.1,1224,518,249,123,full_vs_baseline,full,baseline,16.6933401617481,8.24610779074301,20.5328083989501
44,priority_pool,0.1,482,187,130,49,full_vs_baseline,full,baseline,27.5510204081633,10.3846153846154,13.5
44,priority_fixed_quota,0.1,482,187,130,50,full_vs_baseline,full,baseline,22.8699517399035,8.79613528457828,11.4349758699518
44,all_eligible,0.25,1224,518,249,306,full_vs_baseline,full,baseline,10.6470759782478,13.0843584310997,32.5800524934382
44,priority_pool,0.25,482,187,130,121,full_vs_baseline,full,baseline,16.594000130149,15.4451847365233,20.0787401574803
44,priority_fixed_quota,0.25,482,187,130,122,full_vs_baseline,full,baseline,11.5569041442533,10.8457100430685,14.099423055989
44,all_eligible,0.5,1224,518,249,612,full_vs_baseline,full,baseline,5.77342047930284,14.190093708166,35.3333333333334
44,priority_pool,0.5,482,187,130,241,full_vs_baseline,full,baseline,12.9970268239292,24.0944881889765,31.3228346456694
44,priority_fixed_quota,0.5,482,187,130,242,full_vs_baseline,full,baseline,10.2008668204664,18.9893059273298,24.6860977055288
45,all_eligible,0.1,1230,518,298,123,full_vs_baseline,full,baseline,12.0280375736089,4.96459268977815,14.7944862155389
45,priority_pool,0.1,533,187,164,54,full_vs_baseline,full,baseline,10.8888888888889,3.58536585365854,5.88000000000001
45,priority_fixed_quota,0.1,533,187,164,54,full_vs_baseline,full,baseline,8.10102598544298,2.66741099520684,4.37455403213921
45,all_eligible,0.25,1230,518,298,308,full_vs_baseline,full,baseline,12.2847703674771,12.6970109838354,37.8370927318294
45,priority_pool,0.25,533,187,164,134,full_vs_baseline,full,baseline,15.1853514382972,12.4075432483648,20.3483709273182
45,priority_fixed_quota,0.25,533,187,164,134,full_vs_baseline,full,baseline,13.9999361881438,11.4389722512882,18.7599144921126
45,all_eligible,0.5,1230,518,298,615,full_vs_baseline,full,baseline,3.9269583172022,8.10429317140723,24.1507936507935
45,priority_pool,0.5,533,187,164,267,full_vs_baseline,full,baseline,9.61861582795939,15.65957576869,25.6817042606516
45,priority_fixed_quota,0.5,533,187,164,267,full_vs_baseline,full,baseline,7.80650127190636,12.7093648756036,20.84335839599
46,all_eligible,0.1,1096,518,295,110,full_vs_baseline,full,baseline,-0.454545454545452,-0.169491525423729,-0.5
46,priority_pool,0.1,442,176,153,45,full_vs_baseline,full,baseline,0.699126092384533,0.205625321289568,0.314606741573041
46,priority_fixed_quota,0.1,442,176,153,45,full_vs_baseline,full,baseline,-5.67848979983815,-1.67014405877593,-2.55532040992717
46,all_eligible,0.25,1096,518,295,274,full_vs_baseline,full,baseline,1.79898933183608,1.67092568448504,4.92923076923086
46,priority_pool,0.25,442,176,153,111,full_vs_baseline,full,baseline,-0.643500643500644,-0.46685340802988,-0.714285714285715
46,priority_fixed_quota,0.25,442,176,153,112,full_vs_baseline,full,baseline,-0.706398938140534,-0.517102490664967,-0.7911668107174
46,all_eligible,0.5,1096,518,295,548,full_vs_baseline,full,baseline,2.69018020072993,4.99735169491525,14.7421875
46,priority_pool,0.5,442,176,153,221,full_vs_baseline,full,baseline,1.1402714932127,1.64705882352944,2.52000000000005
46,priority_fixed_quota,0.5,442,176,153,222,full_vs_baseline,full,baseline,-0.387737780996145,-0.562599917523821,-0.860777873811443
47,all_eligible,0.1,1294,518,289,130,full_vs_baseline,full,baseline,30.3099885189438,13.6342508908744,39.4029850746269
47,priority_pool,0.1,611,186,178,62,full_vs_baseline,full,baseline,26.2156957149735,9.13130974341774,16.2537313432836
47,priority_fixed_quota,0.1,611,186,178,63,full_vs_baseline,full,baseline,35.833957058366,12.6828050262756,22.5753929467706
47,all_eligible,0.25,1294,518,289,324,full_vs_baseline,full,baseline,13.9312247350596,15.618397280828,45.137168141593
47,priority_pool,0.25,611,186,178,153,full_vs_baseline,full,baseline,28.7017756955289,24.6706274236849,43.9137168141592
47,priority_fixed_quota,0.25,611,186,178,154,full_vs_baseline,full,baseline,34.4315758867998,29.7891162166695,53.0246268656716
47,all_eligible,0.5,1294,518,289,647,full_vs_baseline,full,baseline,6.91653786707883,15.484429065744,44.75
47,priority_pool,0.5,611,186,178,306,full_vs_baseline,full,baseline,12.730637977905,21.8852540519041,38.9557522123893
47,priority_fixed_quota,0.5,611,186,178,306,full_vs_baseline,full,baseline,14.640522875817,25.1685393258427,44.8
48,all_eligible,0.1,1050,518,274,105,full_vs_baseline,full,baseline,20.2721088435375,7.7685088633994,21.2857142857144
48,priority_pool,0.1,434,189,159,44,full_vs_baseline,full,baseline,32.2522982635342,8.9251642993428,14.1910112359551
48,priority_fixed_quota,0.1,434,189,159,45,full_vs_baseline,full,baseline,34.3816347577951,9.73065134654579,15.4717356410078
48,all_eligible,0.25,1050,518,274,263,full_vs_baseline,full,baseline,14.7745790331341,14.1814389989572,38.8571428571428
48,priority_pool,0.25,434,189,159,109,full_vs_baseline,full,baseline,19.13499344692,13.1176999101527,20.8571428571428
48,priority_fixed_quota,0.25,434,189,159,110,full_vs_baseline,full,baseline,23.3420146048383,16.1485635630957,25.6762160653221
48,all_eligible,0.5,1050,518,274,525,full_vs_baseline,full,baseline,8.89795918367349,17.0490093847758,46.7142857142858
48,priority_pool,0.5,434,189,159,217,full_vs_baseline,full,baseline,13.9565503620804,19.0476190476191,30.2857142857144
48,priority_fixed_quota,0.5,434,189,159,218,full_vs_baseline,full,baseline,14.2622006695858,19.5544638111303,31.0915974596971
49,all_eligible,0.1,1110,518,324,111,full_vs_baseline,full,baseline,17.0961659333754,5.85701981050824,18.9767441860467
49,priority_pool,0.1,500,219,216,50,full_vs_baseline,full,baseline,27.2380952380953,6.30511463844798,13.6190476190476
49,priority_fixed_quota,0.1,500,219,216,51,full_vs_baseline,full,baseline,37.0736640018211,8.75350400042998,18.9075686409288
49,all_eligible,0.25,1110,518,324,278,full_vs_baseline,full,baseline,9.63880058743704,8.27032889909721,26.795865633075
49,priority_pool,0.25,500,219,216,125,full_vs_baseline,full,baseline,17.0087855297159,9.84304718154856,21.2609819121449
49,priority_fixed_quota,0.25,500,219,216,126,full_vs_baseline,full,baseline,23.4822126896439,13.6979574022923,29.5875879889513
49,all_eligible,0.5,1110,518,324,555,full_vs_baseline,full,baseline,5.75500874008341,9.85811682329102,31.9402985074629
49,priority_pool,0.5,500,219,216,250,full_vs_baseline,full,baseline,13.2909560723513,15.3830510096659,33.2273901808783
49,priority_fixed_quota,0.5,500,219,216,251,full_vs_baseline,full,baseline,15.3740912674704,17.8652634635883,38.5889690813508
50,all_eligible,0.1,1270,518,331,127,full_vs_baseline,full,baseline,14.3852210781344,5.51940506623285,18.2692307692307
50,priority_pool,0.1,484,190,165,49,full_vs_baseline,full,baseline,7.94143744454303,2.35836627140975,3.89130434782608
50,priority_fixed_quota,0.1,484,190,165,50,full_vs_baseline,full,baseline,15.8779264214047,4.81149285497112,7.93896321070234
50,all_eligible,0.25,1270,518,331,318,full_vs_baseline,full,baseline,11.4002349851406,10.9524916171441,36.252747252747
50,priority_pool,0.25,484,190,165,121,full_vs_baseline,full,baseline,12.6282808100991,9.26073926073931,15.2802197802199
50,priority_fixed_quota,0.25,484,190,165,121,full_vs_baseline,full,baseline,13.8429752066116,10.1515151515152,16.75
50,all_eligible,0.5,1270,518,331,635,full_vs_baseline,full,baseline,6.29968551228397,12.0854993966777,40.0030030030032
50,priority_pool,0.5,484,190,165,242,full_vs_baseline,full,baseline,9.39060939060938,13.7728937728938,22.7252747252747
50,priority_fixed_quota,0.5,484,190,165,242,full_vs_baseline,full,baseline,9.71074380165289,14.2424242424242,23.5
1,all_eligible,0.1,1167,518,271,117,property_only_vs_baseline,property_only,baseline,8.00082270670505,3.45422972946307,9.36096256684491
1,priority_pool,0.1,475,189,136,48,property_only_vs_baseline,property_only,baseline,17.0731707317073,6.02582496413199,8.19512195121951
1,priority_fixed_quota,0.1,475,189,136,49,property_only_vs_baseline,property_only,baseline,6.38824891275552,2.30164850533104,3.13024196725021
1,all_eligible,0.25,1167,518,271,292,property_only_vs_baseline,property_only,baseline,6.83759431543474,7.3674447974426,19.9657754010695
1,priority_pool,0.25,475,189,136,119,property_only_vs_baseline,property_only,baseline,7.82366422504826,6.84570619691723,9.31016042780743
1,priority_fixed_quota,0.25,475,189,136,120,property_only_vs_baseline,property_only,baseline,18.5248575513244,16.3454625452862,22.2298290615893
1,all_eligible,0.5,1167,518,271,584,property_only_vs_baseline,property_only,baseline,-0.87825894829866,-1.89263182954397,-5.12903225806417
1,priority_pool,0.5,475,189,136,238,property_only_vs_baseline,property_only,baseline,10.2498218538753,17.9371882442817,24.3945760122231
1,priority_fixed_quota,0.5,475,189,136,238,property_only_vs_baseline,property_only,baseline,12.358627661591,21.6275984077842,29.4135338345865
2,all_eligible,0.1,1063,518,258,107,property_only_vs_baseline,property_only,baseline,7.28272617458205,3.02035542899333,7.7925170068028
2,priority_pool,0.1,397,194,123,40,property_only_vs_baseline,property_only,baseline,0.343137254901971,0.111589351187631,0.137254901960787
2,priority_fixed_quota,0.1,397,194,123,41,property_only_vs_baseline,property_only,baseline,9.59940073590415,3.19980024530138,3.9357543017207
2,all_eligible,0.25,1063,518,258,266,property_only_vs_baseline,property_only,baseline,2.0801365659045,2.1446369245372,5.53316326530597
2,priority_pool,0.25,397,194,123,100,property_only_vs_baseline,property_only,baseline,7.8639455782313,6.39345168961894,7.8639455782313
2,priority_fixed_quota,0.25,397,194,123,100,property_only_vs_baseline,property_only,baseline,6.91827458256034,5.62461348175637,6.91827458256034
2,all_eligible,0.5,1063,518,258,532,property_only_vs_baseline,property_only,baseline,0.829291190736964,1.71001129252739,4.41182913472065
2,priority_pool,0.5,397,194,123,199,property_only_vs_baseline,property_only,baseline,4.45781784618828,7.21224188123145,8.87105751391468
2,priority_fixed_quota,0.5,397,194,123,199,property_only_vs_baseline,property_only,baseline,5.00911149152357,8.10417225051374,9.96813186813189
3,all_eligible,0.1,1227,518,253,123,property_only_vs_baseline,property_only,baseline,2.52198440351751,1.22610308945713,3.10204081632654
3,priority_pool,0.1,496,204,146,50,property_only_vs_baseline,property_only,baseline,0.89029535864979,0.304895670770475,0.445147679324894
3,priority_fixed_quota,0.1,496,204,146,51,property_only_vs_baseline,property_only,baseline,8.6902744220051,3.03564380494699,4.4320399552226
3,all_eligible,0.25,1227,518,253,307,property_only_vs_baseline,property_only,baseline,-2.16712092002923,-2.62966846817776,-6.65306122448975
3,priority_pool,0.25,496,204,146,124,property_only_vs_baseline,property_only,baseline,2.28357472021068,1.93947441990496,2.83163265306124
3,priority_fixed_quota,0.25,496,204,146,125,property_only_vs_baseline,property_only,baseline,8.87920916214586,7.6020626388235,11.0990114526823
3,all_eligible,0.5,1227,518,253,614,property_only_vs_baseline,property_only,baseline,-0.885469317458526,-2.14892553723135,-5.43678160919532
3,priority_pool,0.5,496,204,146,248,property_only_vs_baseline,property_only,baseline,-0.685072416063243,-1.16368465194305,-1.69897959183685
3,priority_fixed_quota,0.5,496,204,146,249,property_only_vs_baseline,property_only,baseline,1.60423675341722,2.73599281918416,3.99454951600887
4,all_eligible,0.1,1316,518,396,132,property_only_vs_baseline,property_only,baseline,10.4577352472089,3.48591174906963,13.8042105263157
4,priority_pool,0.1,622,180,246,63,property_only_vs_baseline,property_only,baseline,19.8095238095239,5.07317073170733,12.48
4,priority_fixed_quota,0.1,622,180,246,64,property_only_vs_baseline,property_only,baseline,11.2358444779982,2.92314653086132,7.19094046591885
4,all_eligible,0.25,1316,518,396,329,property_only_vs_baseline,property_only,baseline,9.31306990881456,7.73737373737372,30.6399999999999
4,priority_pool,0.25,622,180,246,156,property_only_vs_baseline,property_only,baseline,19.2388663967611,12.2002567394094,30.0126315789472
4,priority_fixed_quota,0.25,622,180,246,157,property_only_vs_baseline,property_only,baseline,17.4361859191852,11.1279723142767,27.3748118931208
4,all_eligible,0.5,1316,518,396,658,property_only_vs_baseline,property_only,baseline,7.24119435008051,12.0320855614974,47.6470588235297
4,priority_pool,0.5,622,180,246,311,property_only_vs_baseline,property_only,baseline,8.75681164325602,11.0706033376123,27.2336842105262
4,priority_fixed_quota,0.5,622,180,246,312,property_only_vs_baseline,property_only,baseline,11.2404408457041,14.2561688774783,35.0701754385966
5,all_eligible,0.1,1052,518,253,106,property_only_vs_baseline,property_only,baseline,-8.90280640558107,-3.73002956123159,-9.43697478991593
5,priority_pool,0.1,436,192,151,44,property_only_vs_baseline,property_only,baseline,-11.8983957219251,-3.46708219711725,-5.23529411764705
5,priority_fixed_quota,0.1,436,192,151,45,property_only_vs_baseline,property_only,baseline,-9.45282386458848,-2.81706671461246,-4.25377073906482
5,all_eligible,0.25,1052,518,253,263,property_only_vs_baseline,property_only,baseline,4.9094162379781,5.10346431062546,12.9117647058824
5,priority_pool,0.25,436,192,151,109,property_only_vs_baseline,property_only,baseline,-3.91257420399355,-2.82430853135958,-4.26470588235297
5,priority_fixed_quota,0.25,436,192,151,110,property_only_vs_baseline,property_only,baseline,-7.68701886348951,-5.59981506611818,-8.45572074983846
5,all_eligible,0.5,1052,518,253,526,property_only_vs_baseline,property_only,baseline,-2.01520912547529,-4.18972332015811,-10.6
5,priority_pool,0.5,436,192,151,218,property_only_vs_baseline,property_only,baseline,8.74797625472204,12.6295286326451,19.0705882352941
5,priority_fixed_quota,0.5,436,192,151,218,property_only_vs_baseline,property_only,baseline,6.92660550458715,9.99999999999999,15.1
6,all_eligible,0.1,1110,518,317,111,property_only_vs_baseline,property_only,baseline,-1.43897499805277,-0.503868216983777,-1.59726224783857
6,priority_pool,0.1,453,176,173,46,property_only_vs_baseline,property_only,baseline,-0.392512077294699,-0.104367373153504,-0.180555555555561
6,priority_fixed_quota,0.1,453,176,173,47,property_only_vs_baseline,property_only,baseline,0.334431808572716,0.0908571965486576,0.157182950029178
6,all_eligible,0.25,1110,518,317,278,property_only_vs_baseline,property_only,baseline,-0.237624938037601,-0.208390324209629,-0.660597327744526
6,priority_pool,0.25,453,176,173,114,property_only_vs_baseline,property_only,baseline,-1.92217756206089,-1.2666372374274,-2.19128242074941
6,priority_fixed_quota,0.25,453,176,173,114,property_only_vs_baseline,property_only,baseline,2.00620214717173,1.32200603917675,2.28707044777578
6,all_eligible,0.5,1110,518,317,555,property_only_vs_baseline,property_only,baseline,-0.852241674159521,-1.49209504466414,-4.72994129158533
6,priority_pool,0.5,453,176,173,227,property_only_vs_baseline,property_only,baseline,0.350250592096985,0.459577366508757,0.795068844060154
6,priority_fixed_quota,0.5,453,176,173,227,property_only_vs_baseline,property_only,baseline,2.08310491321586,2.73332263179191,4.72864815300001
7,all_eligible,0.1,1288,518,343,129,property_only_vs_baseline,property_only,baseline,-4.37331041767377,-1.64477272268197,-5.64157043879916
7,priority_pool,0.1,557,202,180,56,property_only_vs_baseline,property_only,baseline,-6.85714285714285,-2.13333333333333,-3.84
7,priority_fixed_quota,0.1,557,202,180,57,property_only_vs_baseline,property_only,baseline,5.31886876544703,1.68430844239156,3.0317551963048
7,all_eligible,0.25,1288,518,343,322,property_only_vs_baseline,property_only,baseline,0.155125811746515,0.145628313068158,0.499505113823787
7,priority_pool,0.25,557,202,180,140,property_only_vs_baseline,property_only,baseline,-3.19366545694497,-2.48396202206831,-4.47113163972296
7,priority_fixed_quota,0.25,557,202,180,140,property_only_vs_baseline,property_only,baseline,0.380594963158548,0.296018304678869,0.532832948421962
7,all_eligible,0.5,1288,518,343,644,property_only_vs_baseline,property_only,baseline,0.857270808009741,1.60956968034482,5.52082400358273
7,priority_pool,0.5,557,202,180,279,property_only_vs_baseline,property_only,baseline,-1.54419859776341,-2.39350782653328,-4.30831408775991
7,priority_fixed_quota,0.5,557,202,180,279,property_only_vs_baseline,property_only,baseline,-1.19941409891502,-1.85909185331828,-3.34636533597292
8,all_eligible,0.1,1220,518,323,122,property_only_vs_baseline,property_only,baseline,8.38301043219075,3.16633830565718,10.2272727272727
8,priority_pool,0.1,549,196,200,55,property_only_vs_baseline,property_only,baseline,15.6611570247934,4.30681818181819,8.61363636363638
8,priority_fixed_quota,0.1,549,196,200,57,property_only_vs_baseline,property_only,baseline,-4.20141262246528,-1.1974025974026,-2.39480519480521
8,all_eligible,0.25,1220,518,323,305,property_only_vs_baseline,property_only,baseline,1.51756440281036,1.43299425033177,4.6285714285716
8,priority_pool,0.25,549,196,200,138,property_only_vs_baseline,property_only,baseline,7.64163372859022,5.27272727272725,10.5454545454545
8,priority_fixed_quota,0.25,549,196,200,138,property_only_vs_baseline,property_only,baseline,2.76915113871624,1.9107142857142,3.82142857142841
8,all_eligible,0.5,1220,518,323,610,property_only_vs_baseline,property_only,baseline,-0.790814760238201,-1.49348917568205,-4.82397003745302
8,priority_pool,0.5,549,196,200,275,property_only_vs_baseline,property_only,baseline,2.41688311688302,3.32321428571416,6.64642857142832
8,priority_fixed_quota,0.5,549,196,200,275,property_only_vs_baseline,property_only,baseline,4.06724184905989,5.59245754245735,11.1849150849147
9,all_eligible,0.1,1172,518,251,118,property_only_vs_baseline,property_only,baseline,7.65880241997342,3.60055253209906,9.03738685556863
9,priority_pool,0.1,476,201,126,48,property_only_vs_baseline,property_only,baseline,-3.03607723577236,-1.1566008517228,-1.45731707317073
9,priority_fixed_quota,0.1,476,201,126,50,property_only_vs_baseline,property_only,baseline,6.22990183647503,2.47218326844248,3.11495091823752
9,all_eligible,0.25,1172,518,251,293,property_only_vs_baseline,property_only,baseline,4.0673567822187,4.74795034737083,11.9173553719008
9,priority_pool,0.25,476,201,126,119,property_only_vs_baseline,property_only,baseline,7.60072624090961,7.17846367197019,9.04486422668244
9,priority_fixed_quota,0.25,476,201,126,120,property_only_vs_baseline,property_only,baseline,7.51284976537099,7.15509501463903,9.01541971844519
9,all_eligible,0.5,1172,518,251,586,property_only_vs_baseline,property_only,baseline,1.42242941685234,3.32089098914532,8.33543638275475
9,priority_pool,0.5,476,201,126,238,property_only_vs_baseline,property_only,baseline,4.95454380099144,9.35858273520605,11.7918142463596
9,priority_fixed_quota,0.5,476,201,126,239,property_only_vs_baseline,property_only,baseline,3.11585901593137,5.91024051434601,7.44690304807597
10,all_eligible,0.1,1254,518,331,126,property_only_vs_baseline,property_only,baseline,-1.32275132275132,-0.50352467270896,-1.66666666666666
10,priority_pool,0.1,582,187,212,59,property_only_vs_baseline,property_only,baseline,-11.398155003702,-3.17212804348311,-6.7249114521842
10,priority_fixed_quota,0.1,582,187,212,60,property_only_vs_baseline,property_only,baseline,-7.05708317087772,-1.99728768987105,-4.23424990252663
10,all_eligible,0.25,1254,518,331,314,property_only_vs_baseline,property_only,baseline,6.54280731903505,6.20677189781573,20.54441498177
10,priority_pool,0.25,582,187,212,146,property_only_vs_baseline,property_only,baseline,4.22374429223743,2.90880503144653,6.16666666666665
10,priority_fixed_quota,0.25,582,187,212,147,property_only_vs_baseline,property_only,baseline,4.14508510208638,2.87418636795612,6.09327510006698
10,all_eligible,0.5,1254,518,331,627,property_only_vs_baseline,property_only,baseline,-1.0913137660977,-2.067231816747,-6.84253731343256
10,priority_pool,0.5,582,187,212,291,property_only_vs_baseline,property_only,baseline,8.39408870922723,11.5220745961562,24.4267981438512
10,priority_fixed_quota,0.5,582,187,212,292,property_only_vs_baseline,property_only,baseline,10.6661248851454,14.6910776719927,31.1450846646246
11,all_eligible,0.1,1165,518,273,117,property_only_vs_baseline,property_only,baseline,5.5330634278002,2.37131289762866,6.47368421052624
11,priority_pool,0.1,506,187,139,51,property_only_vs_baseline,property_only,baseline,4.74850809889175,1.74225836721927,2.42173913043479
11,priority_fixed_quota,0.1,506,187,139,52,property_only_vs_baseline,property_only,baseline,14.0679457841929,5.26282863869087,7.31533180778031
11,all_eligible,0.25,1165,518,273,292,property_only_vs_baseline,property_only,baseline,2.86109108387408,3.06021463916202,8.35438596491231
11,priority_pool,0.25,506,187,139,127,property_only_vs_baseline,property_only,baseline,4.7575631993369,4.34683831881861,6.04210526315787
11,priority_fixed_quota,0.25,506,187,139,128,property_only_vs_baseline,property_only,baseline,12.9781655225019,11.9511164523758,16.6120518688024
11,all_eligible,0.5,1165,518,273,583,property_only_vs_baseline,property_only,baseline,0.0793897500005525,0.169539282968201,0.4628422425032
11,priority_pool,0.5,506,187,139,253,property_only_vs_baseline,property_only,baseline,4.61826503016432,8.40590685346455,11.6842105263157
11,priority_fixed_quota,0.5,506,187,139,254,property_only_vs_baseline,property_only,baseline,3.26270143005584,5.96205872830348,8.28726163234182
12,all_eligible,0.1,1063,518,332,107,property_only_vs_baseline,property_only,baseline,-4.0373831775701,-1.30120481927711,-4.32
12,priority_pool,0.1,447,186,180,45,property_only_vs_baseline,property_only,baseline,-6.70233636525769,-1.67558409131442,-3.01605136436596
12,priority_fixed_quota,0.1,447,186,180,46,property_only_vs_baseline,property_only,baseline,-2.05575433763014,-0.525359441838813,-0.945646995309865
12,all_eligible,0.25,1063,518,332,266,property_only_vs_baseline,property_only,baseline,-3.97212464881629,-3.182485411401,-10.5658515658513
12,priority_pool,0.25,447,186,180,112,property_only_vs_baseline,property_only,baseline,-2.60714285714287,-1.62222222222223,-2.92000000000002
12,priority_fixed_quota,0.25,447,186,180,114,property_only_vs_baseline,property_only,baseline,-0.138937281456536,-0.0879936115891378,-0.158388500860454
12,all_eligible,0.5,1063,518,332,532,property_only_vs_baseline,property_only,baseline,0.0091692646249697,0.0146929180135036,0.0487804878048337
12,priority_pool,0.5,447,186,180,224,property_only_vs_baseline,property_only,baseline,-1.80874151462387,-2.2508783293097,-4.05158099275747
12,priority_fixed_quota,0.5,447,186,180,225,property_only_vs_baseline,property_only,baseline,-0.807423753341446,-1.00927969167681,-1.81670344501825
13,all_eligible,0.1,1234,518,254,124,property_only_vs_baseline,property_only,baseline,4.01938915579957,1.96222147763443,4.98404255319146
13,priority_pool,0.1,503,183,114,51,property_only_vs_baseline,property_only,baseline,2.69850514463213,1.20722598575648,1.37623762376238
13,priority_fixed_quota,0.1,503,183,114,52,property_only_vs_baseline,property_only,baseline,11.889041101013,5.42307137940944,6.18230137252677
13,all_eligible,0.25,1234,518,254,309,property_only_vs_baseline,property_only,baseline,2.48897393245559,3.02792498082196,7.69092945128779
13,priority_pool,0.25,503,183,114,126,property_only_vs_baseline,property_only,baseline,4.40307328605198,4.86655468458376,5.54787234042549
13,priority_fixed_quota,0.25,503,183,114,127,property_only_vs_baseline,property_only,baseline,9.59034728427415,10.6839833780949,12.1797410510282
13,all_eligible,0.5,1234,518,254,617,property_only_vs_baseline,property_only,baseline,0.2341076895372,0.568678915135634,1.44444444444451
13,priority_pool,0.5,503,183,114,252,property_only_vs_baseline,property_only,baseline,4.29331306990877,9.49048152295623,10.8191489361701
13,priority_fixed_quota,0.5,503,183,114,252,property_only_vs_baseline,property_only,baseline,3.13411775960204,6.92804978438345,7.89797675419713
14,all_eligible,0.1,1081,518,196,109,property_only_vs_baseline,property_only,baseline,5.32946496249248,2.96383510669224,5.8091168091168
14,priority_pool,0.1,471,172,95,48,property_only_vs_baseline,property_only,baseline,4.56989247311829,2.30899830220714,2.19354838709678
14,priority_fixed_quota,0.1,471,172,95,49,property_only_vs_baseline,property_only,baseline,18.5935416350163,9.59035305385053,9.110835401158
14,all_eligible,0.25,1081,518,196,271,property_only_vs_baseline,property_only,baseline,3.28465848761048,4.54154311297164,8.90142450142442
14,priority_pool,0.25,471,172,95,118,property_only_vs_baseline,property_only,baseline,4.48048498895956,5.56523398628661,5.28697228697228
14,priority_fixed_quota,0.25,471,172,95,119,property_only_vs_baseline,property_only,baseline,9.17641387958546,11.4946658070597,10.9199325167067
14,all_eligible,0.5,1081,518,196,541,property_only_vs_baseline,property_only,baseline,0.79071677962623,2.18253968253975,4.27777777777791
14,priority_pool,0.5,471,172,95,236,property_only_vs_baseline,property_only,baseline,2.51822878941525,6.25581046633684,5.94301994302
14,priority_fixed_quota,0.5,471,172,95,237,property_only_vs_baseline,property_only,baseline,3.58102246900394,8.9337086858309,8.48702325153935
15,all_eligible,0.1,1154,518,255,116,property_only_vs_baseline,property_only,baseline,9.74160737091772,4.43147629422139,11.3002645502646
15,priority_pool,0.1,482,197,150,49,property_only_vs_baseline,property_only,baseline,17.286470143613,5.64691358024691,8.47037037037036
15,priority_fixed_quota,0.1,482,197,150,49,property_only_vs_baseline,property_only,baseline,15.647608249649,5.11155202821867,7.66732804232801
15,all_eligible,0.25,1154,518,255,289,property_only_vs_baseline,property_only,baseline,3.98985738086081,4.52183836497558,11.5306878306877
15,priority_pool,0.25,482,197,150,121,property_only_vs_baseline,property_only,baseline,10.0988237351874,8.14638447971782,12.2195767195767
15,priority_fixed_quota,0.25,482,197,150,121,property_only_vs_baseline,property_only,baseline,8.19121955485595,6.60758377425046,9.91137566137569
15,all_eligible,0.5,1154,518,255,577,property_only_vs_baseline,property_only,baseline,1.07810471518924,2.43947615946741,6.22066420664191
15,priority_pool,0.5,482,197,150,241,property_only_vs_baseline,property_only,baseline,7.38215987178641,11.8606701940035,17.7910052910052
15,priority_fixed_quota,0.5,482,197,150,241,property_only_vs_baseline,property_only,baseline,4.59395376407825,7.38095238095238,11.0714285714286
16,all_eligible,0.1,1195,518,251,120,property_only_vs_baseline,property_only,baseline,7.79228855721399,3.72539691978358,9.35074626865679
16,priority_pool,0.1,535,196,133,54,property_only_vs_baseline,property_only,baseline,10.6964106964107,4.3429035910239,5.77606177606178
16,priority_fixed_quota,0.1,535,196,133,56,property_only_vs_baseline,property_only,baseline,19.4156346208585,8.17500405088778,10.8727553876808
16,all_eligible,0.25,1195,518,251,299,property_only_vs_baseline,property_only,baseline,2.18496623428484,2.60280838267397,6.53304904051166
16,priority_pool,0.25,535,196,133,134,property_only_vs_baseline,property_only,baseline,7.46825573624414,7.52440803501289,10.0074626865671
16,priority_fixed_quota,0.25,535,196,133,135,property_only_vs_baseline,property_only,baseline,9.27734337684591,9.416852299806,12.524413558742
16,all_eligible,0.5,1195,518,251,598,property_only_vs_baseline,property_only,baseline,-1.58801245757765,-3.78339222960732,-9.49631449631437
16,priority_pool,0.5,535,196,133,268,property_only_vs_baseline,property_only,baseline,3.36099353976387,6.77252833576482,9.00746268656719
16,priority_fixed_quota,0.5,535,196,133,268,property_only_vs_baseline,property_only,baseline,3.69523041164833,7.44602819790792,9.90321750321753
17,all_eligible,0.1,1000,518,295,100,property_only_vs_baseline,property_only,baseline,2.58671096345514,0.876851174052588,2.58671096345514
17,priority_pool,0.1,392,189,145,40,property_only_vs_baseline,property_only,baseline,-5.29411764705882,-1.4604462474645,-2.11764705882353
17,priority_fixed_quota,0.1,392,189,145,41,property_only_vs_baseline,property_only,baseline,5.32047093418744,1.50440902277024,2.18139308301685
17,all_eligible,0.25,1000,518,295,250,property_only_vs_baseline,property_only,baseline,-0.730232558139576,-0.618841150965743,-1.82558139534893
17,priority_pool,0.25,392,189,145,98,property_only_vs_baseline,property_only,baseline,2.38524645738699,1.61209760568224,2.33754152823925
17,priority_fixed_quota,0.25,392,189,145,99,property_only_vs_baseline,property_only,baseline,5.43584042067363,3.71136690790821,5.3814820164669
17,all_eligible,0.5,1000,518,295,500,property_only_vs_baseline,property_only,baseline,1.9473684210526,3.30062444246203,9.73684210526301
17,priority_pool,0.5,392,189,145,196,property_only_vs_baseline,property_only,baseline,-1.41196013289043,-1.9085805934243,-2.76744186046524
17,priority_fixed_quota,0.5,392,189,145,197,property_only_vs_baseline,property_only,baseline,-1.48885749040751,-2.02279259041572,-2.93304925610279
18,all_eligible,0.1,1042,518,284,105,property_only_vs_baseline,property_only,baseline,2.90360046457614,1.07351425626935,3.04878048780495
18,priority_pool,0.1,448,184,174,45,property_only_vs_baseline,property_only,baseline,-8.41515934539195,-2.17633431346344,-3.78682170542638
18,priority_fixed_quota,0.1,448,184,174,46,property_only_vs_baseline,property_only,baseline,2.91315904891628,0.770145495690511,1.34005316250149
18,all_eligible,0.25,1042,518,284,261,property_only_vs_baseline,property_only,baseline,-2.45187365666754,-2.25330642390926,-6.39939024390229
18,priority_pool,0.25,448,184,174,112,property_only_vs_baseline,property_only,baseline,5.34625435540074,3.44126717129243,5.98780487804883
18,priority_fixed_quota,0.25,448,184,174,113,property_only_vs_baseline,property_only,baseline,12.1146009340143,7.86752819277941,13.6894990554362
18,all_eligible,0.5,1042,518,284,521,property_only_vs_baseline,property_only,baseline,1.31699394655248,2.41603466955579,6.86153846153843
18,priority_pool,0.5,448,184,174,224,property_only_vs_baseline,property_only,baseline,0.11705139372819,0.150686851696047,0.262195121951137
18,priority_fixed_quota,0.5,448,184,174,224,property_only_vs_baseline,property_only,baseline,2.75297619047619,3.544061302682,6.16666666666667
19,all_eligible,0.1,1270,518,242,127,property_only_vs_baseline,property_only,baseline,12.4174403572688,6.51659060071547,15.7701492537314
19,priority_pool,0.1,513,194,130,52,property_only_vs_baseline,property_only,baseline,12.4660633484163,4.98642533936652,6.48235294117648
19,priority_fixed_quota,0.1,513,194,130,53,property_only_vs_baseline,property_only,baseline,19.8913950693897,8.10956875905887,10.5424393867765
19,all_eligible,0.25,1270,518,242,318,property_only_vs_baseline,property_only,baseline,4.59377640101377,6.03644998149743,14.6082089552238
19,priority_pool,0.25,513,194,130,129,property_only_vs_baseline,property_only,baseline,13.3386225021074,13.2360177136297,17.2068230277186
19,priority_fixed_quota,0.25,513,194,130,130,property_only_vs_baseline,property_only,baseline,18.1378268520161,18.1378268520161,23.579174907621
19,all_eligible,0.5,1270,518,242,635,property_only_vs_baseline,property_only,baseline,-0.544901212501836,-1.42980276834159,-3.46012269938666
19,priority_pool,0.5,513,194,130,257,property_only_vs_baseline,property_only,baseline,7.85918303776482,15.5370003131197,20.1981004070556
19,priority_fixed_quota,0.5,513,194,130,257,property_only_vs_baseline,property_only,baseline,9.02911005222745,17.8498560263266,23.2048128342245
20,all_eligible,0.1,1358,518,358,136,property_only_vs_baseline,property_only,baseline,8.43023255813953,3.20254644666753,11.4651162790698
20,priority_pool,0.1,591,188,195,60,property_only_vs_baseline,property_only,baseline,10.9302325581395,3.36314847942754,6.5581395348837
20,priority_fixed_quota,0.1,591,188,195,60,property_only_vs_baseline,property_only,baseline,8.49007314524558,2.6123301985371,5.09404388714735
20,all_eligible,0.25,1358,518,358,340,property_only_vs_baseline,property_only,baseline,-2.79525763793894,-2.65471395781911,-9.50387596899239
20,priority_pool,0.25,591,188,195,148,property_only_vs_baseline,property_only,baseline,5.77579240369935,4.38367833716669,8.54817275747504
20,priority_fixed_quota,0.25,591,188,195,149,property_only_vs_baseline,property_only,baseline,9.53246884885496,7.2837838896379,14.2033785847939
20,all_eligible,0.5,1358,518,358,679,property_only_vs_baseline,property_only,baseline,-4.24949975603315,-8.05980540320255,-28.8541033434651
20,priority_pool,0.5,591,188,195,296,property_only_vs_baseline,property_only,baseline,-2.80850618059923,-4.26316835619165,-8.31317829457372
20,priority_fixed_quota,0.5,591,188,195,296,property_only_vs_baseline,property_only,baseline,-1.63611887749819,-2.48354455251007,-4.84291187739464
21,all_eligible,0.1,1114,518,292,112,property_only_vs_baseline,property_only,baseline,0.512459807073967,0.196559926000975,0.573954983922846
21,priority_pool,0.1,401,173,141,41,property_only_vs_baseline,property_only,baseline,1.57598499061914,0.458265139116207,0.646153846153851
21,priority_fixed_quota,0.1,401,173,141,42,property_only_vs_baseline,property_only,baseline,-0.672803081163287,-0.200409428431617,-0.282577294088579
21,all_eligible,0.25,1114,518,292,279,property_only_vs_baseline,property_only,baseline,3.79897582469936,3.62984333935316,10.5991425509112
21,priority_pool,0.25,401,173,141,101,property_only_vs_baseline,property_only,baseline,-1.94517844067373,-1.39335476956061,-1.96463022508046
21,priority_fixed_quota,0.25,401,173,141,102,property_only_vs_baseline,property_only,baseline,1.97746311771774,1.43050523409368,2.01701238007209
21,all_eligible,0.5,1114,518,292,557,property_only_vs_baseline,property_only,baseline,-1.44566713296218,-2.75765956527374,-8.05236593059934
21,priority_pool,0.5,401,173,141,201,property_only_vs_baseline,property_only,baseline,7.41169554158465,10.5656085380036,14.8975080385851
21,priority_fixed_quota,0.5,401,173,141,202,property_only_vs_baseline,property_only,baseline,9.03326160325298,12.9412683961497,18.247188438571
22,all_eligible,0.1,1226,518,307,123,property_only_vs_baseline,property_only,baseline,-0.240631716661927,-0.0964094499981,-0.295977011494166
22,priority_pool,0.1,568,176,179,57,property_only_vs_baseline,property_only,baseline,-10.4368063014679,-3.3234522859423,-5.94897959183672
22,priority_fixed_quota,0.1,568,176,179,58,property_only_vs_baseline,property_only,baseline,3.01600783000473,0.977253933744547,1.74928454140274
22,all_eligible,0.25,1226,518,307,307,property_only_vs_baseline,property_only,baseline,1.21681830094718,1.21681830094718,3.73563218390784
22,priority_pool,0.25,568,176,179,142,property_only_vs_baseline,property_only,baseline,1.99935243645789,1.58607846914536,2.8390804597702
22,priority_fixed_quota,0.25,568,176,179,143,property_only_vs_baseline,property_only,baseline,0.432769201242145,0.345731819986744,0.618859957776273
22,all_eligible,0.5,1226,518,307,613,property_only_vs_baseline,property_only,baseline,1.14192495921699,2.28013029315965,7.00000000000017
22,priority_pool,0.5,568,176,179,284,property_only_vs_baseline,property_only,baseline,3.56969402622638,5.66364862261615,10.1379310344829
22,priority_fixed_quota,0.5,568,176,179,285,property_only_vs_baseline,property_only,baseline,3.37210843199956,5.36899945877024,9.61050903119875
23,all_eligible,0.1,1106,518,312,111,property_only_vs_baseline,property_only,baseline,-10.2981855094531,-3.66377753701696,-11.4309859154929
23,priority_pool,0.1,467,183,166,47,property_only_vs_baseline,property_only,baseline,-11.4925854287557,-3.25392479006938,-5.40151515151516
23,priority_fixed_quota,0.1,467,183,166,48,property_only_vs_baseline,property_only,baseline,-0.155516431924907,-0.0449686068216604,-0.0746478873239553
23,all_eligible,0.25,1106,518,312,277,property_only_vs_baseline,property_only,baseline,-3.95815325163979,-3.51412964969302,-10.9640845070422
23,priority_pool,0.25,467,183,166,117,property_only_vs_baseline,property_only,baseline,-4.03996629348745,-2.84744612251826,-4.72676056338032
23,priority_fixed_quota,0.25,467,183,166,117,property_only_vs_baseline,property_only,baseline,-1.80777924909372,-1.27415766351787,-2.11510172143966
23,all_eligible,0.5,1106,518,312,553,property_only_vs_baseline,property_only,baseline,-0.756057047940884,-1.34006265227984,-4.18099547511309
23,priority_pool,0.5,467,183,166,234,property_only_vs_baseline,property_only,baseline,-1.98477187913803,-2.79781096215843,-4.64436619718299
23,priority_fixed_quota,0.5,467,183,166,234,property_only_vs_baseline,property_only,baseline,-3.77833955298736,-5.32609310481351,-8.84131455399042
24,all_eligible,0.1,1161,518,369,117,property_only_vs_baseline,property_only,baseline,-11.9708519708521,-3.79563599075798,-14.0058968058969
24,priority_pool,0.1,552,180,232,56,property_only_vs_baseline,property_only,baseline,-6.84663162924037,-1.65263522085112,-3.83411371237461
24,priority_fixed_quota,0.1,552,180,232,56,property_only_vs_baseline,property_only,baseline,1.34290210377176,0.324148783669047,0.752025178112188
24,all_eligible,0.25,1161,518,369,291,property_only_vs_baseline,property_only,baseline,-1.57580260673053,-1.24270612075497,-4.58558558558585
24,priority_pool,0.25,552,180,232,138,property_only_vs_baseline,property_only,baseline,0.772115989507355,0.459275890310407,1.06552006552015
24,priority_fixed_quota,0.25,552,180,232,139,property_only_vs_baseline,property_only,baseline,-0.583287120665804,-0.349469438674771,-0.810769097725469
24,all_eligible,0.5,1161,518,369,581,property_only_vs_baseline,property_only,baseline,-0.615095555814615,-0.968483788423546,-3.57370517928291
24,priority_pool,0.5,552,180,232,276,property_only_vs_baseline,property_only,baseline,2.77066893323992,3.29614062747508,7.64704625574218
24,priority_fixed_quota,0.5,552,180,232,277,property_only_vs_baseline,property_only,baseline,1.12224367678781,1.33992025202683,3.10861498470224
25,all_eligible,0.1,1231,518,316,124,property_only_vs_baseline,property_only,baseline,-4.21159029649595,-1.65264935685284,-5.22237196765499
25,priority_pool,0.1,485,182,159,49,property_only_vs_baseline,property_only,baseline,-0.859616573902283,-0.264913283781207,-0.421212121212118
25,priority_fixed_quota,0.1,485,182,159,50,property_only_vs_baseline,property_only,baseline,6.32520215633421,1.98905728186611,3.16260107816711
25,all_eligible,0.25,1231,518,316,308,property_only_vs_baseline,property_only,baseline,-0.892638358945597,-0.870039919478621,-2.74932614555244
25,priority_pool,0.25,485,182,159,122,property_only_vs_baseline,property_only,baseline,-1.12898236931641,-0.866263201613848,-1.37735849056602
25,priority_fixed_quota,0.25,485,182,159,122,property_only_vs_baseline,property_only,baseline,2.65395548878382,2.03636836246305,3.23782569631626
25,all_eligible,0.5,1231,518,316,616,property_only_vs_baseline,property_only,baseline,-0.12987012987018,-0.253164556962116,-0.800000000000296
25,priority_pool,0.5,485,182,159,243,property_only_vs_baseline,property_only,baseline,0.00907548077357379,0.013870074389799,0.022053418279782
25,priority_fixed_quota,0.5,485,182,159,243,property_only_vs_baseline,property_only,baseline,-0.815313313771821,-1.24604487576448,-1.98121135246552
26,all_eligible,0.1,1179,518,322,118,property_only_vs_baseline,property_only,baseline,4.78362625404349,1.75300589433892,5.64467897977132
26,priority_pool,0.1,524,192,173,53,property_only_vs_baseline,property_only,baseline,-7.19986642177325,-2.20573942401146,-3.81592920353982
26,priority_fixed_quota,0.1,524,192,173,54,property_only_vs_baseline,property_only,baseline,3.45570263019152,1.07865862445285,1.86607942030342
26,all_eligible,0.25,1179,518,322,295,property_only_vs_baseline,property_only,baseline,-1.5384566240968,-1.4094556028216,-4.53844704108555
26,priority_pool,0.25,524,192,173,131,property_only_vs_baseline,property_only,baseline,5.28308727265401,4.00048805039118,6.92084432717675
26,priority_fixed_quota,0.25,524,192,173,132,property_only_vs_baseline,property_only,baseline,-0.83041315707566,-0.633610038924778,-1.09614536733987
26,all_eligible,0.5,1179,518,322,590,property_only_vs_baseline,property_only,baseline,1.45086144351884,2.65841071949104,8.56008251676116
26,priority_pool,0.5,524,192,173,262,property_only_vs_baseline,property_only,baseline,0.0467727894263137,0.0708350915011202,0.122544708296942
26,priority_fixed_quota,0.5,524,192,173,263,property_only_vs_baseline,property_only,baseline,-1.27803524410403,-1.94290907051652,-3.36123269199358
27,all_eligible,0.1,1227,518,263,123,property_only_vs_baseline,property_only,baseline,6.45257550092594,3.01774443579426,7.93666786613891
27,priority_pool,0.1,528,197,134,53,property_only_vs_baseline,property_only,baseline,11.357391463638,4.49210259382699,6.01941747572816
27,priority_fixed_quota,0.1,528,197,134,54,property_only_vs_baseline,property_only,baseline,18.3492364761878,7.39446843070256,9.90858769714143
27,all_eligible,0.25,1227,518,263,307,property_only_vs_baseline,property_only,baseline,1.78979530139289,2.08922873584645,5.49467157527617
27,priority_pool,0.25,528,197,134,132,property_only_vs_baseline,property_only,baseline,6.59709727719802,6.49863313873237,8.70816840590138
27,priority_fixed_quota,0.25,528,197,134,133,property_only_vs_baseline,property_only,baseline,9.80909728283685,9.73589506430822,13.046099386173
27,all_eligible,0.5,1227,518,263,614,property_only_vs_baseline,property_only,baseline,0.54182367843989,1.26494197171898,3.32679738562092
27,priority_pool,0.5,528,197,134,264,property_only_vs_baseline,property_only,baseline,3.87448403821202,7.63331183647742,10.2286378608797
27,priority_fixed_quota,0.5,528,197,134,265,property_only_vs_baseline,property_only,baseline,4.14110822928698,8.18950508030635,10.9739368076105
28,all_eligible,0.1,1117,518,290,112,property_only_vs_baseline,property_only,baseline,16.7709867452136,6.47707074297904,18.7835051546392
28,priority_pool,0.1,511,197,180,52,property_only_vs_baseline,property_only,baseline,19.5182394924663,5.63860252004583,10.1494845360825
28,priority_fixed_quota,0.1,511,197,180,52,property_only_vs_baseline,property_only,baseline,19.635765866436,5.67255458363707,10.2105982505467
28,all_eligible,0.25,1117,518,290,280,property_only_vs_baseline,property_only,baseline,5.07455817378495,4.89957340917169,14.2087628865979
28,priority_pool,0.25,511,197,180,128,property_only_vs_baseline,property_only,baseline,20.3796176975946,14.4921725849561,26.085910652921
28,priority_fixed_quota,0.25,511,197,180,128,property_only_vs_baseline,property_only,baseline,12.0608428030303,8.57659932659933,15.4378787878788
28,all_eligible,0.5,1117,518,290,559,property_only_vs_baseline,property_only,baseline,-1.53212444467916,-2.95330194681259,-8.56457564575652
28,priority_pool,0.5,511,197,180,256,property_only_vs_baseline,property_only,baseline,6.94074708355947,9.87128474106236,17.7683125339122
28,priority_fixed_quota,0.5,511,197,180,256,property_only_vs_baseline,property_only,baseline,9.29665694776714,13.2219121034911,23.7994417862839
29,all_eligible,0.1,1156,518,226,116,property_only_vs_baseline,property_only,baseline,1.00537966310963,0.516035579295211,1.16624040920718
29,priority_pool,0.1,518,180,122,52,property_only_vs_baseline,property_only,baseline,1.75101214574899,0.746333045729076,0.910526315789474
29,priority_fixed_quota,0.1,518,180,122,54,property_only_vs_baseline,property_only,baseline,4.31503625265679,1.90993407904481,2.33011957643467
29,all_eligible,0.25,1156,518,226,289,property_only_vs_baseline,property_only,baseline,0.551996035363175,0.705871036371497,1.59526854219958
29,priority_pool,0.25,518,180,122,130,property_only_vs_baseline,property_only,baseline,2.26441078103479,2.41289673388952,2.94373401534522
29,priority_fixed_quota,0.25,518,180,122,130,property_only_vs_baseline,property_only,baseline,4.43406297565668,4.72482120356859,5.76428186835368
29,all_eligible,0.5,1156,518,226,578,property_only_vs_baseline,property_only,baseline,0.311745119801557,0.797295040908397,1.80188679245299
29,priority_pool,0.5,518,180,122,259,property_only_vs_baseline,property_only,baseline,0.354172221179919,0.751890207259004,0.917306052855992
29,priority_fixed_quota,0.5,518,180,122,260,property_only_vs_baseline,property_only,baseline,1.44763763629017,3.08512938881511,3.76385785435443
30,all_eligible,0.1,1100,518,287,110,property_only_vs_baseline,property_only,baseline,-1.9874246790674,-0.761730713231405,-2.18616714697414
30,priority_pool,0.1,483,187,177,49,property_only_vs_baseline,property_only,baseline,-7.62029582475194,-2.10957342041155,-3.73394495412845
30,priority_fixed_quota,0.1,483,187,177,49,property_only_vs_baseline,property_only,baseline,2.16969566382805,0.600650212020194,1.06315087527575
30,all_eligible,0.25,1100,518,287,275,property_only_vs_baseline,property_only,baseline,3.32591040083826,3.18684794505408,9.14625360230521
30,priority_pool,0.25,483,187,177,121,property_only_vs_baseline,property_only,baseline,-0.937194846023853,-0.640681222423087,-1.13400576368886
30,priority_fixed_quota,0.25,483,187,177,122,property_only_vs_baseline,property_only,baseline,4.70373643533537,3.24212341870573,5.73855845110915
30,all_eligible,0.5,1100,518,287,550,property_only_vs_baseline,property_only,baseline,-0.976402321083192,-1.8711542738528,-5.37021276595755
30,priority_pool,0.5,483,187,177,242,property_only_vs_baseline,property_only,baseline,4.33461547621873,5.92642341946291,10.4897694524493
30,priority_fixed_quota,0.5,483,187,177,243,property_only_vs_baseline,property_only,baseline,3.22345696639717,4.42542397081644,7.83300042834512
31,all_eligible,0.1,1391,518,388,140,property_only_vs_baseline,property_only,baseline,-1.59465020576118,-0.575389249501457,-2.23251028806565
31,priority_pool,0.1,618,194,226,62,property_only_vs_baseline,property_only,baseline,-5.59951308581864,-1.53614960761396,-3.47169811320756
31,priority_fixed_quota,0.1,618,194,226,63,property_only_vs_baseline,property_only,baseline,5.52328373199565,1.53967643856516,3.47966875115726
31,all_eligible,0.25,1391,518,388,348,property_only_vs_baseline,property_only,baseline,3.10432673140222,2.78429304775251,10.8030570252797
31,priority_pool,0.25,618,194,226,155,property_only_vs_baseline,property_only,baseline,2.47227351170006,1.69558581554651,3.8320239431351
31,priority_fixed_quota,0.25,618,194,226,156,property_only_vs_baseline,property_only,baseline,5.14105159256461,3.54869047982336,8.02004048440078
31,all_eligible,0.5,1391,518,388,696,property_only_vs_baseline,property_only,baseline,3.57116858237549,6.4060137457045,24.8553333333334
31,priority_pool,0.5,618,194,226,309,property_only_vs_baseline,property_only,baseline,6.58141317975907,8.99848085197146,20.3365667254555
31,priority_fixed_quota,0.5,618,194,226,309,property_only_vs_baseline,property_only,baseline,7.31391585760517,9.99999999999999,22.6
32,all_eligible,0.1,1234,518,332,124,property_only_vs_baseline,property_only,baseline,16.1757981376788,6.04156315985592,20.0579896907217
32,priority_pool,0.1,498,172,187,50,property_only_vs_baseline,property_only,baseline,13.5051546391753,3.611003914218,6.75257731958765
32,priority_fixed_quota,0.1,498,172,187,51,property_only_vs_baseline,property_only,baseline,3.72395062076618,1.0156228965726,1.89921481659075
32,all_eligible,0.25,1234,518,332,309,property_only_vs_baseline,property_only,baseline,11.9672647911857,11.1382072905915,36.9788482047637
32,priority_pool,0.25,498,172,187,125,property_only_vs_baseline,property_only,baseline,16.361855670103,10.9370692981972,20.4523195876288
32,priority_fixed_quota,0.25,498,172,187,125,property_only_vs_baseline,property_only,baseline,10.8408033826639,7.24652632531008,13.5510042283299
32,all_eligible,0.5,1234,518,332,617,property_only_vs_baseline,property_only,baseline,-0.943427219764365,-1.75329697167053,-5.82094594594614
32,priority_pool,0.5,498,172,187,249,property_only_vs_baseline,property_only,baseline,17.8754783493326,23.8021075346728,44.5099410898381
32,priority_fixed_quota,0.5,498,172,187,249,property_only_vs_baseline,property_only,baseline,14.4406196213425,19.2284186401833,35.9571428571429
33,all_eligible,0.1,1174,518,269,118,property_only_vs_baseline,property_only,baseline,6.43741851368973,2.82384901344011,7.59615384615388
33,priority_pool,0.1,465,195,140,47,property_only_vs_baseline,property_only,baseline,9.31236509404871,3.12629399585921,4.37681159420289
33,priority_fixed_quota,0.1,465,195,140,48,property_only_vs_baseline,property_only,baseline,10.353418471625,3.5497434759857,4.96964086637999
33,all_eligible,0.25,1174,518,269,294,property_only_vs_baseline,property_only,baseline,1.65302384690138,1.80665059847214,4.85989010989006
33,priority_pool,0.25,465,195,140,117,property_only_vs_baseline,property_only,baseline,6.74368366676062,5.63579277864995,7.89010989010993
33,priority_fixed_quota,0.25,465,195,140,117,property_only_vs_baseline,property_only,baseline,8.29545779378557,6.93263258480651,9.70568561872911
33,all_eligible,0.5,1174,518,269,587,property_only_vs_baseline,property_only,baseline,0.917408038362072,2.00192757813583,5.38518518518538
33,priority_pool,0.5,465,195,140,233,property_only_vs_baseline,property_only,baseline,1.92755742111965,3.20800627943486,4.49120879120879
33,priority_fixed_quota,0.5,465,195,140,233,property_only_vs_baseline,property_only,baseline,3.45711264539405,5.75362318840582,8.05507246376814
34,all_eligible,0.1,1427,518,388,143,property_only_vs_baseline,property_only,baseline,4.9593263878978,1.82779297285924,7.09183673469386
34,priority_pool,0.1,618,185,217,62,property_only_vs_baseline,property_only,baseline,0.82023711055968,0.234353460159908,0.508547008547001
34,priority_fixed_quota,0.1,618,185,217,63,property_only_vs_baseline,property_only,baseline,6.88441188441186,1.99870022450667,4.33717948717947
34,all_eligible,0.25,1427,518,388,357,property_only_vs_baseline,property_only,baseline,4.29829074486943,3.95487060803708,15.3448979591839
34,priority_pool,0.25,618,185,217,155,property_only_vs_baseline,property_only,baseline,2.45380732938328,1.75271952098806,3.80340136054409
34,priority_fixed_quota,0.25,618,185,217,155,property_only_vs_baseline,property_only,baseline,7.59041879779218,5.4217277127087,11.7651491365779
34,all_eligible,0.5,1427,518,388,714,property_only_vs_baseline,property_only,baseline,0.364145658263304,0.670103092783503,2.59999999999999
34,priority_pool,0.5,618,185,217,309,property_only_vs_baseline,property_only,baseline,5.15373669326521,7.33873105170023,15.9250463821895
34,priority_fixed_quota,0.5,618,185,217,309,property_only_vs_baseline,property_only,baseline,3.65944734876773,5.21091811414391,11.3076923076923
35,all_eligible,0.1,1280,518,359,128,property_only_vs_baseline,property_only,baseline,-1.66188738269039,-0.592539233939748,-2.12721584984369
35,priority_pool,0.1,548,189,212,55,property_only_vs_baseline,property_only,baseline,8.07048588070479,2.09375812942813,4.43876723438763
35,priority_fixed_quota,0.1,548,189,212,57,property_only_vs_baseline,property_only,baseline,-3.86887738405216,-1.04021703250459,-2.20526010890973
35,all_eligible,0.25,1280,518,359,320,property_only_vs_baseline,property_only,baseline,0.337084347120759,0.300465156207919,1.07866991078643
35,priority_pool,0.25,548,189,212,137,property_only_vs_baseline,property_only,baseline,7.76470319599954,5.01775631062234,10.6376433785194
35,priority_fixed_quota,0.25,548,189,212,138,property_only_vs_baseline,property_only,baseline,6.49141366056622,4.22554285451952,8.95815085158138
35,all_eligible,0.5,1280,518,359,640,property_only_vs_baseline,property_only,baseline,-2.360576923077,-4.20827083779742,-15.1076923076928
35,priority_pool,0.5,548,189,212,274,property_only_vs_baseline,property_only,baseline,7.37267716861723,9.5288374726468,20.2011354420112
35,priority_fixed_quota,0.5,548,189,212,275,property_only_vs_baseline,property_only,baseline,5.13579802192931,6.66200215108754,14.1234445603056
36,all_eligible,0.1,1029,518,236,103,property_only_vs_baseline,property_only,baseline,4.95839112343968,2.16404358353511,5.10714285714286
36,priority_pool,0.1,433,188,129,44,property_only_vs_baseline,property_only,baseline,6.15942028985508,2.10088754072576,2.71014492753623
36,priority_fixed_quota,0.1,433,188,129,45,property_only_vs_baseline,property_only,baseline,14.04959774525,4.90102246927326,6.3223189853625
36,all_eligible,0.25,1029,518,236,258,property_only_vs_baseline,property_only,baseline,2.67822186426838,2.9278866143273,6.90981240981243
36,priority_pool,0.25,433,188,129,109,property_only_vs_baseline,property_only,baseline,4.3637555105445,3.68720426859961,4.7564935064935
36,priority_fixed_quota,0.25,433,188,129,109,property_only_vs_baseline,property_only,baseline,11.5314349259303,9.74361555756905,12.5692640692641
36,all_eligible,0.5,1029,518,236,515,property_only_vs_baseline,property_only,baseline,-0.977075403105077,-2.13217725677591,-5.03193832599115
36,priority_pool,0.5,433,188,129,217,property_only_vs_baseline,property_only,baseline,5.27410377640789,8.87194201147683,11.4448051948051
36,priority_fixed_quota,0.5,433,188,129,217,property_only_vs_baseline,property_only,baseline,3.39338081273565,5.70824524312896,7.36363636363636
37,all_eligible,0.1,1246,518,333,125,property_only_vs_baseline,property_only,baseline,-1.28192771084341,-0.481204095661941,-1.60240963855426
37,priority_pool,0.1,540,187,180,54,property_only_vs_baseline,property_only,baseline,-7.84313725490196,-2.35294117647059,-4.23529411764706
37,priority_fixed_quota,0.1,540,187,180,56,property_only_vs_baseline,property_only,baseline,-0.602562790438199,-0.18746397924744,-0.337435162645392
37,all_eligible,0.25,1246,518,333,312,property_only_vs_baseline,property_only,baseline,0.99629286376266,0.933463584065919,3.10843373493951
37,priority_pool,0.25,540,187,180,135,property_only_vs_baseline,property_only,baseline,-2.0508701472557,-1.53815261044178,-2.7686746987952
37,priority_fixed_quota,0.25,540,187,180,136,property_only_vs_baseline,property_only,baseline,-2.270435737232,-1.71544033479751,-3.08779260263552
37,all_eligible,0.5,1246,518,333,623,property_only_vs_baseline,property_only,baseline,-0.0174727486538295,-0.0326892564905035,-0.10885522411337
37,priority_pool,0.5,540,187,180,270,property_only_vs_baseline,property_only,baseline,0.56710793792466,0.85066190688699,1.53119143239658
37,priority_fixed_quota,0.5,540,187,180,271,property_only_vs_baseline,property_only,baseline,1.67386697439534,2.52009972256188,4.53617950061138
38,all_eligible,0.1,1290,518,279,129,property_only_vs_baseline,property_only,baseline,1.22399020807822,0.565930956423268,1.57894736842091
38,priority_pool,0.1,587,198,163,59,property_only_vs_baseline,property_only,baseline,-0.318845443866411,-0.115410314037535,-0.188118811881182
38,priority_fixed_quota,0.1,587,198,163,60,property_only_vs_baseline,property_only,baseline,1.7030426726884,0.626886873382232,1.02182560361304
38,all_eligible,0.25,1290,518,279,323,property_only_vs_baseline,property_only,baseline,6.7265573330521,7.78737641066605,21.7267801857583
38,priority_pool,0.25,587,198,163,147,property_only_vs_baseline,property_only,baseline,0.74690694991445,0.673590930290946,1.09795321637424
38,priority_fixed_quota,0.25,587,198,163,148,property_only_vs_baseline,property_only,baseline,8.92028968397635,8.0994041302362,13.202028732285
38,all_eligible,0.5,1290,518,279,645,property_only_vs_baseline,property_only,baseline,0.383005158955246,0.885442034143846,2.47038327526133
38,priority_pool,0.5,587,198,163,294,property_only_vs_baseline,property_only,baseline,8.49984730734401,15.3310129347186,24.9895510835914
38,priority_fixed_quota,0.5,587,198,163,294,property_only_vs_baseline,property_only,baseline,7.52699035538839,13.5762893526637,22.1293516448419
39,all_eligible,0.1,1285,518,321,129,property_only_vs_baseline,property_only,baseline,3.03421815049725,1.21935869599422,3.91414141414145
39,priority_pool,0.1,491,185,168,50,property_only_vs_baseline,property_only,baseline,2.76470588235296,0.822829131652668,1.38235294117648
39,priority_fixed_quota,0.1,491,185,168,50,property_only_vs_baseline,property_only,baseline,6.65571683218749,1.98086810481771,3.32785841609375
39,all_eligible,0.25,1285,518,321,322,property_only_vs_baseline,property_only,baseline,8.65653244169863,8.68349983248274,27.8740344622696
39,priority_pool,0.25,491,185,168,123,property_only_vs_baseline,property_only,baseline,3.92953929539302,2.87698412698417,4.83333333333341
39,priority_fixed_quota,0.25,491,185,168,123,property_only_vs_baseline,property_only,baseline,9.15386931647094,6.70194003527337,11.2592592592593
39,all_eligible,0.5,1285,518,321,643,property_only_vs_baseline,property_only,baseline,1.08864696734062,2.18068535825552,7.0000000000002
39,priority_pool,0.5,491,185,168,246,property_only_vs_baseline,property_only,baseline,12.2168256314598,17.8889232460662,30.0533910533912
39,priority_fixed_quota,0.5,491,185,168,246,property_only_vs_baseline,property_only,baseline,12.74465522433,18.6618165784832,31.3518518518519
40,all_eligible,0.1,1055,518,287,106,property_only_vs_baseline,property_only,baseline,10.0706123533655,3.71945961483185,10.6748490945674
40,priority_pool,0.1,469,178,166,47,property_only_vs_baseline,property_only,baseline,11.9135105230401,3.37310237700533,5.59934994582885
40,priority_fixed_quota,0.1,469,178,166,49,property_only_vs_baseline,property_only,baseline,10.421239449321,3.07614899407668,5.10640733016729
40,all_eligible,0.25,1055,518,287,264,property_only_vs_baseline,property_only,baseline,8.94793000426797,8.2308485056681,23.6225352112674
40,priority_pool,0.25,469,178,166,118,property_only_vs_baseline,property_only,baseline,11.9551205538315,8.49821822501273,14.1070422535211
40,priority_fixed_quota,0.25,469,178,166,118,property_only_vs_baseline,property_only,baseline,8.3322508238957,5.92292528445598,9.83205597219692
40,all_eligible,0.5,1055,518,287,528,property_only_vs_baseline,property_only,baseline,-0.819743233865311,-1.50809905045605,-4.32824427480884
40,priority_pool,0.5,469,178,166,235,property_only_vs_baseline,property_only,baseline,11.2915792628109,15.9850670286781,26.5352112676057
40,priority_fixed_quota,0.5,469,178,166,235,property_only_vs_baseline,property_only,baseline,7.26391738318627,10.2832565364384,17.0702058504877
41,all_eligible,0.1,999,518,205,100,property_only_vs_baseline,property_only,baseline,5.19999999999998,2.53658536585365,5.19999999999997
41,priority_pool,0.1,356,177,96,36,property_only_vs_baseline,property_only,baseline,-2.95295295295296,-1.10735735735736,-1.06306306306306
41,priority_fixed_quota,0.1,356,177,96,37,property_only_vs_baseline,property_only,baseline,9.12297344729779,3.51614601614602,3.37550017550018
41,all_eligible,0.25,999,518,205,250,property_only_vs_baseline,property_only,baseline,4.60102564102566,5.61100687929959,11.5025641025642
41,priority_pool,0.25,356,177,96,89,property_only_vs_baseline,property_only,baseline,4.580812445981,4.24679487179488,4.07692307692309
41,priority_fixed_quota,0.25,356,177,96,90,property_only_vs_baseline,property_only,baseline,11.376224709558,10.6652106652107,10.2386022386022
41,all_eligible,0.5,999,518,205,500,property_only_vs_baseline,property_only,baseline,1.53436692506461,3.74235835381613,7.67183462532307
41,priority_pool,0.5,356,177,96,178,property_only_vs_baseline,property_only,baseline,11.4811031664964,21.2878787878788,20.4363636363637
41,priority_fixed_quota,0.5,356,177,96,178,property_only_vs_baseline,property_only,baseline,9.60163432073545,17.8030303030303,17.0909090909091
42,all_eligible,0.1,1235,518,243,124,property_only_vs_baseline,property_only,baseline,5.50566695727984,2.80947614280946,6.827027027027
42,priority_pool,0.1,462,174,105,47,property_only_vs_baseline,property_only,baseline,-1.9079013085606,-0.85401296668903,-0.896713615023481
42,priority_fixed_quota,0.1,462,174,105,48,property_only_vs_baseline,property_only,baseline,9.7364744019674,4.45095972661367,4.67350771294435
42,all_eligible,0.25,1235,518,243,309,property_only_vs_baseline,property_only,baseline,1.5621446689408,1.98643087531978,4.82702702702707
42,priority_pool,0.25,462,174,105,116,property_only_vs_baseline,property_only,baseline,4.46567256912087,4.93350493350496,5.18018018018021
42,priority_fixed_quota,0.25,462,174,105,117,property_only_vs_baseline,property_only,baseline,10.0187108637812,11.1637063910705,11.7218917106241
42,all_eligible,0.5,1235,518,243,618,property_only_vs_baseline,property_only,baseline,-0.280474649406703,-0.713305898491123,-1.73333333333343
42,priority_pool,0.5,462,174,105,231,property_only_vs_baseline,property_only,baseline,4.13678985107553,9.10093767236617,9.55598455598448
42,priority_fixed_quota,0.5,462,174,105,232,property_only_vs_baseline,property_only,baseline,5.92665186521426,13.0950784069496,13.7498323272971
43,all_eligible,0.1,1253,518,307,126,property_only_vs_baseline,property_only,baseline,-3.01511354142938,-1.2374733101632,-3.79904306220101
43,priority_pool,0.1,535,188,176,54,property_only_vs_baseline,property_only,baseline,0.315208825847124,0.0967117988394592,0.170212765957448
43,priority_fixed_quota,0.1,535,188,176,55,property_only_vs_baseline,property_only,baseline,9.62155447869993,3.00673577459373,5.29185496328496
43,all_eligible,0.25,1253,518,307,314,property_only_vs_baseline,property_only,baseline,-2.49649977322478,-2.55342322082273,-7.83900928792579
43,priority_pool,0.25,535,188,176,134,property_only_vs_baseline,property_only,baseline,-0.696279368706793,-0.530121792083582,-0.933014354067105
43,priority_fixed_quota,0.25,535,188,176,135,property_only_vs_baseline,property_only,baseline,6.47116047437384,4.96367422750266,8.73606664040469
43,all_eligible,0.5,1253,518,307,627,property_only_vs_baseline,property_only,baseline,-0.359256764420607,-0.733726355999087,-2.2525399129172
43,priority_pool,0.5,535,188,176,268,property_only_vs_baseline,property_only,baseline,0.369563664929001,0.562744671596438,0.990430622009725
43,priority_fixed_quota,0.5,535,188,176,268,property_only_vs_baseline,property_only,baseline,-1.06483393310129,-1.62145167085878,-2.85375494071145
44,all_eligible,0.1,1224,518,249,123,property_only_vs_baseline,property_only,baseline,16.422337451721,8.11223898217541,20.1994750656168
44,priority_pool,0.1,482,187,130,49,property_only_vs_baseline,property_only,baseline,17.6384839650146,6.64835164835165,8.64285714285714
44,priority_fixed_quota,0.1,482,187,130,50,property_only_vs_baseline,property_only,baseline,24.2032850732369,9.30895579739879,12.1016425366184
44,all_eligible,0.25,1224,518,249,306,property_only_vs_baseline,property_only,baseline,4.86083991519512,5.9735623054205,14.8741701404971
44,priority_pool,0.25,482,187,130,121,property_only_vs_baseline,property_only,baseline,16.3185180364851,15.188774480113,19.7454068241469
44,priority_fixed_quota,0.25,482,187,130,122,property_only_vs_baseline,property_only,baseline,16.8028057835976,15.7687869661454,20.499423055989
44,all_eligible,0.5,1224,518,249,612,property_only_vs_baseline,property_only,baseline,0.544662309368199,1.33868808567605,3.33333333333337
44,priority_pool,0.5,482,187,130,241,property_only_vs_baseline,property_only,baseline,7.60283595255992,14.0944881889765,18.3228346456694
44,priority_fixed_quota,0.5,482,187,130,242,property_only_vs_baseline,property_only,baseline,7.54074285352429,14.0373828504068,18.2485977055288
45,all_eligible,0.1,1230,518,298,123,property_only_vs_baseline,property_only,baseline,-4.9435071418383,-2.04044086726883,-6.08051378446111
45,priority_pool,0.1,533,187,164,54,property_only_vs_baseline,property_only,baseline,-7.62962962962961,-2.51219512195121,-4.11999999999999
45,priority_fixed_quota,0.1,533,187,164,54,property_only_vs_baseline,property_only,baseline,-1.15823327381628,-0.381369492598042,-0.62544596786079
45,all_eligible,0.25,1230,518,298,308,property_only_vs_baseline,property_only,baseline,-2.22571914301243,-2.30040770485848,-6.85521496047828
45,priority_pool,0.25,533,187,164,134,property_only_vs_baseline,property_only,baseline,-1.97882766618044,-1.61684699553767,-2.65162907268179
45,priority_fixed_quota,0.25,533,187,164,134,property_only_vs_baseline,property_only,baseline,-4.40802401086123,-3.60167815521588,-5.90675217455404
45,all_eligible,0.5,1230,518,298,615,property_only_vs_baseline,property_only,baseline,-1.43889534133438,-2.96953233194848,-8.84920634920647
45,priority_pool,0.5,533,187,164,267,property_only_vs_baseline,property_only,baseline,-3.20189699255343,-5.21284449397418,-8.54906497011766
45,priority_fixed_quota,0.5,533,187,164,267,property_only_vs_baseline,property_only,baseline,-6.26519482226165,-10.2000427899016,-16.7280701754386
46,all_eligible,0.1,1096,518,295,110,property_only_vs_baseline,property_only,baseline,-6.81818181818182,-2.54237288135593,-7.5
46,priority_pool,0.1,442,176,153,45,property_only_vs_baseline,property_only,baseline,-8.74531835205991,-2.57215245648821,-3.93539325842696
46,priority_fixed_quota,0.1,442,176,153,45,property_only_vs_baseline,property_only,baseline,-8.64145276280111,-2.54160375376503,-3.8886537432605
46,all_eligible,0.25,1096,518,295,274,property_only_vs_baseline,property_only,baseline,-1.120718697361,-1.04093872229462,-3.07076923076914
46,priority_pool,0.25,442,176,153,111,property_only_vs_baseline,property_only,baseline,-1.99485199485199,-1.44724556489262,-2.21428571428572
46,priority_fixed_quota,0.25,442,176,153,112,property_only_vs_baseline,property_only,baseline,-3.78179576353736,-2.76837336938683,-4.23561125516184
46,all_eligible,0.5,1096,518,295,548,property_only_vs_baseline,property_only,baseline,1.72162321027513,3.19813396349412,9.43449519230768
46,priority_pool,0.5,442,176,153,221,property_only_vs_baseline,property_only,baseline,1.01686548745374,1.46880570409985,2.24727272727277
46,priority_fixed_quota,0.5,442,176,153,222,property_only_vs_baseline,property_only,baseline,1.89454450128614,2.74894692343478,4.20588879285522
47,all_eligible,0.1,1294,518,289,130,property_only_vs_baseline,property_only,baseline,-5.40429719534196,-2.43099873838912,-7.02558635394455
47,priority_pool,0.1,611,186,178,62,property_only_vs_baseline,property_only,baseline,-7.65527202696198,-2.66644306557103,-4.74626865671642
47,priority_fixed_quota,0.1,611,186,178,63,property_only_vs_baseline,property_only,baseline,-3.58403235962338,-1.2685058351476,-2.25794038656273
47,all_eligible,0.25,1294,518,289,324,property_only_vs_baseline,property_only,baseline,6.70900251283734,7.52151146767923,21.737168141593
47,priority_pool,0.25,611,186,178,153,property_only_vs_baseline,property_only,baseline,1.03293037962476,0.887855888104422,1.58038348082587
47,priority_fixed_quota,0.25,611,186,178,154,property_only_vs_baseline,property_only,baseline,1.77851466230995,1.5387149325603,2.73891257995733
47,all_eligible,0.5,1294,518,289,647,property_only_vs_baseline,property_only,baseline,-0.0386398763523976,-0.0865051903114145,-0.25
47,priority_pool,0.5,611,186,178,306,property_only_vs_baseline,property_only,baseline,6.9790039909769,11.9976136024659,21.3557522123893
47,priority_fixed_quota,0.5,611,186,178,306,property_only_vs_baseline,property_only,baseline,8.78391760744703,15.1004426285325,26.8787878787879
48,all_eligible,0.1,1050,518,274,105,property_only_vs_baseline,property_only,baseline,1.03401360544225,0.396246089676774,1.08571428571436
48,priority_pool,0.1,434,189,159,44,property_only_vs_baseline,property_only,baseline,-6.83861082737489,-1.89244576355028,-3.00898876404495
48,priority_fixed_quota,0.1,434,189,159,45,property_only_vs_baseline,property_only,baseline,-1.17392079776045,-0.332241735215222,-0.528264358992203
48,all_eligible,0.25,1050,518,274,263,property_only_vs_baseline,property_only,baseline,-1.91321141891486,-1.8364036612212,-5.03174603174608
48,priority_pool,0.25,434,189,159,109,property_only_vs_baseline,property_only,baseline,1.15334207077319,0.790655884995462,1.25714285714278
48,priority_fixed_quota,0.25,434,189,159,110,property_only_vs_baseline,property_only,baseline,0.370280456633565,0.256168869369133,0.407308502296921
48,all_eligible,0.5,1050,518,274,525,property_only_vs_baseline,property_only,baseline,0.597207303974234,1.14428406783385,3.13533834586474
48,priority_pool,0.5,434,189,159,217,property_only_vs_baseline,property_only,baseline,1.4219881500988,1.94070080862542,3.0857142857144
48,priority_fixed_quota,0.5,434,189,159,218,property_only_vs_baseline,property_only,baseline,1.90746060842377,2.61526045683259,4.15826412636382
49,all_eligible,0.1,1110,518,324,111,property_only_vs_baseline,property_only,baseline,-2.7236538864444,-0.93310364628188,-3.02325581395328
49,priority_pool,0.1,500,219,216,50,property_only_vs_baseline,property_only,baseline,-18.5119047619047,-4.2851631393298,-9.25595238095237
49,priority_fixed_quota,0.1,500,219,216,51,property_only_vs_baseline,property_only,baseline,-2.63221835112009,-0.621495999570021,-1.34243135907125
49,all_eligible,0.25,1110,518,324,278,property_only_vs_baseline,property_only,baseline,9.27908835722121,7.96168692378858,25.795865633075
49,priority_pool,0.25,500,219,216,125,property_only_vs_baseline,property_only,baseline,-0.391214470284085,-0.226397262895883,-0.489018087855108
49,priority_fixed_quota,0.25,500,219,216,126,property_only_vs_baseline,property_only,baseline,3.86770021798855,2.25615846049332,4.87330227466557
49,all_eligible,0.5,1110,518,324,555,property_only_vs_baseline,property_only,baseline,1.90192488699956,3.25792688976776,10.5556831228475
49,priority_pool,0.5,500,219,216,250,property_only_vs_baseline,property_only,baseline,11.1195275009228,12.8698234964384,27.7988187523069
49,priority_fixed_quota,0.5,500,219,216,251,property_only_vs_baseline,property_only,baseline,14.4919057239303,16.8401311884561,36.3746833670651
50,all_eligible,0.1,1270,518,331,127,property_only_vs_baseline,property_only,baseline,-6.08721986674746,-2.33557982802697,-7.73076923076928
50,priority_pool,0.1,484,190,165,49,property_only_vs_baseline,property_only,baseline,-4.04835847382432,-1.20223978919631,-1.98369565217392
50,priority_fixed_quota,0.1,484,190,165,50,property_only_vs_baseline,property_only,baseline,-0.979216435738167,-0.29673225325399,-0.489608217869083
50,all_eligible,0.25,1270,518,331,318,property_only_vs_baseline,property_only,baseline,-3.90374824337096,-3.7504288259576,-12.4139194139196
50,priority_pool,0.25,484,190,165,121,property_only_vs_baseline,property_only,baseline,-2.0116247388974,-1.47519147519143,-2.43406593406586
50,priority_fixed_quota,0.25,484,190,165,121,property_only_vs_baseline,property_only,baseline,4.815638906548,3.53146853146853,5.82692307692308
50,all_eligible,0.5,1270,518,331,635,property_only_vs_baseline,property_only,baseline,-0.393227873542806,-0.754379757400847,-2.49699699699681
50,priority_pool,0.5,484,190,165,242,property_only_vs_baseline,property_only,baseline,-0.880937244573621,-1.29204129204131,-2.13186813186816
50,priority_fixed_quota,0.5,484,190,165,242,property_only_vs_baseline,property_only,baseline,-1.30853994490358,-1.91919191919192,-3.16666666666666
1,all_eligible,0.1,1167,518,271,117,full_vs_property_only,full,property_only,9.4017094017094,4.05904059040591,11
1,priority_pool,0.1,475,189,136,48,full_vs_property_only,full,property_only,12.5,4.41176470588235,6
1,priority_fixed_quota,0.1,475,189,136,49,full_vs_property_only,full,property_only,22.0602526724976,7.94817927170868,10.8095238095238
1,all_eligible,0.25,1167,518,271,292,full_vs_property_only,full,property_only,8.63013698630137,9.29889298892989,25.2
1,priority_pool,0.25,475,189,136,119,full_vs_property_only,full,property_only,11.3445378151261,9.92647058823529,13.5
1,priority_fixed_quota,0.25,475,189,136,120,full_vs_property_only,full,property_only,1.99074074074074,1.75653594771242,2.38888888888889
1,all_eligible,0.5,1167,518,271,584,full_vs_property_only,full,property_only,7.53424657534247,16.2361623616236,44
1,priority_pool,0.5,475,189,136,238,full_vs_property_only,full,property_only,4.47178871548619,7.82563025210084,10.6428571428571
1,priority_fixed_quota,0.5,475,189,136,238,full_vs_property_only,full,property_only,3.54141656662665,6.19747899159663,8.42857142857142
2,all_eligible,0.1,1063,518,258,107,full_vs_property_only,full,property_only,14.6417445482866,6.07235142118863,15.6666666666667
2,priority_pool,0.1,397,194,123,40,full_vs_property_only,full,property_only,20.8333333333333,6.77506775067751,8.33333333333333
2,priority_fixed_quota,0.1,397,194,123,41,full_vs_property_only,full,property_only,15.4471544715447,5.1490514905149,6.33333333333333
2,all_eligible,0.25,1063,518,258,266,full_vs_property_only,full,property_only,12.359022556391,12.7422480620155,32.875
2,priority_pool,0.25,397,194,123,100,full_vs_property_only,full,property_only,7.66666666666666,6.23306233062331,7.66666666666666
2,priority_fixed_quota,0.25,397,194,123,100,full_vs_property_only,full,property_only,11.0909090909091,9.0169992609017,11.0909090909091
2,all_eligible,0.5,1063,518,258,532,full_vs_property_only,full,property_only,6.13465481886534,12.6497533474278,32.6363636363636
2,priority_pool,0.5,397,194,123,199,full_vs_property_only,full,property_only,7.72042028323436,12.4907612712491,15.3636363636364
2,priority_fixed_quota,0.5,397,194,123,199,full_vs_property_only,full,property_only,6.70660997294163,10.8505315822389,13.3461538461538
3,all_eligible,0.1,1227,518,253,123,full_vs_property_only,full,property_only,4.0650406504065,1.97628458498024,5
3,priority_pool,0.1,496,204,146,50,full_vs_property_only,full,property_only,3.66666666666667,1.25570776255708,1.83333333333334
3,priority_fixed_quota,0.1,496,204,146,51,full_vs_property_only,full,property_only,8.77684407096172,3.06588388780169,4.47619047619047
3,all_eligible,0.25,1227,518,253,307,full_vs_property_only,full,property_only,10.4234527687296,12.6482213438735,32
3,priority_pool,0.25,496,204,146,124,full_vs_property_only,full,property_only,7.25806451612903,6.16438356164383,9
3,priority_fixed_quota,0.25,496,204,146,125,full_vs_property_only,full,property_only,3.96190476190476,3.39204174820613,4.95238095238095
3,all_eligible,0.5,1227,518,253,614,full_vs_property_only,full,property_only,6.56894679695982,15.9420289855072,40.3333333333333
3,priority_pool,0.5,496,204,146,248,full_vs_property_only,full,property_only,9.67741935483871,16.4383561643836,24
3,priority_fixed_quota,0.5,496,204,146,249,full_vs_property_only,full,property_only,9.47318686510749,16.1563255439162,23.5882352941177
4,all_eligible,0.1,1316,518,396,132,full_vs_property_only,full,property_only,11.3636363636364,3.78787878787879,15
4,priority_pool,0.1,622,180,246,63,full_vs_property_only,full,property_only,21.5873015873016,5.52845528455285,13.6
4,priority_fixed_quota,0.1,622,180,246,64,full_vs_property_only,full,property_only,19.53125,5.08130081300813,12.5
4,all_eligible,0.25,1316,518,396,329,full_vs_property_only,full,property_only,3.95136778115501,3.28282828282828,13
4,priority_pool,0.25,622,180,246,156,full_vs_property_only,full,property_only,5.76923076923077,3.65853658536586,9
4,priority_fixed_quota,0.25,622,180,246,157,full_vs_property_only,full,property_only,2.31523607319786,1.47761001419538,3.63492063492063
4,all_eligible,0.5,1316,518,396,658,full_vs_property_only,full,property_only,1.0280708027892,1.70825906120023,6.76470588235293
4,priority_pool,0.5,622,180,246,311,full_vs_property_only,full,property_only,9.64630225080386,12.1951219512195,30
4,priority_fixed_quota,0.5,622,180,246,312,full_vs_property_only,full,property_only,-0.106837606837606,-0.135501355013534,-0.333333333333314
5,all_eligible,0.1,1052,518,253,106,full_vs_property_only,full,property_only,34.0970350404313,14.2857142857143,36.1428571428571
5,priority_pool,0.1,436,192,151,44,full_vs_property_only,full,property_only,47.7272727272727,13.9072847682119,21
5,priority_fixed_quota,0.1,436,192,151,45,full_vs_property_only,full,property_only,41.4814814814815,12.3620309050773,18.6666666666667
5,all_eligible,0.25,1052,518,253,263,full_vs_property_only,full,property_only,8.74524714828897,9.09090909090909,23
5,priority_pool,0.25,436,192,151,109,full_vs_property_only,full,property_only,28.4403669724771,20.5298013245033,31
5,priority_fixed_quota,0.25,436,192,151,110,full_vs_property_only,full,property_only,28.5714285714286,20.8136234626301,31.4285714285714
5,all_eligible,0.5,1052,518,253,526,full_vs_property_only,full,property_only,7.3384030418251,15.2569169960474,38.6
5,priority_pool,0.5,436,192,151,218,full_vs_property_only,full,property_only,8.89908256880734,12.8476821192053,19.4
5,priority_fixed_quota,0.5,436,192,151,218,full_vs_property_only,full,property_only,7.06422018348625,10.1986754966888,15.4
6,all_eligible,0.1,1110,518,317,111,full_vs_property_only,full,property_only,22.2972972972973,7.80757097791798,24.75
6,priority_pool,0.1,453,176,173,46,full_vs_property_only,full,property_only,26.3586956521739,7.00867052023122,12.125
6,priority_fixed_quota,0.1,453,176,173,47,full_vs_property_only,full,property_only,17.0212765957447,4.6242774566474,8
6,all_eligible,0.25,1110,518,317,278,full_vs_property_only,full,property_only,8.61674296926096,7.55663894465157,23.9545454545455
6,priority_pool,0.25,453,176,173,114,full_vs_property_only,full,property_only,25.109649122807,16.5462427745665,28.625
6,priority_fixed_quota,0.25,453,176,173,114,full_vs_property_only,full,property_only,17.7318295739348,11.6845582163501,20.2142857142857
6,all_eligible,0.5,1110,518,317,555,full_vs_property_only,full,property_only,7.46460746460747,13.0689499774673,41.4285714285715
6,priority_pool,0.5,453,176,173,227,full_vs_property_only,full,property_only,9.34899657366618,12.267180475273,21.2222222222222
6,priority_fixed_quota,0.5,453,176,173,227,full_vs_property_only,full,property_only,7.73928714457348,10.1550183920126,17.5681818181818
7,all_eligible,0.1,1288,518,343,129,full_vs_property_only,full,property_only,10.5426356589147,3.96501457725947,13.6
7,priority_pool,0.1,557,202,180,56,full_vs_property_only,full,property_only,10.7142857142857,3.33333333333333,6
7,priority_fixed_quota,0.1,557,202,180,57,full_vs_property_only,full,property_only,6.3157894736842,2,3.6
7,all_eligible,0.25,1288,518,343,322,full_vs_property_only,full,property_only,9.09494232475599,8.53810912119951,29.2857142857143
7,priority_pool,0.25,557,202,180,140,full_vs_property_only,full,property_only,9.28571428571429,7.22222222222222,13
7,priority_fixed_quota,0.25,557,202,180,140,full_vs_property_only,full,property_only,12.3095238095238,9.57407407407407,17.2333333333333
7,all_eligible,0.5,1288,518,343,644,full_vs_property_only,full,property_only,6.32209405501331,11.8700541441066,40.7142857142857
7,priority_pool,0.5,557,202,180,279,full_vs_property_only,full,property_only,10.2150537634409,15.8333333333333,28.5
7,priority_fixed_quota,0.5,557,202,180,279,full_vs_property_only,full,property_only,10.1041133299198,15.6613756613757,28.1904761904762
8,all_eligible,0.1,1220,518,323,122,full_vs_property_only,full,property_only,13.9344262295082,5.26315789473684,17
8,priority_pool,0.1,549,196,200,55,full_vs_property_only,full,property_only,24.5454545454546,6.75,13.5
8,priority_fixed_quota,0.1,549,196,200,57,full_vs_property_only,full,property_only,43.421052631579,12.375,24.75
8,all_eligible,0.25,1220,518,323,305,full_vs_property_only,full,property_only,8.85245901639344,8.35913312693498,27
8,priority_pool,0.25,549,196,200,138,full_vs_property_only,full,property_only,11.231884057971,7.75,15.5
8,priority_fixed_quota,0.25,549,196,200,138,full_vs_property_only,full,property_only,16.5942028985507,11.45,22.9
8,all_eligible,0.5,1220,518,323,610,full_vs_property_only,full,property_only,6.33879781420765,11.9711042311662,38.6666666666667
8,priority_pool,0.5,549,196,200,275,full_vs_property_only,full,property_only,7.31818181818182,10.0625,20.125
8,priority_fixed_quota,0.5,549,196,200,275,full_vs_property_only,full,property_only,6.41068022886205,8.81468531468531,17.6293706293706
9,all_eligible,0.1,1172,518,251,118,full_vs_property_only,full,property_only,-12.227602905569,-5.74843483210017,-14.4285714285714
9,priority_pool,0.1,476,201,126,48,full_vs_property_only,full,property_only,-2.60416666666667,-0.992063492063493,-1.25
9,priority_fixed_quota,0.1,476,201,126,50,full_vs_property_only,full,property_only,-10.5,-4.16666666666667,-5.25
9,all_eligible,0.25,1172,518,251,293,full_vs_property_only,full,property_only,0.682593856655295,0.796812749003983,2
9,priority_pool,0.25,476,201,126,119,full_vs_property_only,full,property_only,-4.80192076830733,-4.53514739229025,-5.71428571428572
9,priority_fixed_quota,0.25,476,201,126,120,full_vs_property_only,full,property_only,-8.12271062271062,-7.73591487877202,-9.74725274725274
9,all_eligible,0.5,1172,518,251,586,full_vs_property_only,full,property_only,4.15244596131968,9.6945551128818,24.3333333333333
9,priority_pool,0.5,476,201,126,238,full_vs_property_only,full,property_only,3.54141656662665,6.68934240362811,8.42857142857142
9,priority_fixed_quota,0.5,476,201,126,239,full_vs_property_only,full,property_only,2.64993026499303,5.02645502645502,6.33333333333333
10,all_eligible,0.1,1254,518,331,126,full_vs_property_only,full,property_only,28.968253968254,11.0271903323263,36.5
10,priority_pool,0.1,582,187,212,59,full_vs_property_only,full,property_only,40.4358353510896,11.2533692722372,23.8571428571429
10,priority_fixed_quota,0.1,582,187,212,60,full_vs_property_only,full,property_only,45.5555555555556,12.8930817610063,27.3333333333333
10,all_eligible,0.25,1254,518,331,314,full_vs_property_only,full,property_only,12.1701546860782,11.5451014242555,38.2142857142857
10,priority_pool,0.25,582,187,212,146,full_vs_property_only,full,property_only,25.3424657534247,17.4528301886793,37
10,priority_fixed_quota,0.25,582,187,212,147,full_vs_property_only,full,property_only,26.7922553636839,18.577648766328,39.3846153846154
10,all_eligible,0.5,1254,518,331,627,full_vs_property_only,full,property_only,6.95374800637959,13.1722054380665,43.6
10,priority_pool,0.5,582,187,212,291,full_vs_property_only,full,property_only,9.29553264604812,12.7594339622642,27.05
10,priority_fixed_quota,0.5,582,187,212,292,full_vs_property_only,full,property_only,7.00873878129429,9.65354586857514,20.4655172413793
11,all_eligible,0.1,1165,518,273,117,full_vs_property_only,full,property_only,8.54700854700855,3.66300366300366,10
11,priority_pool,0.1,506,187,139,51,full_vs_property_only,full,property_only,18.6274509803922,6.83453237410072,9.5
11,priority_fixed_quota,0.1,506,187,139,52,full_vs_property_only,full,property_only,12.3076923076923,4.60431654676259,6.4
11,all_eligible,0.25,1165,518,273,292,full_vs_property_only,full,property_only,8.9269406392694,9.54822954822954,26.0666666666667
11,priority_pool,0.25,506,187,139,127,full_vs_property_only,full,property_only,7.71653543307087,7.05035971223022,9.8
11,priority_fixed_quota,0.25,506,187,139,128,full_vs_property_only,full,property_only,2.5,2.30215827338129,3.2
11,all_eligible,0.5,1165,518,273,583,full_vs_property_only,full,property_only,7.09856181554295,15.1591997745844,41.3846153846154
11,priority_pool,0.5,506,187,139,253,full_vs_property_only,full,property_only,7.5098814229249,13.6690647482014,19
11,priority_fixed_quota,0.5,506,187,139,254,full_vs_property_only,full,property_only,9.02887139107612,16.4988009592326,22.9333333333333
12,all_eligible,0.1,1063,518,332,107,full_vs_property_only,full,property_only,12.1495327102804,3.91566265060241,13
12,priority_pool,0.1,447,186,180,45,full_vs_property_only,full,property_only,13.968253968254,3.49206349206349,6.28571428571429
12,priority_fixed_quota,0.1,447,186,180,46,full_vs_property_only,full,property_only,14.1304347826087,3.61111111111111,6.5
12,all_eligible,0.25,1063,518,332,266,full_vs_property_only,full,property_only,16.4876476906552,13.209982788296,43.8571428571429
12,priority_pool,0.25,447,186,180,112,full_vs_property_only,full,property_only,13.75,8.55555555555556,15.4
12,priority_fixed_quota,0.25,447,186,180,114,full_vs_property_only,full,property_only,12.5730994152047,7.96296296296296,14.3333333333333
12,all_eligible,0.5,1063,518,332,532,full_vs_property_only,full,property_only,6.57894736842105,10.5421686746988,35
12,priority_pool,0.5,447,186,180,224,full_vs_property_only,full,property_only,8.9810924369748,11.1764705882353,20.1176470588235
12,priority_fixed_quota,0.5,447,186,180,225,full_vs_property_only,full,property_only,8.56296296296296,10.7037037037037,19.2666666666667
13,all_eligible,0.1,1234,518,254,124,full_vs_property_only,full,property_only,4.83870967741935,2.36220472440945,6
13,priority_pool,0.1,503,183,114,51,full_vs_property_only,full,property_only,1.96078431372549,0.87719298245614,1
13,priority_fixed_quota,0.1,503,183,114,52,full_vs_property_only,full,property_only,-3.84615384615384,-1.75438596491228,-2
13,all_eligible,0.25,1234,518,254,309,full_vs_property_only,full,property_only,11.3098279679782,13.7588064649814,34.9473684210526
13,priority_pool,0.25,503,183,114,126,full_vs_property_only,full,property_only,2.38095238095238,2.63157894736842,3
13,priority_fixed_quota,0.25,503,183,114,127,full_vs_property_only,full,property_only,-1.57480314960629,-1.75438596491228,-1.99999999999999
13,all_eligible,0.5,1234,518,254,617,full_vs_property_only,full,property_only,6.84314784801008,16.6229221347332,42.2222222222222
13,priority_pool,0.5,503,183,114,252,full_vs_property_only,full,property_only,2.87698412698413,6.35964912280701,7.25
13,priority_fixed_quota,0.5,503,183,114,252,full_vs_property_only,full,property_only,5.54692891649413,12.2616323417239,13.9782608695652
14,all_eligible,0.1,1081,518,196,109,full_vs_property_only,full,property_only,-12.8440366972477,-7.14285714285714,-14
14,priority_pool,0.1,471,172,95,48,full_vs_property_only,full,property_only,-12.5,-6.31578947368421,-6
14,priority_fixed_quota,0.1,471,172,95,49,full_vs_property_only,full,property_only,-24.4897959183673,-12.6315789473684,-12
14,all_eligible,0.25,1081,518,196,271,full_vs_property_only,full,property_only,-3.46863468634686,-4.79591836734694,-9.39999999999999
14,priority_pool,0.25,471,172,95,118,full_vs_property_only,full,property_only,-7.01078582434515,-8.70813397129187,-8.27272727272727
14,priority_fixed_quota,0.25,471,172,95,119,full_vs_property_only,full,property_only,-10.8643457382953,-13.609022556391,-12.9285714285714
14,all_eligible,0.5,1081,518,196,541,full_vs_property_only,full,property_only,3.97412199630314,10.969387755102,21.5
14,priority_pool,0.5,471,172,95,236,full_vs_property_only,full,property_only,2.77053455019557,6.88259109311741,6.53846153846154
14,priority_fixed_quota,0.5,471,172,95,237,full_vs_property_only,full,property_only,1.13924050632911,2.84210526315789,2.7
15,all_eligible,0.1,1154,518,255,116,full_vs_property_only,full,property_only,10.5603448275862,4.80392156862745,12.25
15,priority_pool,0.1,482,197,150,49,full_vs_property_only,full,property_only,4.89795918367347,1.6,2.4
15,priority_fixed_quota,0.1,482,197,150,49,full_vs_property_only,full,property_only,2.24489795918367,0.733333333333336,1.1
15,all_eligible,0.25,1154,518,255,289,full_vs_property_only,full,property_only,8.00461361014994,9.0718954248366,23.1333333333333
15,priority_pool,0.25,482,197,150,121,full_vs_property_only,full,property_only,12.3048668503214,9.92592592592592,14.8888888888889
15,priority_fixed_quota,0.25,482,197,150,121,full_vs_property_only,full,property_only,9.45821854912764,7.62962962962963,11.4444444444444
15,all_eligible,0.5,1154,518,255,577,full_vs_property_only,full,property_only,4.19410745233968,9.49019607843137,24.2
15,priority_pool,0.5,482,197,150,241,full_vs_property_only,full,property_only,5.27563722584469,8.47619047619047,12.7142857142857
15,priority_fixed_quota,0.5,482,197,150,241,full_vs_property_only,full,property_only,6.19442797866034,9.95238095238096,14.9285714285714
16,all_eligible,0.1,1195,518,251,120,full_vs_property_only,full,property_only,7.91666666666667,3.78486055776893,9.5
16,priority_pool,0.1,535,196,133,54,full_vs_property_only,full,property_only,7.67195767195767,3.11493018259935,4.14285714285714
16,priority_fixed_quota,0.1,535,196,133,56,full_vs_property_only,full,property_only,3.86904761904762,1.62907268170426,2.16666666666667
16,all_eligible,0.25,1195,518,251,299,full_vs_property_only,full,property_only,4.87338748208314,5.8053500284576,14.5714285714286
16,priority_pool,0.25,535,196,133,134,full_vs_property_only,full,property_only,4.85074626865671,4.88721804511278,6.5
16,priority_fixed_quota,0.25,535,196,133,135,full_vs_property_only,full,property_only,9.18518518518519,9.32330827067669,12.4
16,all_eligible,0.5,1195,518,251,598,full_vs_property_only,full,property_only,6.36971723928246,15.1756609923941,38.0909090909091
16,priority_pool,0.5,535,196,133,268,full_vs_property_only,full,property_only,3.54477611940299,7.14285714285714,9.5
16,priority_fixed_quota,0.5,535,196,133,268,full_vs_property_only,full,property_only,3.15565031982943,6.35875402792696,8.45714285714286
17,all_eligible,0.1,1000,518,295,100,full_vs_property_only,full,property_only,13.4,4.54237288135593,13.4
17,priority_pool,0.1,392,189,145,40,full_vs_property_only,full,property_only,7.5,2.06896551724138,3
17,priority_fixed_quota,0.1,392,189,145,41,full_vs_property_only,full,property_only,6.5040650406504,1.83908045977011,2.66666666666666
17,all_eligible,0.25,1000,518,295,250,full_vs_property_only,full,property_only,14.6,12.3728813559322,36.5
17,priority_pool,0.25,392,189,145,98,full_vs_property_only,full,property_only,15.7142857142857,10.6206896551724,15.4
17,priority_fixed_quota,0.25,392,189,145,99,full_vs_property_only,full,property_only,14.1414141414141,9.6551724137931,14
17,all_eligible,0.5,1000,518,295,500,full_vs_property_only,full,property_only,6.9,11.6949152542373,34.5
17,priority_pool,0.5,392,189,145,196,full_vs_property_only,full,property_only,12.0991253644315,16.3546798029557,23.7142857142857
17,priority_fixed_quota,0.5,392,189,145,197,full_vs_property_only,full,property_only,12.7266134880348,17.2906403940887,25.0714285714286
18,all_eligible,0.1,1042,518,284,105,full_vs_property_only,full,property_only,18.0952380952381,6.69014084507042,19
18,priority_pool,0.1,448,184,174,45,full_vs_property_only,full,property_only,42.962962962963,11.1111111111111,19.3333333333333
18,priority_fixed_quota,0.1,448,184,174,46,full_vs_property_only,full,property_only,40.7971014492754,10.7854406130268,18.7666666666667
18,all_eligible,0.25,1042,518,284,261,full_vs_property_only,full,property_only,13.1704980842912,12.1038732394366,34.375
18,priority_pool,0.25,448,184,174,112,full_vs_property_only,full,property_only,13.8392857142857,8.90804597701149,15.5
18,priority_fixed_quota,0.25,448,184,174,113,full_vs_property_only,full,property_only,12.7265065318163,8.26491516146688,14.3809523809524
18,all_eligible,0.5,1042,518,284,521,full_vs_property_only,full,property_only,4.44411634430828,8.1527627302275,23.1538461538461
18,priority_pool,0.5,448,184,174,224,full_vs_property_only,full,property_only,9.93303571428571,12.7873563218391,22.25
18,priority_fixed_quota,0.5,448,184,174,224,full_vs_property_only,full,property_only,9.7470238095238,12.5478927203065,21.8333333333333
19,all_eligible,0.1,1270,518,242,127,full_vs_property_only,full,property_only,11.9685039370079,6.28099173553719,15.2
19,priority_pool,0.1,513,194,130,52,full_vs_property_only,full,property_only,11.5384615384615,4.61538461538462,6
19,priority_fixed_quota,0.1,513,194,130,53,full_vs_property_only,full,property_only,13.2075471698113,5.38461538461539,7
19,all_eligible,0.25,1270,518,242,318,full_vs_property_only,full,property_only,6.83962264150943,8.98760330578513,21.75
19,priority_pool,0.25,513,194,130,129,full_vs_property_only,full,property_only,11.8493909191584,11.7582417582418,15.2857142857143
19,priority_fixed_quota,0.25,513,194,130,130,full_vs_property_only,full,property_only,10.3296703296703,10.3296703296703,13.4285714285714
19,all_eligible,0.5,1270,518,242,635,full_vs_property_only,full,property_only,6.92913385826772,18.1818181818182,44
19,priority_pool,0.5,513,194,130,257,full_vs_property_only,full,property_only,3.0067209055536,5.94405594405596,7.72727272727275
19,priority_fixed_quota,0.5,513,194,130,257,full_vs_property_only,full,property_only,3.3604527767952,6.64335664335666,8.63636363636365
20,all_eligible,0.1,1358,518,358,136,full_vs_property_only,full,property_only,22.0588235294118,8.37988826815643,30
20,priority_pool,0.1,591,188,195,60,full_vs_property_only,full,property_only,26.6666666666667,8.2051282051282,16
20,priority_fixed_quota,0.1,591,188,195,60,full_vs_property_only,full,property_only,30,9.23076923076923,18
20,all_eligible,0.25,1358,518,358,340,full_vs_property_only,full,property_only,17.843137254902,16.9459962756052,60.6666666666667
20,priority_pool,0.25,591,188,195,148,full_vs_property_only,full,property_only,19.8841698841699,15.0915750915751,29.4285714285714
20,priority_fixed_quota,0.25,591,188,195,149,full_vs_property_only,full,property_only,12.5639181847236,9.60012210012211,18.7202380952381
20,all_eligible,0.5,1358,518,358,679,full_vs_property_only,full,property_only,7.70039974752788,14.6049481245012,52.2857142857143
20,priority_pool,0.5,591,188,195,296,full_vs_property_only,full,property_only,11.9144144144144,18.0854700854701,35.2666666666667
20,priority_fixed_quota,0.5,591,188,195,296,full_vs_property_only,full,property_only,5.14264264264264,7.80626780626781,15.2222222222222
21,all_eligible,0.1,1114,518,292,112,full_vs_property_only,full,property_only,29.0178571428571,11.1301369863014,32.5
21,priority_pool,0.1,401,173,141,41,full_vs_property_only,full,property_only,36.5853658536585,10.6382978723404,15
21,priority_fixed_quota,0.1,401,173,141,42,full_vs_property_only,full,property_only,41.6666666666667,12.4113475177305,17.5
21,all_eligible,0.25,1114,518,292,279,full_vs_property_only,full,property_only,16.6069295101553,15.8675799086758,46.3333333333334
21,priority_pool,0.25,401,173,141,101,full_vs_property_only,full,property_only,32.6732673267327,23.4042553191489,33
21,priority_fixed_quota,0.25,401,173,141,102,full_vs_property_only,full,property_only,27.5541795665635,19.93281075028,28.1052631578948
21,all_eligible,0.5,1114,518,292,557,full_vs_property_only,full,property_only,9.65888689407541,18.4246575342466,53.8
21,priority_pool,0.5,401,173,141,201,full_vs_property_only,full,property_only,12.5,17.8191489361702,25.125
21,priority_fixed_quota,0.5,401,173,141,202,full_vs_property_only,full,property_only,8.76944837340877,12.5633232016211,17.7142857142857
22,all_eligible,0.1,1226,518,307,123,full_vs_property_only,full,property_only,22.1544715447155,8.87622149837134,27.25
22,priority_pool,0.1,568,176,179,57,full_vs_property_only,full,property_only,39.4736842105263,12.5698324022346,22.5
22,priority_fixed_quota,0.1,568,176,179,58,full_vs_property_only,full,property_only,24.1379310344828,7.82122905027933,14
22,all_eligible,0.25,1226,518,307,307,full_vs_property_only,full,property_only,7.81758957654724,7.81758957654724,24
22,priority_pool,0.25,568,176,179,142,full_vs_property_only,full,property_only,19.0140845070423,15.0837988826816,27
22,priority_fixed_quota,0.25,568,176,179,143,full_vs_property_only,full,property_only,21.2121212121212,16.9459962756052,30.3333333333333
22,all_eligible,0.5,1226,518,307,613,full_vs_property_only,full,property_only,0.163132137030997,0.325732899022801,1
22,priority_pool,0.5,568,176,179,284,full_vs_property_only,full,property_only,4.5774647887324,7.26256983240223,13
22,priority_fixed_quota,0.5,568,176,179,285,full_vs_property_only,full,property_only,5.82456140350877,9.27374301675978,16.6
23,all_eligible,0.1,1106,518,312,111,full_vs_property_only,full,property_only,10.8108108108108,3.84615384615385,12
23,priority_pool,0.1,467,183,166,47,full_vs_property_only,full,property_only,8.12379110251451,2.30010952902519,3.81818181818182
23,priority_fixed_quota,0.1,467,183,166,48,full_vs_property_only,full,property_only,4.16666666666666,1.20481927710843,2
23,all_eligible,0.25,1106,518,312,277,full_vs_property_only,full,property_only,8.86281588447653,7.86858974358974,24.55
23,priority_pool,0.25,467,183,166,117,full_vs_property_only,full,property_only,11.2820512820513,7.95180722891566,13.2
23,priority_fixed_quota,0.25,467,183,166,117,full_vs_property_only,full,property_only,11.5622032288699,8.14926372155288,13.5277777777778
23,all_eligible,0.5,1106,518,312,553,full_vs_property_only,full,property_only,3.43580470162749,6.08974358974359,19
23,priority_pool,0.5,467,183,166,234,full_vs_property_only,full,property_only,5.66239316239316,7.98192771084337,13.25
23,priority_fixed_quota,0.5,467,183,166,234,full_vs_property_only,full,property_only,10.1139601139601,14.2570281124498,23.6666666666667
24,all_eligible,0.1,1161,518,369,117,full_vs_property_only,full,property_only,28.3760683760684,8.99728997289973,33.2
24,priority_pool,0.1,552,180,232,56,full_vs_property_only,full,property_only,31.3186813186813,7.55968169761273,17.5384615384615
24,priority_fixed_quota,0.1,552,180,232,56,full_vs_property_only,full,property_only,26.2362637362637,6.33289124668435,14.6923076923077
24,all_eligible,0.25,1161,518,369,291,full_vs_property_only,full,property_only,13.9747995418098,11.0207768744354,40.6666666666666
24,priority_pool,0.25,552,180,232,138,full_vs_property_only,full,property_only,18.5990338164251,11.0632183908046,25.6666666666667
24,priority_fixed_quota,0.25,552,180,232,139,full_vs_property_only,full,property_only,24.7189261577751,14.8100462755635,34.3593073593074
24,all_eligible,0.5,1161,518,369,581,full_vs_property_only,full,property_only,6.19621342512909,9.75609756097561,36
24,priority_pool,0.5,552,180,232,276,full_vs_property_only,full,property_only,10.3182104599874,12.2751124437781,28.4782608695652
24,priority_fixed_quota,0.5,552,180,232,277,full_vs_property_only,full,property_only,12.4386744422846,14.8513483642794,34.4551282051282
25,all_eligible,0.1,1231,518,316,124,full_vs_property_only,full,property_only,10.0806451612903,3.95569620253165,12.5
25,priority_pool,0.1,485,182,159,49,full_vs_property_only,full,property_only,11.1317254174397,3.43053173241852,5.45454545454545
25,priority_fixed_quota,0.1,485,182,159,50,full_vs_property_only,full,property_only,4.85714285714285,1.52740341419587,2.42857142857143
25,all_eligible,0.25,1231,518,316,308,full_vs_property_only,full,property_only,9.74025974025974,9.49367088607595,30
25,priority_pool,0.25,485,182,159,122,full_vs_property_only,full,property_only,10.0702576112412,7.72686433063792,12.2857142857143
25,priority_fixed_quota,0.25,485,182,159,122,full_vs_property_only,full,property_only,9.63114754098361,7.38993710691824,11.75
25,all_eligible,0.5,1231,518,316,616,full_vs_property_only,full,property_only,4.22077922077922,8.22784810126582,26
25,priority_pool,0.5,485,182,159,243,full_vs_property_only,full,property_only,6.47212869435092,9.89136649514009,15.7272727272727
25,priority_fixed_quota,0.5,485,182,159,243,full_vs_property_only,full,property_only,7.9520697167756,12.1531631520533,19.3235294117647
26,all_eligible,0.1,1179,518,322,118,full_vs_property_only,full,property_only,4.80225988700565,1.75983436853002,5.66666666666666
26,priority_pool,0.1,524,192,173,53,full_vs_property_only,full,property_only,25.2830188679245,7.7456647398844,13.4
26,priority_fixed_quota,0.1,524,192,173,54,full_vs_property_only,full,property_only,6.17283950617284,1.92678227360308,3.33333333333333
26,all_eligible,0.25,1179,518,322,295,full_vs_property_only,full,property_only,12.9055690072639,11.8234250221828,38.0714285714286
26,priority_pool,0.25,524,192,173,131,full_vs_property_only,full,property_only,3.05343511450382,2.3121387283237,4
26,priority_fixed_quota,0.25,524,192,173,132,full_vs_property_only,full,property_only,10.2495543672014,7.82046922815369,13.5294117647059
26,all_eligible,0.5,1179,518,322,590,full_vs_property_only,full,property_only,3.34140435835351,6.12244897959184,19.7142857142857
26,priority_pool,0.5,524,192,173,262,full_vs_property_only,full,property_only,6.70059372349448,10.1477199743096,17.5555555555555
26,priority_fixed_quota,0.5,524,192,173,263,full_vs_property_only,full,property_only,6.28802281368821,9.5592485549133,16.5375
27,all_eligible,0.1,1227,518,263,123,full_vs_property_only,full,property_only,-2.09059233449477,-0.97772949483976,-2.57142857142857
27,priority_pool,0.1,528,197,134,53,full_vs_property_only,full,property_only,-1.88679245283019,-0.746268656716417,-1
27,priority_fixed_quota,0.1,528,197,134,54,full_vs_property_only,full,property_only,0.617283950617287,0.248756218905474,0.333333333333336
27,all_eligible,0.25,1227,518,263,307,full_vs_property_only,full,property_only,6.26409421197694,7.31207955542557,19.2307692307692
27,priority_pool,0.25,528,197,134,132,full_vs_property_only,full,property_only,-4.87012987012987,-4.79744136460554,-6.42857142857143
27,priority_fixed_quota,0.25,528,197,134,133,full_vs_property_only,full,property_only,-2.85714285714286,-2.83582089552239,-3.8
27,all_eligible,0.5,1227,518,263,614,full_vs_property_only,full,property_only,3.90879478827362,9.1254752851711,24
27,priority_pool,0.5,528,197,134,264,full_vs_property_only,full,property_only,0.932400932400929,1.8369690011481,2.46153846153845
27,priority_fixed_quota,0.5,528,197,134,265,full_vs_property_only,full,property_only,2.92452830188679,5.78358208955223,7.75
28,all_eligible,0.1,1117,518,290,112,full_vs_property_only,full,property_only,4.46428571428572,1.72413793103448,5
28,priority_pool,0.1,511,197,180,52,full_vs_property_only,full,property_only,20.1923076923077,5.83333333333333,10.5
28,priority_fixed_quota,0.1,511,197,180,52,full_vs_property_only,full,property_only,12.5,3.61111111111111,6.5
28,all_eligible,0.25,1117,518,290,280,full_vs_property_only,full,property_only,10.625,10.2586206896552,29.75
28,priority_pool,0.25,511,197,180,128,full_vs_property_only,full,property_only,2.08333333333333,1.48148148148148,2.66666666666666
28,priority_fixed_quota,0.25,511,197,180,128,full_vs_property_only,full,property_only,5.80729166666666,4.12962962962963,7.43333333333333
28,all_eligible,0.5,1117,518,290,559,full_vs_property_only,full,property_only,6.97674418604651,13.448275862069,39
28,priority_pool,0.5,511,197,180,256,full_vs_property_only,full,property_only,11.6159539473684,16.5204678362573,29.7368421052632
28,priority_fixed_quota,0.5,511,197,180,256,full_vs_property_only,full,property_only,4.66522752192983,6.6349902534113,11.9429824561404
29,all_eligible,0.1,1156,518,226,116,full_vs_property_only,full,property_only,-9.48275862068965,-4.86725663716814,-11
29,priority_pool,0.1,518,180,122,52,full_vs_property_only,full,property_only,-0.961538461538464,-0.409836065573771,-0.5
29,priority_fixed_quota,0.1,518,180,122,54,full_vs_property_only,full,property_only,-5.70987654320988,-2.52732240437159,-3.08333333333333
29,all_eligible,0.25,1156,518,226,289,full_vs_property_only,full,property_only,-0.778546712802769,-0.995575221238937,-2.25
29,priority_pool,0.25,518,180,122,130,full_vs_property_only,full,property_only,-7.69230769230769,-8.19672131147541,-10
29,priority_fixed_quota,0.25,518,180,122,130,full_vs_property_only,full,property_only,-7.21719457013574,-7.69045323047251,-9.38235294117646
29,all_eligible,0.5,1156,518,226,578,full_vs_property_only,full,property_only,3.54671280276817,9.07079646017699,20.5
29,priority_pool,0.5,518,180,122,259,full_vs_property_only,full,property_only,3.21750321750322,6.83060109289617,8.33333333333333
29,priority_fixed_quota,0.5,518,180,122,260,full_vs_property_only,full,property_only,1.15384615384616,2.45901639344261,3
30,all_eligible,0.1,1100,518,287,110,full_vs_property_only,full,property_only,32.5454545454546,12.4738675958188,35.8
30,priority_pool,0.1,483,187,177,49,full_vs_property_only,full,property_only,40.8163265306122,11.2994350282486,20
30,priority_fixed_quota,0.1,483,187,177,49,full_vs_property_only,full,property_only,34.6938775510204,9.6045197740113,17
30,all_eligible,0.25,1100,518,287,275,full_vs_property_only,full,property_only,15.5454545454545,14.8954703832753,42.75
30,priority_pool,0.25,483,187,177,121,full_vs_property_only,full,property_only,30.9917355371901,21.1864406779661,37.5
30,priority_fixed_quota,0.25,483,187,177,122,full_vs_property_only,full,property_only,21.8032786885246,15.0282485875706,26.6
30,all_eligible,0.5,1100,518,287,550,full_vs_property_only,full,property_only,9.49090909090909,18.1881533101045,52.2
30,priority_pool,0.5,483,187,177,242,full_vs_property_only,full,property_only,12.0454545454546,16.4689265536723,29.15
30,priority_fixed_quota,0.5,483,187,177,243,full_vs_property_only,full,property_only,12.8251923421006,17.6074674527143,31.1652173913044
31,all_eligible,0.1,1391,518,388,140,full_vs_property_only,full,property_only,2.5,0.902061855670103,3.5
31,priority_pool,0.1,618,194,226,62,full_vs_property_only,full,property_only,19.3548387096774,5.30973451327434,12
31,priority_fixed_quota,0.1,618,194,226,63,full_vs_property_only,full,property_only,4.76190476190476,1.32743362831858,3
31,all_eligible,0.25,1391,518,388,348,full_vs_property_only,full,property_only,0.451559934318568,0.40500736377026,1.57142857142861
31,priority_pool,0.25,618,194,226,155,full_vs_property_only,full,property_only,6.33431085043988,4.34432823813355,9.81818181818182
31,priority_fixed_quota,0.25,618,194,226,156,full_vs_property_only,full,property_only,2.53496503496506,1.74979887369269,3.9545454545455
31,all_eligible,0.5,1391,518,388,696,full_vs_property_only,full,property_only,1.91810344827585,3.44072164948452,13.35
31,priority_pool,0.5,618,194,226,309,full_vs_property_only,full,property_only,3.12066574202496,4.26675094816686,9.64285714285711
31,priority_fixed_quota,0.5,618,194,226,309,full_vs_property_only,full,property_only,1.42394822006474,1.94690265486727,4.40000000000003
32,all_eligible,0.1,1234,518,332,124,full_vs_property_only,full,property_only,29.3346774193548,10.9563253012048,36.375
32,priority_pool,0.1,498,172,187,50,full_vs_property_only,full,property_only,38,10.1604278074866,19
32,priority_fixed_quota,0.1,498,172,187,51,full_vs_property_only,full,property_only,37.2549019607843,10.1604278074866,19
32,all_eligible,0.25,1234,518,332,309,full_vs_property_only,full,property_only,12.8333891306774,11.9443290402991,39.6551724137931
32,priority_pool,0.25,498,172,187,125,full_vs_property_only,full,property_only,28.5,19.0508021390374,35.625
32,priority_fixed_quota,0.25,498,172,187,125,full_vs_property_only,full,property_only,27.5545454545455,18.4188138065143,34.4431818181818
32,all_eligible,0.5,1234,518,332,617,full_vs_property_only,full,property_only,8.83306320907618,16.4156626506024,54.5
32,priority_pool,0.5,498,172,187,249,full_vs_property_only,full,property_only,8.6201950659782,11.4782276546982,21.4642857142857
32,priority_fixed_quota,0.5,498,172,187,249,full_vs_property_only,full,property_only,8.65174985656914,11.5202444614209,21.5428571428571
33,all_eligible,0.1,1174,518,269,118,full_vs_property_only,full,property_only,5.93220338983051,2.60223048327138,7
33,priority_pool,0.1,465,195,140,47,full_vs_property_only,full,property_only,10.6382978723404,3.57142857142857,5
33,priority_fixed_quota,0.1,465,195,140,48,full_vs_property_only,full,property_only,9.375,3.21428571428571,4.5
33,all_eligible,0.25,1174,518,269,294,full_vs_property_only,full,property_only,3.40136054421769,3.71747211895911,10
33,priority_pool,0.25,465,195,140,117,full_vs_property_only,full,property_only,5.12820512820513,4.28571428571429,6
33,priority_fixed_quota,0.25,465,195,140,117,full_vs_property_only,full,property_only,5.1939513477975,4.34065934065934,6.07692307692307
33,all_eligible,0.5,1174,518,269,587,full_vs_property_only,full,property_only,4.22487223168654,9.21933085501859,24.8
33,priority_pool,0.5,465,195,140,233,full_vs_property_only,full,property_only,3.56223175965664,5.92857142857142,8.29999999999998
33,priority_fixed_quota,0.5,465,195,140,233,full_vs_property_only,full,property_only,2.48927038626609,4.14285714285713,5.79999999999998
34,all_eligible,0.1,1427,518,388,143,full_vs_property_only,full,property_only,19.1808191808192,7.06921944035346,27.4285714285714
34,priority_pool,0.1,618,185,217,62,full_vs_property_only,full,property_only,16.4874551971326,4.71070148489503,10.2222222222222
34,priority_fixed_quota,0.1,618,185,217,63,full_vs_property_only,full,property_only,26.4550264550265,7.68049155145929,16.6666666666667
34,all_eligible,0.25,1427,518,388,357,full_vs_property_only,full,property_only,14.0056022408964,12.8865979381443,50
34,priority_pool,0.25,618,185,217,155,full_vs_property_only,full,property_only,26.0215053763441,18.5867895545315,40.3333333333333
34,priority_fixed_quota,0.25,618,185,217,155,full_vs_property_only,full,property_only,22.4530308401276,16.0378791715197,34.8021978021978
34,all_eligible,0.5,1427,518,388,714,full_vs_property_only,full,property_only,4.14565826330532,7.62886597938144,29.6
34,priority_pool,0.5,618,185,217,309,full_vs_property_only,full,property_only,9.37040305972343,13.3431085043988,28.9545454545454
34,priority_fixed_quota,0.5,618,185,217,309,full_vs_property_only,full,property_only,9.12372417226787,12.9918468628146,28.1923076923077
35,all_eligible,0.1,1280,518,359,128,full_vs_property_only,full,property_only,18.6383928571429,6.64544369279745,23.8571428571429
35,priority_pool,0.1,548,189,212,55,full_vs_property_only,full,property_only,31.1111111111111,8.07127882599581,17.1111111111111
35,priority_fixed_quota,0.1,548,189,212,57,full_vs_property_only,full,property_only,28.4600389863548,7.65199161425576,16.2222222222222
35,all_eligible,0.25,1280,518,359,320,full_vs_property_only,full,property_only,10.6597222222222,9.50170225936243,34.1111111111111
35,priority_pool,0.25,548,189,212,137,full_vs_property_only,full,property_only,13.7122002085506,8.8611859838275,18.7857142857143
35,priority_fixed_quota,0.25,548,189,212,138,full_vs_property_only,full,property_only,10.5590062111801,6.87331536388139,14.5714285714286
35,all_eligible,0.5,1280,518,359,640,full_vs_property_only,full,property_only,5.59375,9.97214484679666,35.8
35,priority_pool,0.5,548,189,212,274,full_vs_property_only,full,property_only,5.79886455798865,7.49475890985325,15.8888888888889
35,priority_fixed_quota,0.5,548,189,212,275,full_vs_property_only,full,property_only,4.8874458874459,6.33984725965859,13.4404761904762
36,all_eligible,0.1,1029,518,236,103,full_vs_property_only,full,property_only,16.9902912621359,7.41525423728814,17.5
36,priority_pool,0.1,433,188,129,44,full_vs_property_only,full,property_only,9.84848484848485,3.35917312661499,4.33333333333333
36,priority_fixed_quota,0.1,433,188,129,45,full_vs_property_only,full,property_only,-1.53846153846154,-0.536672629695886,-0.692307692307693
36,all_eligible,0.25,1029,518,236,258,full_vs_property_only,full,property_only,14.2980189491817,15.6308851224105,36.8888888888889
36,priority_pool,0.25,433,188,129,109,full_vs_property_only,full,property_only,15.5963302752294,13.1782945736434,17
36,priority_fixed_quota,0.25,433,188,129,109,full_vs_property_only,full,property_only,8.2350371341197,6.95828719084533,8.97619047619047
36,all_eligible,0.5,1029,518,236,515,full_vs_property_only,full,property_only,8.68932038834952,18.9618644067797,44.75
36,priority_pool,0.5,433,188,129,217,full_vs_property_only,full,property_only,11.5207373271889,19.3798449612403,25
36,priority_fixed_quota,0.5,433,188,129,217,full_vs_property_only,full,property_only,12.4423963133641,20.9302325581395,27
37,all_eligible,0.1,1246,518,333,125,full_vs_property_only,full,property_only,28.32,10.6306306306306,35.4
37,priority_pool,0.1,540,187,180,54,full_vs_property_only,full,property_only,38.8888888888889,11.6666666666667,21
37,priority_fixed_quota,0.1,540,187,180,56,full_vs_property_only,full,property_only,24.5535714285714,7.63888888888889,13.75
37,all_eligible,0.25,1246,518,333,312,full_vs_property_only,full,property_only,11.5384615384615,10.8108108108108,36
37,priority_pool,0.25,540,187,180,135,full_vs_property_only,full,property_only,25.9259259259259,19.4444444444444,35
37,priority_fixed_quota,0.25,540,187,180,136,full_vs_property_only,full,property_only,19.7058823529412,14.8888888888889,26.8
37,all_eligible,0.5,1246,518,333,623,full_vs_property_only,full,property_only,8.54946354650671,15.9949423107318,53.2631578947368
37,priority_pool,0.5,540,187,180,270,full_vs_property_only,full,property_only,13.1687242798354,19.7530864197531,35.5555555555555
37,priority_fixed_quota,0.5,540,187,180,271,full_vs_property_only,full,property_only,10.0123001230012,15.0740740740741,27.1333333333333
38,all_eligible,0.1,1290,518,279,129,full_vs_property_only,full,property_only,22.093023255814,10.2150537634409,28.5
38,priority_pool,0.1,587,198,163,59,full_vs_property_only,full,property_only,37.2881355932203,13.4969325153374,22
38,priority_fixed_quota,0.1,587,198,163,60,full_vs_property_only,full,property_only,32.2222222222222,11.8609406952965,19.3333333333333
38,all_eligible,0.25,1290,518,279,323,full_vs_property_only,full,property_only,6.33764341649973,7.337128399747,20.4705882352941
38,priority_pool,0.25,587,198,163,147,full_vs_property_only,full,property_only,23.0536659108088,20.7907293796864,33.8888888888889
38,priority_fixed_quota,0.25,587,198,163,148,full_vs_property_only,full,property_only,13.3253842077372,12.0991218573319,19.721568627451
38,all_eligible,0.5,1290,518,279,645,full_vs_property_only,full,property_only,4.96124031007752,11.4695340501792,32
38,priority_pool,0.5,587,198,163,294,full_vs_property_only,full,property_only,4.90196078431373,8.84157343919163,14.4117647058824
38,priority_fixed_quota,0.5,587,198,163,294,full_vs_property_only,full,property_only,5.18433179723504,9.35088066495153,15.241935483871
39,all_eligible,0.1,1285,518,321,129,full_vs_property_only,full,property_only,19.724375538329,7.92661820699204,25.4444444444444
39,priority_pool,0.1,491,185,168,50,full_vs_property_only,full,property_only,35,10.4166666666667,17.5
39,priority_fixed_quota,0.1,491,185,168,50,full_vs_property_only,full,property_only,35.1428571428571,10.4591836734694,17.5714285714286
39,all_eligible,0.25,1285,518,321,322,full_vs_property_only,full,property_only,4.71318962367556,4.72787245739418,15.1764705882353
39,priority_pool,0.25,491,185,168,123,full_vs_property_only,full,property_only,19.1508581752484,14.021164021164,23.5555555555556
39,priority_fixed_quota,0.25,491,185,168,123,full_vs_property_only,full,property_only,15.9891598915989,11.7063492063492,19.6666666666667
39,all_eligible,0.5,1285,518,321,643,full_vs_property_only,full,property_only,6.18195956454121,12.3831775700935,39.75
39,priority_pool,0.5,491,185,168,246,full_vs_property_only,full,property_only,-0.522648083623678,-0.765306122448961,-1.28571428571425
39,priority_fixed_quota,0.5,491,185,168,246,full_vs_property_only,full,property_only,-0.203252032520324,-0.297619047619047,-0.5
40,all_eligible,0.1,1055,518,287,106,full_vs_property_only,full,property_only,28.5714285714286,10.5525136884022,30.2857142857143
40,priority_pool,0.1,469,178,166,47,full_vs_property_only,full,property_only,28.3142389525368,8.01668211306765,13.3076923076923
40,priority_fixed_quota,0.1,469,178,166,49,full_vs_property_only,full,property_only,23.4432234432235,6.91998764287921,11.4871794871795
40,all_eligible,0.25,1055,518,287,264,full_vs_property_only,full,property_only,18.4090909090909,16.9337979094077,48.6
40,priority_pool,0.25,469,178,166,118,full_vs_property_only,full,property_only,23.728813559322,16.8674698795181,28
40,priority_fixed_quota,0.25,469,178,166,118,full_vs_property_only,full,property_only,24.09200968523,17.1256454388984,28.4285714285714
40,all_eligible,0.5,1055,518,287,528,full_vs_property_only,full,property_only,9.84848484848485,18.1184668989547,52
40,priority_pool,0.5,469,178,166,235,full_vs_property_only,full,property_only,9.36170212765957,13.2530120481928,22
40,priority_fixed_quota,0.5,469,178,166,235,full_vs_property_only,full,property_only,11.3911620294599,16.1260426320667,26.7692307692308
41,all_eligible,0.1,999,518,205,100,full_vs_property_only,full,property_only,-4,-1.95121951219512,-4
41,priority_pool,0.1,356,177,96,36,full_vs_property_only,full,property_only,6.48148148148149,2.43055555555556,2.33333333333333
41,priority_fixed_quota,0.1,356,177,96,37,full_vs_property_only,full,property_only,-3.86100386100385,-1.48809523809524,-1.42857142857143
41,all_eligible,0.25,999,518,205,250,full_vs_property_only,full,property_only,4.98666666666667,6.08130081300813,12.4666666666667
41,priority_pool,0.25,356,177,96,89,full_vs_property_only,full,property_only,-0.56179775280899,-0.520833333333337,-0.5
41,priority_fixed_quota,0.25,356,177,96,90,full_vs_property_only,full,property_only,-5.06172839506173,-4.74537037037037,-4.55555555555556
41,all_eligible,0.5,999,518,205,500,full_vs_property_only,full,property_only,6.08888888888889,14.8509485094851,30.4444444444444
41,priority_pool,0.5,356,177,96,178,full_vs_property_only,full,property_only,2.4514811031665,4.54545454545455,4.36363636363637
41,priority_fixed_quota,0.5,356,177,96,178,full_vs_property_only,full,property_only,3.31971399387129,6.15530303030303,5.90909090909091
42,all_eligible,0.1,1235,518,243,124,full_vs_property_only,full,property_only,-7.25806451612903,-3.7037037037037,-9
42,priority_pool,0.1,462,174,105,47,full_vs_property_only,full,property_only,-3.54609929078014,-1.58730158730159,-1.66666666666667
42,priority_fixed_quota,0.1,462,174,105,48,full_vs_property_only,full,property_only,0.694444444444442,0.317460317460319,0.333333333333334
42,all_eligible,0.25,1235,518,243,309,full_vs_property_only,full,property_only,4.53074433656958,5.76131687242799,14
42,priority_pool,0.25,462,174,105,116,full_vs_property_only,full,property_only,-4.02298850574713,-4.44444444444444,-4.66666666666666
42,priority_fixed_quota,0.25,462,174,105,117,full_vs_property_only,full,property_only,-4.55840455840456,-5.07936507936508,-5.33333333333333
42,all_eligible,0.5,1235,518,243,618,full_vs_property_only,full,property_only,6.31067961165049,16.0493827160494,39
42,priority_pool,0.5,462,174,105,231,full_vs_property_only,full,property_only,0.742115027829315,1.6326530612245,1.71428571428572
42,priority_fixed_quota,0.5,462,174,105,232,full_vs_property_only,full,property_only,1.49835796387521,3.31065759637188,3.47619047619048
43,all_eligible,0.1,1253,518,307,126,full_vs_property_only,full,property_only,5.55555555555556,2.28013029315961,7
43,priority_pool,0.1,535,188,176,54,full_vs_property_only,full,property_only,9.25925925925926,2.84090909090909,5
43,priority_fixed_quota,0.1,535,188,176,55,full_vs_property_only,full,property_only,0.909090909090909,0.284090909090909,0.5
43,all_eligible,0.25,1253,518,307,314,full_vs_property_only,full,property_only,5.56388160359686,5.690745353516,17.4705882352941
43,priority_pool,0.25,535,188,176,134,full_vs_property_only,full,property_only,3.49567949725059,2.66148325358852,4.6842105263158
43,priority_fixed_quota,0.25,535,188,176,135,full_vs_property_only,full,property_only,2.81481481481482,2.15909090909091,3.8
43,all_eligible,0.5,1253,518,307,627,full_vs_property_only,full,property_only,4.04858299595141,8.26860435980956,25.3846153846154
43,priority_pool,0.5,535,188,176,268,full_vs_property_only,full,property_only,2.1370420624152,3.25413223140495,5.72727272727272
43,priority_fixed_quota,0.5,535,188,176,268,full_vs_property_only,full,property_only,4.71506105834464,7.1797520661157,12.6363636363636
44,all_eligible,0.1,1224,518,249,123,full_vs_property_only,full,property_only,0.271002710027102,0.133868808567605,0.333333333333336
44,priority_pool,0.1,482,187,130,49,full_vs_property_only,full,property_only,9.91253644314869,3.73626373626374,4.85714285714286
44,priority_fixed_quota,0.1,482,187,130,50,full_vs_property_only,full,property_only,-1.33333333333333,-0.512820512820514,-0.666666666666668
44,all_eligible,0.25,1224,518,249,306,full_vs_property_only,full,property_only,5.78623606305267,7.11079612567919,17.7058823529412
44,priority_pool,0.25,482,187,130,121,full_vs_property_only,full,property_only,0.275482093663915,0.256410256410256,0.333333333333336
44,priority_fixed_quota,0.25,482,187,130,122,full_vs_property_only,full,property_only,-5.24590163934426,-4.92307692307692,-6.4
44,all_eligible,0.5,1224,518,249,612,full_vs_property_only,full,property_only,5.22875816993464,12.85140562249,32
44,priority_pool,0.5,482,187,130,241,full_vs_property_only,full,property_only,5.3941908713693,10,13
44,priority_fixed_quota,0.5,482,187,130,242,full_vs_property_only,full,property_only,2.66012396694215,4.95192307692307,6.4375
45,all_eligible,0.1,1230,518,298,123,full_vs_property_only,full,property_only,16.9715447154472,7.00503355704698,20.875
45,priority_pool,0.1,533,187,164,54,full_vs_property_only,full,property_only,18.5185185185185,6.09756097560976,10
45,priority_fixed_quota,0.1,533,187,164,54,full_vs_property_only,full,property_only,9.25925925925926,3.04878048780488,5
45,all_eligible,0.25,1230,518,298,308,full_vs_property_only,full,property_only,14.5104895104895,14.9974186886939,44.6923076923077
45,priority_pool,0.25,533,187,164,134,full_vs_property_only,full,property_only,17.1641791044776,14.0243902439024,23
45,priority_fixed_quota,0.25,533,187,164,134,full_vs_property_only,full,property_only,18.407960199005,15.0406504065041,24.6666666666667
45,all_eligible,0.5,1230,518,298,615,full_vs_property_only,full,property_only,5.36585365853659,11.0738255033557,33
45,priority_pool,0.5,533,187,164,267,full_vs_property_only,full,property_only,12.8205128205128,20.8724202626642,34.2307692307692
45,priority_fixed_quota,0.5,533,187,164,267,full_vs_property_only,full,property_only,14.071696094168,22.9094076655052,37.5714285714286
46,all_eligible,0.1,1096,518,295,110,full_vs_property_only,full,property_only,6.36363636363637,2.3728813559322,7
46,priority_pool,0.1,442,176,153,45,full_vs_property_only,full,property_only,9.44444444444444,2.77777777777778,4.25
46,priority_fixed_quota,0.1,442,176,153,45,full_vs_property_only,full,property_only,2.96296296296296,0.871459694989107,1.33333333333333
46,all_eligible,0.25,1096,518,295,274,full_vs_property_only,full,property_only,2.91970802919708,2.71186440677966,8
46,priority_pool,0.25,442,176,153,111,full_vs_property_only,full,property_only,1.35135135135135,0.980392156862744,1.5
46,priority_fixed_quota,0.25,442,176,153,112,full_vs_property_only,full,property_only,3.07539682539683,2.25127087872186,3.44444444444444
46,all_eligible,0.5,1096,518,295,548,full_vs_property_only,full,property_only,0.9685569904548,1.79921773142113,5.30769230769232
46,priority_pool,0.5,442,176,153,221,full_vs_property_only,full,property_only,0.123406005758953,0.178253119429594,0.272727272727281
46,priority_fixed_quota,0.5,442,176,153,222,full_vs_property_only,full,property_only,-2.28228228228228,-3.3115468409586,-5.06666666666666
47,all_eligible,0.1,1294,518,289,130,full_vs_property_only,full,property_only,35.7142857142857,16.0652496292635,46.4285714285714
47,priority_pool,0.1,611,186,178,62,full_vs_property_only,full,property_only,33.8709677419355,11.7977528089888,21
47,priority_fixed_quota,0.1,611,186,178,63,full_vs_property_only,full,property_only,39.4179894179894,13.9513108614232,24.8333333333333
47,all_eligible,0.25,1294,518,289,324,full_vs_property_only,full,property_only,7.22222222222222,8.09688581314879,23.4
47,priority_pool,0.25,611,186,178,153,full_vs_property_only,full,property_only,27.6688453159041,23.7827715355805,42.3333333333333
47,priority_fixed_quota,0.25,611,186,178,154,full_vs_property_only,full,property_only,32.6530612244898,28.2504012841092,50.2857142857143
47,all_eligible,0.5,1294,518,289,647,full_vs_property_only,full,property_only,6.95517774343122,15.5709342560554,45
47,priority_pool,0.5,611,186,178,306,full_vs_property_only,full,property_only,5.7516339869281,9.88764044943818,17.6
47,priority_fixed_quota,0.5,611,186,178,306,full_vs_property_only,full,property_only,5.85660526836997,10.0680966973102,17.9212121212121
48,all_eligible,0.1,1050,518,274,105,full_vs_property_only,full,property_only,19.2380952380952,7.37226277372263,20.2
48,priority_pool,0.1,434,189,159,44,full_vs_property_only,full,property_only,39.0909090909091,10.8176100628931,17.2
48,priority_fixed_quota,0.1,434,189,159,45,full_vs_property_only,full,property_only,35.5555555555556,10.062893081761,16
48,all_eligible,0.25,1050,518,274,263,full_vs_property_only,full,property_only,16.687790452049,16.0178426601784,43.8888888888889
48,priority_pool,0.25,434,189,159,109,full_vs_property_only,full,property_only,17.9816513761468,12.3270440251572,19.6
48,priority_fixed_quota,0.25,434,189,159,110,full_vs_property_only,full,property_only,22.9717341482047,15.8923946937266,25.2689075630252
48,all_eligible,0.5,1050,518,274,525,full_vs_property_only,full,property_only,8.30075187969925,15.904725316942,43.5789473684211
48,priority_pool,0.5,434,189,159,217,full_vs_property_only,full,property_only,12.5345622119816,17.1069182389937,27.2
48,priority_fixed_quota,0.5,434,189,159,218,full_vs_property_only,full,property_only,12.3547400611621,16.9392033542977,26.9333333333333
49,all_eligible,0.1,1110,518,324,111,full_vs_property_only,full,property_only,19.8198198198198,6.79012345679012,22
49,priority_pool,0.1,500,219,216,50,full_vs_property_only,full,property_only,45.75,10.5902777777778,22.875
49,priority_fixed_quota,0.1,500,219,216,51,full_vs_property_only,full,property_only,39.7058823529412,9.375,20.25
49,all_eligible,0.25,1110,518,324,278,full_vs_property_only,full,property_only,0.359712230215836,0.308641975308638,1
49,priority_pool,0.25,500,219,216,125,full_vs_property_only,full,property_only,17.4,10.0694444444444,21.75
49,priority_fixed_quota,0.25,500,219,216,126,full_vs_property_only,full,property_only,19.6145124716553,11.4417989417989,24.7142857142857
49,all_eligible,0.5,1110,518,324,555,full_vs_property_only,full,property_only,3.85308385308385,6.60018993352326,21.3846153846154
49,priority_pool,0.5,500,219,216,250,full_vs_property_only,full,property_only,2.17142857142857,2.51322751322751,5.42857142857142
49,priority_fixed_quota,0.5,500,219,216,251,full_vs_property_only,full,property_only,0.882185543540126,1.02513227513227,2.21428571428569
50,all_eligible,0.1,1270,518,331,127,full_vs_property_only,full,property_only,20.4724409448819,7.85498489425982,26
50,priority_pool,0.1,484,190,165,49,full_vs_property_only,full,property_only,11.9897959183673,3.56060606060606,5.875
50,priority_fixed_quota,0.1,484,190,165,50,full_vs_property_only,full,property_only,16.8571428571429,5.10822510822511,8.42857142857143
50,all_eligible,0.25,1270,518,331,318,full_vs_property_only,full,property_only,15.3039832285115,14.7029204431017,48.6666666666667
50,priority_pool,0.25,484,190,165,121,full_vs_property_only,full,property_only,14.6399055489965,10.7359307359307,17.7142857142857
50,priority_fixed_quota,0.25,484,190,165,121,full_vs_property_only,full,property_only,9.02733630006357,6.62004662004662,10.9230769230769
50,all_eligible,0.5,1270,518,331,635,full_vs_property_only,full,property_only,6.69291338582677,12.8398791540785,42.5
50,priority_pool,0.5,484,190,165,242,full_vs_property_only,full,property_only,10.271546635183,15.0649350649351,24.8571428571429
50,priority_fixed_quota,0.5,484,190,165,242,full_vs_property_only,full,property_only,11.0192837465565,16.1616161616162,26.6666666666667
