split,segment,fraction,model,n_listings,n_hosts,target_count,quota,expected_target_selected,precision,recall
1,Melbourne 2BR Apartment/unit,0.1,baseline,374,150,103,38,10.4652406417112,0.275401069518717,0.101604278074866
1,Melbourne 3BR Apartment/unit,0.1,baseline,82,39,27,9,2.96341463414634,0.329268292682927,0.109756097560976
1,Yarra Ranges 3BR House/townhouse,0.1,baseline,19,17,6,2,0.631578947368421,0.315789473684211,0.105263157894737
1,Melbourne 2BR Apartment/unit,0.1,property_only,374,150,103,38,15.8571428571429,0.417293233082707,0.153952843273232
1,Melbourne 3BR Apartment/unit,0.1,property_only,82,39,27,9,1.33333333333333,0.148148148148148,0.0493827160493827
1,Yarra Ranges 3BR House/townhouse,0.1,property_only,19,17,6,2,0,0,0
1,Melbourne 2BR Apartment/unit,0.1,full,374,150,103,38,18,0.473684210526316,0.174757281553398
1,Melbourne 3BR Apartment/unit,0.1,full,82,39,27,9,9,1,0.333333333333333
1,Yarra Ranges 3BR House/townhouse,0.1,full,19,17,6,2,1,0.5,0.166666666666667
1,Melbourne 2BR Apartment/unit,0.25,baseline,374,150,103,94,25.8877005347593,0.275401069518716,0.251336898395722
1,Melbourne 3BR Apartment/unit,0.25,baseline,82,39,27,21,6.91463414634146,0.329268292682927,0.25609756097561
1,Yarra Ranges 3BR House/townhouse,0.25,baseline,19,17,6,5,1.57894736842105,0.315789473684211,0.263157894736842
1,Melbourne 2BR Apartment/unit,0.25,property_only,374,150,103,94,45,0.478723404255319,0.436893203883495
1,Melbourne 3BR Apartment/unit,0.25,property_only,82,39,27,21,9.11111111111111,0.433862433862434,0.337448559670782
1,Yarra Ranges 3BR House/townhouse,0.25,property_only,19,17,6,5,2.5,0.5,0.416666666666667
1,Melbourne 2BR Apartment/unit,0.25,full,374,150,103,94,41,0.436170212765957,0.398058252427184
1,Melbourne 3BR Apartment/unit,0.25,full,82,39,27,21,16,0.761904761904762,0.592592592592593
1,Yarra Ranges 3BR House/townhouse,0.25,full,19,17,6,5,2,0.4,0.333333333333333
1,Melbourne 2BR Apartment/unit,0.5,baseline,374,150,103,187,51.5,0.275401069518717,0.5
1,Melbourne 3BR Apartment/unit,0.5,baseline,82,39,27,41,13.5,0.329268292682927,0.5
1,Yarra Ranges 3BR House/townhouse,0.5,baseline,19,17,6,10,3.15789473684211,0.315789473684211,0.526315789473684
1,Melbourne 2BR Apartment/unit,0.5,property_only,374,150,103,187,72.2380952380953,0.386299974535269,0.701340730466944
1,Melbourne 3BR Apartment/unit,0.5,property_only,82,39,27,41,21.3333333333333,0.520325203252033,0.790123456790123
1,Yarra Ranges 3BR House/townhouse,0.5,property_only,19,17,6,10,4,0.4,0.666666666666667
1,Melbourne 2BR Apartment/unit,0.5,full,374,150,103,187,79,0.422459893048128,0.766990291262136
1,Melbourne 3BR Apartment/unit,0.5,full,82,39,27,41,23,0.560975609756098,0.851851851851852
1,Yarra Ranges 3BR House/townhouse,0.5,full,19,17,6,10,4,0.4,0.666666666666667
2,Melbourne 2BR Apartment/unit,0.1,baseline,294,145,87,30,8.87755102040816,0.295918367346939,0.102040816326531
2,Melbourne 3BR Apartment/unit,0.1,baseline,68,42,23,7,2.36764705882353,0.338235294117647,0.102941176470588
2,Yarra Ranges 3BR House/townhouse,0.1,baseline,35,28,13,4,1.48571428571429,0.371428571428572,0.114285714285714
2,Melbourne 2BR Apartment/unit,0.1,property_only,294,145,87,30,13.6666666666667,0.455555555555556,0.157088122605364
2,Melbourne 3BR Apartment/unit,0.1,property_only,68,42,23,7,2,0.285714285714286,0.0869565217391304
2,Yarra Ranges 3BR House/townhouse,0.1,property_only,35,28,13,4,1,0.25,0.0769230769230769
2,Melbourne 2BR Apartment/unit,0.1,full,294,145,87,30,16,0.533333333333333,0.183908045977012
2,Melbourne 3BR Apartment/unit,0.1,full,68,42,23,7,4,0.571428571428571,0.173913043478261
2,Yarra Ranges 3BR House/townhouse,0.1,full,35,28,13,4,3,0.75,0.230769230769231
2,Melbourne 2BR Apartment/unit,0.25,baseline,294,145,87,74,21.8979591836734,0.295918367346938,0.251700680272109
2,Melbourne 3BR Apartment/unit,0.25,baseline,68,42,23,17,5.75,0.338235294117647,0.25
2,Yarra Ranges 3BR House/townhouse,0.25,baseline,35,28,13,9,3.34285714285714,0.371428571428571,0.257142857142857
2,Melbourne 2BR Apartment/unit,0.25,property_only,294,145,87,74,29.9090909090909,0.404176904176904,0.343782654127482
2,Melbourne 3BR Apartment/unit,0.25,property_only,68,42,23,17,4,0.235294117647059,0.173913043478261
2,Yarra Ranges 3BR House/townhouse,0.25,property_only,35,28,13,9,4,0.444444444444444,0.307692307692308
2,Melbourne 2BR Apartment/unit,0.25,full,294,145,87,74,35,0.472972972972973,0.402298850574713
2,Melbourne 3BR Apartment/unit,0.25,full,68,42,23,17,9,0.529411764705882,0.391304347826087
2,Yarra Ranges 3BR House/townhouse,0.25,full,35,28,13,9,5,0.555555555555556,0.384615384615385
2,Melbourne 2BR Apartment/unit,0.5,baseline,294,145,87,147,43.5,0.295918367346939,0.5
2,Melbourne 3BR Apartment/unit,0.5,baseline,68,42,23,34,11.5,0.338235294117647,0.5
2,Yarra Ranges 3BR House/townhouse,0.5,baseline,35,28,13,18,6.68571428571429,0.371428571428571,0.514285714285714
2,Melbourne 2BR Apartment/unit,0.5,property_only,294,145,87,147,53.1538461538462,0.361590790162219,0.610963748894783
2,Melbourne 3BR Apartment/unit,0.5,property_only,68,42,23,34,11.5,0.338235294117647,0.5
2,Yarra Ranges 3BR House/townhouse,0.5,property_only,35,28,13,18,7,0.388888888888889,0.538461538461538
2,Melbourne 2BR Apartment/unit,0.5,full,294,145,87,147,61,0.414965986394558,0.701149425287356
2,Melbourne 3BR Apartment/unit,0.5,full,68,42,23,34,16,0.470588235294118,0.695652173913044
2,Yarra Ranges 3BR House/townhouse,0.5,full,35,28,13,18,8,0.444444444444444,0.615384615384615
3,Melbourne 2BR Apartment/unit,0.1,baseline,392,161,106,40,10.8163265306122,0.270408163265306,0.102040816326531
3,Melbourne 3BR Apartment/unit,0.1,baseline,79,45,28,8,2.83544303797469,0.354430379746836,0.10126582278481
3,Yarra Ranges 3BR House/townhouse,0.1,baseline,25,22,12,3,1.44,0.48,0.12
3,Melbourne 2BR Apartment/unit,0.1,property_only,392,161,106,40,12.8571428571429,0.321428571428571,0.121293800539084
3,Melbourne 3BR Apartment/unit,0.1,property_only,79,45,28,8,4.66666666666667,0.583333333333333,0.166666666666667
3,Yarra Ranges 3BR House/townhouse,0.1,property_only,25,22,12,3,2,0.666666666666667,0.166666666666667
3,Melbourne 2BR Apartment/unit,0.1,full,392,161,106,40,16,0.4,0.150943396226415
3,Melbourne 3BR Apartment/unit,0.1,full,79,45,28,8,5,0.625,0.178571428571429
3,Yarra Ranges 3BR House/townhouse,0.1,full,25,22,12,3,3,1,0.25
3,Melbourne 2BR Apartment/unit,0.25,baseline,392,161,106,98,26.5,0.270408163265306,0.25
3,Melbourne 3BR Apartment/unit,0.25,baseline,79,45,28,20,7.0886075949367,0.354430379746835,0.253164556962025
3,Yarra Ranges 3BR House/townhouse,0.25,baseline,25,22,12,7,3.36,0.48,0.28
3,Melbourne 2BR Apartment/unit,0.25,property_only,392,161,106,98,33.7142857142857,0.34402332361516,0.318059299191375
3,Melbourne 3BR Apartment/unit,0.25,property_only,79,45,28,20,9.33333333333333,0.466666666666667,0.333333333333333
3,Yarra Ranges 3BR House/townhouse,0.25,property_only,25,22,12,7,5,0.714285714285714,0.416666666666667
3,Melbourne 2BR Apartment/unit,0.25,full,392,161,106,98,37,0.377551020408163,0.349056603773585
3,Melbourne 3BR Apartment/unit,0.25,full,79,45,28,20,10,0.5,0.357142857142857
3,Yarra Ranges 3BR House/townhouse,0.25,full,25,22,12,7,6,0.857142857142857,0.5
3,Melbourne 2BR Apartment/unit,0.5,baseline,392,161,106,196,53,0.270408163265306,0.5
3,Melbourne 3BR Apartment/unit,0.5,baseline,79,45,28,40,14.1772151898734,0.354430379746835,0.50632911392405
3,Yarra Ranges 3BR House/townhouse,0.5,baseline,25,22,12,13,6.24,0.48,0.52
3,Melbourne 2BR Apartment/unit,0.5,property_only,392,161,106,196,55.4117647058824,0.282713085234094,0.522752497225305
3,Melbourne 3BR Apartment/unit,0.5,property_only,79,45,28,40,14,0.35,0.5
3,Yarra Ranges 3BR House/townhouse,0.5,property_only,25,22,12,13,8,0.615384615384615,0.666666666666667
3,Melbourne 2BR Apartment/unit,0.5,full,392,161,106,196,74,0.377551020408163,0.69811320754717
3,Melbourne 3BR Apartment/unit,0.5,full,79,45,28,40,17,0.425,0.607142857142857
3,Yarra Ranges 3BR House/townhouse,0.5,full,25,22,12,13,10,0.769230769230769,0.833333333333333
4,Melbourne 2BR Apartment/unit,0.1,baseline,475,133,174,48,17.5831578947368,0.366315789473684,0.101052631578947
4,Melbourne 3BR Apartment/unit,0.1,baseline,122,50,68,13,7.24590163934425,0.557377049180327,0.10655737704918
4,Yarra Ranges 3BR House/townhouse,0.1,baseline,25,21,4,3,0.48,0.16,0.12
4,Melbourne 2BR Apartment/unit,0.1,property_only,475,133,174,48,23.5,0.489583333333333,0.135057471264368
4,Melbourne 3BR Apartment/unit,0.1,property_only,122,50,68,13,8,0.615384615384615,0.117647058823529
4,Yarra Ranges 3BR House/townhouse,0.1,property_only,25,21,4,3,1,0.333333333333333,0.25
4,Melbourne 2BR Apartment/unit,0.1,full,475,133,174,48,30,0.625,0.172413793103448
4,Melbourne 3BR Apartment/unit,0.1,full,122,50,68,13,12,0.923076923076923,0.176470588235294
4,Yarra Ranges 3BR House/townhouse,0.1,full,25,21,4,3,3,1,0.75
4,Melbourne 2BR Apartment/unit,0.25,baseline,475,133,174,119,43.5915789473684,0.366315789473684,0.250526315789474
4,Melbourne 3BR Apartment/unit,0.25,baseline,122,50,68,31,17.2786885245902,0.557377049180328,0.254098360655738
4,Yarra Ranges 3BR House/townhouse,0.25,baseline,25,21,4,7,1.12,0.16,0.28
4,Melbourne 2BR Apartment/unit,0.25,property_only,475,133,174,119,66.2222222222222,0.556489262371615,0.38058748403576
4,Melbourne 3BR Apartment/unit,0.25,property_only,122,50,68,31,21.1428571428571,0.682027649769585,0.310924369747899
4,Yarra Ranges 3BR House/townhouse,0.25,property_only,25,21,4,7,2,0.285714285714286,0.5
4,Melbourne 2BR Apartment/unit,0.25,full,475,133,174,119,62,0.521008403361345,0.35632183908046
4,Melbourne 3BR Apartment/unit,0.25,full,122,50,68,31,28,0.903225806451613,0.411764705882353
4,Yarra Ranges 3BR House/townhouse,0.25,full,25,21,4,7,3,0.428571428571429,0.75
4,Melbourne 2BR Apartment/unit,0.5,baseline,475,133,174,238,87.1831578947368,0.366315789473684,0.501052631578947
4,Melbourne 3BR Apartment/unit,0.5,baseline,122,50,68,61,34,0.557377049180328,0.5
4,Yarra Ranges 3BR House/townhouse,0.5,baseline,25,21,4,13,2.08,0.16,0.52
4,Melbourne 2BR Apartment/unit,0.5,property_only,475,133,174,238,113.666666666667,0.477591036414566,0.653256704980843
4,Melbourne 3BR Apartment/unit,0.5,property_only,122,50,68,61,42.6666666666667,0.699453551912568,0.627450980392157
4,Yarra Ranges 3BR House/townhouse,0.5,property_only,25,21,4,13,2,0.153846153846154,0.5
4,Melbourne 2BR Apartment/unit,0.5,full,475,133,174,238,114,0.478991596638655,0.655172413793103
4,Melbourne 3BR Apartment/unit,0.5,full,122,50,68,61,41,0.672131147540984,0.602941176470588
4,Yarra Ranges 3BR House/townhouse,0.5,full,25,21,4,13,3,0.230769230769231,0.75
5,Melbourne 2BR Apartment/unit,0.1,baseline,306,154,99,31,10.0294117647059,0.323529411764705,0.101307189542483
5,Melbourne 3BR Apartment/unit,0.1,baseline,104,42,46,11,4.86538461538462,0.442307692307693,0.105769230769231
5,Yarra Ranges 3BR House/townhouse,0.1,baseline,26,19,6,3,0.692307692307692,0.230769230769231,0.115384615384615
5,Melbourne 2BR Apartment/unit,0.1,property_only,306,154,99,31,7,0.225806451612903,0.0707070707070707
5,Melbourne 3BR Apartment/unit,0.1,property_only,104,42,46,11,3,0.272727272727273,0.0652173913043478
5,Yarra Ranges 3BR House/townhouse,0.1,property_only,26,19,6,3,1.33333333333333,0.444444444444444,0.222222222222222
5,Melbourne 2BR Apartment/unit,0.1,full,306,154,99,31,18,0.580645161290323,0.181818181818182
5,Melbourne 3BR Apartment/unit,0.1,full,104,42,46,11,10,0.909090909090909,0.217391304347826
5,Yarra Ranges 3BR House/townhouse,0.1,full,26,19,6,3,2,0.666666666666667,0.333333333333333
5,Melbourne 2BR Apartment/unit,0.25,baseline,306,154,99,77,24.9117647058824,0.323529411764707,0.251633986928105
5,Melbourne 3BR Apartment/unit,0.25,baseline,104,42,46,26,11.5,0.442307692307692,0.25
5,Yarra Ranges 3BR House/townhouse,0.25,baseline,26,19,6,7,1.61538461538462,0.230769230769231,0.269230769230769
5,Melbourne 2BR Apartment/unit,0.25,property_only,306,154,99,77,19.5714285714286,0.25417439703154,0.197691197691198
5,Melbourne 3BR Apartment/unit,0.25,property_only,104,42,46,26,8,0.307692307692308,0.173913043478261
5,Yarra Ranges 3BR House/townhouse,0.25,property_only,26,19,6,7,2,0.285714285714286,0.333333333333333
5,Melbourne 2BR Apartment/unit,0.25,full,306,154,99,77,36,0.467532467532468,0.363636363636364
5,Melbourne 3BR Apartment/unit,0.25,full,104,42,46,26,22,0.846153846153846,0.478260869565217
5,Yarra Ranges 3BR House/townhouse,0.25,full,26,19,6,7,3,0.428571428571429,0.5
5,Melbourne 2BR Apartment/unit,0.5,baseline,306,154,99,153,49.5,0.323529411764706,0.5
5,Melbourne 3BR Apartment/unit,0.5,baseline,104,42,46,52,23,0.442307692307692,0.5
5,Yarra Ranges 3BR House/townhouse,0.5,baseline,26,19,6,13,3,0.230769230769231,0.5
5,Melbourne 2BR Apartment/unit,0.5,property_only,306,154,99,153,59.2,0.386928104575163,0.597979797979798
5,Melbourne 3BR Apartment/unit,0.5,property_only,104,42,46,52,27.4,0.526923076923077,0.595652173913044
5,Yarra Ranges 3BR House/townhouse,0.5,property_only,26,19,6,13,4,0.307692307692308,0.666666666666667
5,Melbourne 2BR Apartment/unit,0.5,full,306,154,99,153,72,0.470588235294118,0.727272727272727
5,Melbourne 3BR Apartment/unit,0.5,full,104,42,46,52,31,0.596153846153846,0.673913043478261
5,Yarra Ranges 3BR House/townhouse,0.5,full,26,19,6,13,3,0.230769230769231,0.5
6,Melbourne 2BR Apartment/unit,0.1,baseline,347,131,141,35,14.2219020172911,0.406340057636888,0.100864553314121
6,Melbourne 3BR Apartment/unit,0.1,baseline,72,36,22,8,2.44444444444445,0.305555555555556,0.111111111111111
6,Yarra Ranges 3BR House/townhouse,0.1,baseline,34,27,10,4,1.17647058823529,0.294117647058824,0.117647058823529
6,Melbourne 2BR Apartment/unit,0.1,property_only,347,131,141,35,12.5,0.357142857142857,0.0886524822695036
6,Melbourne 3BR Apartment/unit,0.1,property_only,72,36,22,8,3,0.375,0.136363636363636
6,Yarra Ranges 3BR House/townhouse,0.1,property_only,34,27,10,4,2.5,0.625,0.25
6,Melbourne 2BR Apartment/unit,0.1,full,347,131,141,35,18,0.514285714285714,0.127659574468085
6,Melbourne 3BR Apartment/unit,0.1,full,72,36,22,8,4,0.5,0.181818181818182
6,Yarra Ranges 3BR House/townhouse,0.1,full,34,27,10,4,4,1,0.4
6,Melbourne 2BR Apartment/unit,0.25,baseline,347,131,141,87,35.3515850144091,0.406340057636886,0.2507204610951
6,Melbourne 3BR Apartment/unit,0.25,baseline,72,36,22,18,5.5,0.305555555555556,0.25
6,Yarra Ranges 3BR House/townhouse,0.25,baseline,34,27,10,9,2.64705882352941,0.294117647058824,0.264705882352941
6,Melbourne 2BR Apartment/unit,0.25,property_only,347,131,141,87,34.2857142857143,0.394088669950739,0.243161094224924
6,Melbourne 3BR Apartment/unit,0.25,property_only,72,36,22,18,6.5,0.361111111111111,0.295454545454545
6,Yarra Ranges 3BR House/townhouse,0.25,property_only,34,27,10,9,5,0.555555555555556,0.5
6,Melbourne 2BR Apartment/unit,0.25,full,347,131,141,87,51,0.586206896551724,0.361702127659575
6,Melbourne 3BR Apartment/unit,0.25,full,72,36,22,18,9,0.5,0.409090909090909
6,Yarra Ranges 3BR House/townhouse,0.25,full,34,27,10,9,6,0.666666666666667,0.6
6,Melbourne 2BR Apartment/unit,0.5,baseline,347,131,141,174,70.7031700288182,0.406340057636886,0.5014409221902
6,Melbourne 3BR Apartment/unit,0.5,baseline,72,36,22,36,11,0.305555555555556,0.5
6,Yarra Ranges 3BR House/townhouse,0.5,baseline,34,27,10,17,5,0.294117647058824,0.5
6,Melbourne 2BR Apartment/unit,0.5,property_only,347,131,141,174,74.6818181818182,0.429205851619645,0.529658284977434
6,Melbourne 3BR Apartment/unit,0.5,property_only,72,36,22,36,9.75,0.270833333333333,0.443181818181818
6,Yarra Ranges 3BR House/townhouse,0.5,property_only,34,27,10,17,7,0.411764705882353,0.7
6,Melbourne 2BR Apartment/unit,0.5,full,347,131,141,174,91,0.522988505747127,0.645390070921986
6,Melbourne 3BR Apartment/unit,0.5,full,72,36,22,36,11,0.305555555555556,0.5
6,Yarra Ranges 3BR House/townhouse,0.5,full,34,27,10,17,7,0.411764705882353,0.7
7,Melbourne 2BR Apartment/unit,0.1,baseline,433,165,135,44,13.7182448036952,0.311778290993072,0.10161662817552
7,Melbourne 3BR Apartment/unit,0.1,baseline,100,36,39,10,3.9,0.39,0.1
7,Yarra Ranges 3BR House/townhouse,0.1,baseline,24,22,6,3,0.75,0.25,0.125
7,Melbourne 2BR Apartment/unit,0.1,property_only,433,165,135,44,15.4,0.35,0.114074074074074
7,Melbourne 3BR Apartment/unit,0.1,property_only,100,36,39,10,4,0.4,0.102564102564103
7,Yarra Ranges 3BR House/townhouse,0.1,property_only,24,22,6,3,2,0.666666666666667,0.333333333333333
7,Melbourne 2BR Apartment/unit,0.1,full,433,165,135,44,18,0.409090909090909,0.133333333333333
7,Melbourne 3BR Apartment/unit,0.1,full,100,36,39,10,6,0.6,0.153846153846154
7,Yarra Ranges 3BR House/townhouse,0.1,full,24,22,6,3,1,0.333333333333333,0.166666666666667
7,Melbourne 2BR Apartment/unit,0.25,baseline,433,165,135,109,33.9838337182448,0.311778290993072,0.251732101616628
7,Melbourne 3BR Apartment/unit,0.25,baseline,100,36,39,25,9.75,0.39,0.25
7,Yarra Ranges 3BR House/townhouse,0.25,baseline,24,22,6,6,1.5,0.25,0.25
7,Melbourne 2BR Apartment/unit,0.25,property_only,433,165,135,109,35.0666666666667,0.3217125382263,0.259753086419753
7,Melbourne 3BR Apartment/unit,0.25,property_only,100,36,39,25,7.2,0.288,0.184615384615385
7,Yarra Ranges 3BR House/townhouse,0.25,property_only,24,22,6,6,3.5,0.583333333333333,0.583333333333333
7,Melbourne 2BR Apartment/unit,0.25,full,433,165,135,109,46,0.422018348623853,0.340740740740741
7,Melbourne 3BR Apartment/unit,0.25,full,100,36,39,25,14,0.56,0.358974358974359
7,Yarra Ranges 3BR House/townhouse,0.25,full,24,22,6,6,3,0.5,0.5
7,Melbourne 2BR Apartment/unit,0.5,baseline,433,165,135,217,67.6558891454967,0.311778290993072,0.501154734411087
7,Melbourne 3BR Apartment/unit,0.5,baseline,100,36,39,50,19.5,0.39,0.5
7,Yarra Ranges 3BR House/townhouse,0.5,baseline,24,22,6,12,3,0.25,0.5
7,Melbourne 2BR Apartment/unit,0.5,property_only,433,165,135,217,66.1428571428572,0.304805793285056,0.48994708994709
7,Melbourne 3BR Apartment/unit,0.5,property_only,100,36,39,50,16,0.32,0.41025641025641
7,Yarra Ranges 3BR House/townhouse,0.5,property_only,24,22,6,12,4.66666666666667,0.388888888888889,0.777777777777778
7,Melbourne 2BR Apartment/unit,0.5,full,433,165,135,217,91,0.419354838709677,0.674074074074074
7,Melbourne 3BR Apartment/unit,0.5,full,100,36,39,50,21,0.42,0.538461538461538
7,Yarra Ranges 3BR House/townhouse,0.5,full,24,22,6,12,3,0.25,0.5
8,Melbourne 2BR Apartment/unit,0.1,baseline,385,150,143,39,14.4857142857143,0.371428571428571,0.101298701298701
8,Melbourne 3BR Apartment/unit,0.1,baseline,132,46,51,14,5.40909090909091,0.386363636363637,0.106060606060606
8,Yarra Ranges 3BR House/townhouse,0.1,baseline,32,24,6,4,0.75,0.1875,0.125
8,Melbourne 2BR Apartment/unit,0.1,property_only,385,150,143,39,10.5,0.269230769230769,0.0734265734265734
8,Melbourne 3BR Apartment/unit,0.1,property_only,132,46,51,14,6.75,0.482142857142857,0.132352941176471
8,Yarra Ranges 3BR House/townhouse,0.1,property_only,32,24,6,4,1,0.25,0.166666666666667
8,Melbourne 2BR Apartment/unit,0.1,full,385,150,143,39,27,0.692307692307692,0.188811188811189
8,Melbourne 3BR Apartment/unit,0.1,full,132,46,51,14,13,0.928571428571429,0.254901960784314
8,Yarra Ranges 3BR House/townhouse,0.1,full,32,24,6,4,3,0.75,0.5
8,Melbourne 2BR Apartment/unit,0.25,baseline,385,150,143,97,36.0285714285715,0.371428571428572,0.251948051948052
8,Melbourne 3BR Apartment/unit,0.25,baseline,132,46,51,33,12.75,0.386363636363636,0.25
8,Yarra Ranges 3BR House/townhouse,0.25,baseline,32,24,6,8,1.5,0.1875,0.25
8,Melbourne 2BR Apartment/unit,0.25,property_only,385,150,143,97,35.6,0.367010309278351,0.248951048951049
8,Melbourne 3BR Apartment/unit,0.25,property_only,132,46,51,33,15.5,0.46969696969697,0.303921568627451
8,Yarra Ranges 3BR House/townhouse,0.25,property_only,32,24,6,8,3,0.375,0.5
8,Melbourne 2BR Apartment/unit,0.25,full,385,150,143,97,50,0.515463917525773,0.34965034965035
8,Melbourne 3BR Apartment/unit,0.25,full,132,46,51,33,22,0.666666666666667,0.431372549019608
8,Yarra Ranges 3BR House/townhouse,0.25,full,32,24,6,8,5,0.625,0.833333333333333
8,Melbourne 2BR Apartment/unit,0.5,baseline,385,150,143,193,71.6857142857144,0.371428571428572,0.501298701298702
8,Melbourne 3BR Apartment/unit,0.5,baseline,132,46,51,66,25.5,0.386363636363636,0.5
8,Yarra Ranges 3BR House/townhouse,0.5,baseline,32,24,6,16,3,0.1875,0.5
8,Melbourne 2BR Apartment/unit,0.5,property_only,385,150,143,193,73.4615384615385,0.380629732961339,0.513717052178591
8,Melbourne 3BR Apartment/unit,0.5,property_only,132,46,51,66,32.9090909090909,0.49862258953168,0.645276292335116
8,Yarra Ranges 3BR House/townhouse,0.5,property_only,32,24,6,16,5,0.3125,0.833333333333333
8,Melbourne 2BR Apartment/unit,0.5,full,385,150,143,193,90,0.466321243523316,0.629370629370629
8,Melbourne 3BR Apartment/unit,0.5,full,132,46,51,66,33,0.5,0.647058823529412
8,Yarra Ranges 3BR House/townhouse,0.5,full,32,24,6,16,6,0.375,1
9,Melbourne 2BR Apartment/unit,0.1,baseline,363,162,101,37,10.2947658402204,0.278236914600551,0.101928374655647
9,Melbourne 3BR Apartment/unit,0.1,baseline,82,43,20,9,2.19512195121951,0.24390243902439,0.109756097560976
9,Yarra Ranges 3BR House/townhouse,0.1,baseline,31,23,5,4,0.645161290322581,0.161290322580645,0.129032258064516
9,Melbourne 2BR Apartment/unit,0.1,property_only,363,162,101,37,13.5,0.364864864864865,0.133663366336634
9,Melbourne 3BR Apartment/unit,0.1,property_only,82,43,20,9,1.75,0.194444444444444,0.0875
9,Yarra Ranges 3BR House/townhouse,0.1,property_only,31,23,5,4,1,0.25,0.2
9,Melbourne 2BR Apartment/unit,0.1,full,363,162,101,37,5,0.135135135135135,0.0495049504950495
9,Melbourne 3BR Apartment/unit,0.1,full,82,43,20,9,4,0.444444444444444,0.2
9,Yarra Ranges 3BR House/townhouse,0.1,full,31,23,5,4,2,0.5,0.4
9,Melbourne 2BR Apartment/unit,0.25,baseline,363,162,101,91,25.3195592286502,0.278236914600551,0.25068870523416
9,Melbourne 3BR Apartment/unit,0.25,baseline,82,43,20,21,5.12195121951219,0.24390243902439,0.25609756097561
9,Yarra Ranges 3BR House/townhouse,0.25,baseline,31,23,5,8,1.29032258064516,0.161290322580645,0.258064516129032
9,Melbourne 2BR Apartment/unit,0.25,property_only,363,162,101,91,33.4615384615385,0.36770921386306,0.331302361005331
9,Melbourne 3BR Apartment/unit,0.25,property_only,82,43,20,21,4.28571428571429,0.204081632653061,0.214285714285714
9,Yarra Ranges 3BR House/townhouse,0.25,property_only,31,23,5,8,3,0.375,0.6
9,Melbourne 2BR Apartment/unit,0.25,full,363,162,101,91,19,0.208791208791209,0.188118811881188
9,Melbourne 3BR Apartment/unit,0.25,full,82,43,20,21,9,0.428571428571429,0.45
9,Yarra Ranges 3BR House/townhouse,0.25,full,31,23,5,8,3,0.375,0.6
9,Melbourne 2BR Apartment/unit,0.5,baseline,363,162,101,182,50.6391184573003,0.278236914600551,0.50137741046832
9,Melbourne 3BR Apartment/unit,0.5,baseline,82,43,20,41,10,0.24390243902439,0.5
9,Yarra Ranges 3BR House/townhouse,0.5,baseline,31,23,5,16,2.58064516129032,0.161290322580645,0.516129032258065
9,Melbourne 2BR Apartment/unit,0.5,property_only,363,162,101,182,59.6666666666667,0.327838827838828,0.590759075907591
9,Melbourne 3BR Apartment/unit,0.5,property_only,82,43,20,41,8,0.195121951219512,0.4
9,Yarra Ranges 3BR House/townhouse,0.5,property_only,31,23,5,16,3,0.1875,0.6
9,Melbourne 2BR Apartment/unit,0.5,full,363,162,101,182,65,0.357142857142857,0.643564356435644
9,Melbourne 3BR Apartment/unit,0.5,full,82,43,20,41,9,0.219512195121951,0.45
9,Yarra Ranges 3BR House/townhouse,0.5,full,31,23,5,16,3,0.1875,0.6
10,Melbourne 2BR Apartment/unit,0.1,baseline,431,142,154,44,15.7215777262182,0.357308584686776,0.102088167053365
10,Melbourne 3BR Apartment/unit,0.1,baseline,121,49,51,13,5.47933884297521,0.421487603305785,0.107438016528926
10,Yarra Ranges 3BR House/townhouse,0.1,baseline,30,23,7,3,0.7,0.233333333333333,0.1
10,Melbourne 2BR Apartment/unit,0.1,property_only,431,142,154,44,13.3333333333333,0.303030303030303,0.0865800865800866
10,Melbourne 3BR Apartment/unit,0.1,property_only,121,49,51,13,4.33333333333333,0.333333333333333,0.0849673202614379
10,Yarra Ranges 3BR House/townhouse,0.1,property_only,30,23,7,3,0,0,0
10,Melbourne 2BR Apartment/unit,0.1,full,431,142,154,44,32,0.727272727272727,0.207792207792208
10,Melbourne 3BR Apartment/unit,0.1,full,121,49,51,13,11,0.846153846153846,0.215686274509804
10,Yarra Ranges 3BR House/townhouse,0.1,full,30,23,7,3,2,0.666666666666667,0.285714285714286
10,Melbourne 2BR Apartment/unit,0.25,baseline,431,142,154,108,38.5893271461717,0.357308584686775,0.250580046403712
10,Melbourne 3BR Apartment/unit,0.25,baseline,121,49,51,31,13.0661157024793,0.421487603305785,0.256198347107438
10,Yarra Ranges 3BR House/townhouse,0.25,baseline,30,23,7,8,1.86666666666667,0.233333333333333,0.266666666666667
10,Melbourne 2BR Apartment/unit,0.25,property_only,431,142,154,108,48.6153846153846,0.45014245014245,0.315684315684316
10,Melbourne 3BR Apartment/unit,0.25,property_only,121,49,51,31,9,0.290322580645161,0.176470588235294
10,Yarra Ranges 3BR House/townhouse,0.25,property_only,30,23,7,8,2,0.25,0.285714285714286
10,Melbourne 2BR Apartment/unit,0.25,full,431,142,154,108,73,0.675925925925926,0.474025974025974
10,Melbourne 3BR Apartment/unit,0.25,full,121,49,51,31,23,0.741935483870968,0.450980392156863
10,Yarra Ranges 3BR House/townhouse,0.25,full,30,23,7,8,3,0.375,0.428571428571429
10,Melbourne 2BR Apartment/unit,0.5,baseline,431,142,154,216,77.1786542923434,0.357308584686775,0.501160092807425
10,Melbourne 3BR Apartment/unit,0.5,baseline,121,49,51,61,25.7107438016529,0.421487603305786,0.504132231404959
10,Yarra Ranges 3BR House/townhouse,0.5,baseline,30,23,7,15,3.5,0.233333333333333,0.5
10,Melbourne 2BR Apartment/unit,0.5,property_only,431,142,154,216,103.034482758621,0.477011494252874,0.669055082848186
10,Melbourne 3BR Apartment/unit,0.5,property_only,121,49,51,61,29.5,0.483606557377049,0.57843137254902
10,Yarra Ranges 3BR House/townhouse,0.5,property_only,30,23,7,15,5,0.333333333333333,0.714285714285714
10,Melbourne 2BR Apartment/unit,0.5,full,431,142,154,216,116,0.537037037037037,0.753246753246753
10,Melbourne 3BR Apartment/unit,0.5,full,121,49,51,61,38,0.622950819672131,0.745098039215686
10,Yarra Ranges 3BR House/townhouse,0.5,full,30,23,7,15,4,0.266666666666667,0.571428571428571
11,Melbourne 2BR Apartment/unit,0.1,baseline,361,137,95,37,9.73684210526316,0.263157894736842,0.102493074792244
11,Melbourne 3BR Apartment/unit,0.1,baseline,115,48,34,12,3.54782608695652,0.295652173913043,0.104347826086956
11,Yarra Ranges 3BR House/townhouse,0.1,baseline,30,23,10,3,1,0.333333333333333,0.1
11,Melbourne 2BR Apartment/unit,0.1,property_only,361,137,95,37,16.6,0.448648648648649,0.174736842105263
11,Melbourne 3BR Apartment/unit,0.1,property_only,115,48,34,12,4,0.333333333333333,0.117647058823529
11,Yarra Ranges 3BR House/townhouse,0.1,property_only,30,23,10,3,1,0.333333333333333,0.1
11,Melbourne 2BR Apartment/unit,0.1,full,361,137,95,37,19,0.513513513513514,0.2
11,Melbourne 3BR Apartment/unit,0.1,full,115,48,34,12,7,0.583333333333333,0.205882352941176
11,Yarra Ranges 3BR House/townhouse,0.1,full,30,23,10,3,2,0.666666666666667,0.2
11,Melbourne 2BR Apartment/unit,0.25,baseline,361,137,95,91,23.9473684210527,0.263157894736842,0.25207756232687
11,Melbourne 3BR Apartment/unit,0.25,baseline,115,48,34,29,8.57391304347826,0.295652173913043,0.252173913043478
11,Yarra Ranges 3BR House/townhouse,0.25,baseline,30,23,10,8,2.66666666666667,0.333333333333333,0.266666666666667
11,Melbourne 2BR Apartment/unit,0.25,property_only,361,137,95,91,39.3,0.431868131868132,0.413684210526316
11,Melbourne 3BR Apartment/unit,0.25,property_only,115,48,34,29,7.5,0.258620689655172,0.220588235294118
11,Yarra Ranges 3BR House/townhouse,0.25,property_only,30,23,10,8,5,0.625,0.5
11,Melbourne 2BR Apartment/unit,0.25,full,361,137,95,91,38,0.417582417582418,0.4
11,Melbourne 3BR Apartment/unit,0.25,full,115,48,34,29,12,0.413793103448276,0.352941176470588
11,Yarra Ranges 3BR House/townhouse,0.25,full,30,23,10,8,5,0.625,0.5
11,Melbourne 2BR Apartment/unit,0.5,baseline,361,137,95,181,47.6315789473683,0.263157894736842,0.501385041551246
11,Melbourne 3BR Apartment/unit,0.5,baseline,115,48,34,58,17.1478260869565,0.295652173913043,0.504347826086956
11,Yarra Ranges 3BR House/townhouse,0.5,baseline,30,23,10,15,5,0.333333333333333,0.5
11,Melbourne 2BR Apartment/unit,0.5,property_only,361,137,95,181,55.4,0.306077348066298,0.583157894736842
11,Melbourne 3BR Apartment/unit,0.5,property_only,115,48,34,58,15.6666666666667,0.270114942528736,0.46078431372549
11,Yarra Ranges 3BR House/townhouse,0.5,property_only,30,23,10,15,7,0.466666666666667,0.7
11,Melbourne 2BR Apartment/unit,0.5,full,361,137,95,181,74,0.408839779005525,0.778947368421053
11,Melbourne 3BR Apartment/unit,0.5,full,115,48,34,58,20,0.344827586206897,0.588235294117647
11,Yarra Ranges 3BR House/townhouse,0.5,full,30,23,10,15,7,0.466666666666667,0.7
12,Melbourne 2BR Apartment/unit,0.1,baseline,333,151,133,34,13.5795795795795,0.399399399399398,0.102102102102102
12,Melbourne 3BR Apartment/unit,0.1,baseline,89,40,41,9,4.14606741573034,0.460674157303371,0.101123595505618
12,Yarra Ranges 3BR House/townhouse,0.1,baseline,25,18,6,3,0.72,0.24,0.12
12,Melbourne 2BR Apartment/unit,0.1,property_only,333,151,133,34,12,0.352941176470588,0.0902255639097744
12,Melbourne 3BR Apartment/unit,0.1,property_only,89,40,41,9,4,0.444444444444444,0.0975609756097561
12,Yarra Ranges 3BR House/townhouse,0.1,property_only,25,18,6,3,1.5,0.5,0.25
12,Melbourne 2BR Apartment/unit,0.1,full,333,151,133,34,16,0.470588235294118,0.120300751879699
12,Melbourne 3BR Apartment/unit,0.1,full,89,40,41,9,6,0.666666666666667,0.146341463414634
12,Yarra Ranges 3BR House/townhouse,0.1,full,25,18,6,3,2,0.666666666666667,0.333333333333333
12,Melbourne 2BR Apartment/unit,0.25,baseline,333,151,133,84,33.5495495495495,0.399399399399399,0.252252252252252
12,Melbourne 3BR Apartment/unit,0.25,baseline,89,40,41,23,10.5955056179775,0.460674157303371,0.258426966292135
12,Yarra Ranges 3BR House/townhouse,0.25,baseline,25,18,6,7,1.68,0.24,0.28
12,Melbourne 2BR Apartment/unit,0.25,property_only,333,151,133,84,32,0.380952380952381,0.240601503759399
12,Melbourne 3BR Apartment/unit,0.25,property_only,89,40,41,23,9.66666666666667,0.420289855072464,0.235772357723577
12,Yarra Ranges 3BR House/townhouse,0.25,property_only,25,18,6,7,4,0.571428571428571,0.666666666666667
12,Melbourne 2BR Apartment/unit,0.25,full,333,151,133,84,45,0.535714285714286,0.338345864661654
12,Melbourne 3BR Apartment/unit,0.25,full,89,40,41,23,12,0.521739130434783,0.292682926829268
12,Yarra Ranges 3BR House/townhouse,0.25,full,25,18,6,7,3,0.428571428571429,0.5
12,Melbourne 2BR Apartment/unit,0.5,baseline,333,151,133,167,66.6996996996997,0.399399399399399,0.501501501501501
12,Melbourne 3BR Apartment/unit,0.5,baseline,89,40,41,45,20.7303370786517,0.460674157303371,0.50561797752809
12,Yarra Ranges 3BR House/townhouse,0.5,baseline,25,18,6,13,3.12,0.24,0.52
12,Melbourne 2BR Apartment/unit,0.5,property_only,333,151,133,167,64.7333333333333,0.387624750499002,0.48671679197995
12,Melbourne 3BR Apartment/unit,0.5,property_only,89,40,41,45,19,0.422222222222222,0.463414634146342
12,Yarra Ranges 3BR House/townhouse,0.5,property_only,25,18,6,13,5,0.384615384615385,0.833333333333333
12,Melbourne 2BR Apartment/unit,0.5,full,333,151,133,167,78,0.467065868263473,0.586466165413534
12,Melbourne 3BR Apartment/unit,0.5,full,89,40,41,45,25,0.555555555555556,0.609756097560976
12,Yarra Ranges 3BR House/townhouse,0.5,full,25,18,6,13,5,0.384615384615385,0.833333333333333
13,Melbourne 2BR Apartment/unit,0.1,baseline,376,135,82,38,8.2872340425532,0.218085106382979,0.101063829787234
13,Melbourne 3BR Apartment/unit,0.1,baseline,101,44,25,11,2.72277227722772,0.247524752475248,0.108910891089109
13,Yarra Ranges 3BR House/townhouse,0.1,baseline,26,22,7,3,0.807692307692308,0.269230769230769,0.115384615384615
13,Melbourne 2BR Apartment/unit,0.1,property_only,376,135,82,38,13,0.342105263157895,0.158536585365854
13,Melbourne 3BR Apartment/unit,0.1,property_only,101,44,25,11,4,0.363636363636364,0.16
13,Yarra Ranges 3BR House/townhouse,0.1,property_only,26,22,7,3,1,0.333333333333333,0.142857142857143
13,Melbourne 2BR Apartment/unit,0.1,full,376,135,82,38,11,0.289473684210526,0.134146341463415
13,Melbourne 3BR Apartment/unit,0.1,full,101,44,25,11,2,0.181818181818182,0.08
13,Yarra Ranges 3BR House/townhouse,0.1,full,26,22,7,3,3,1,0.428571428571429
13,Melbourne 2BR Apartment/unit,0.25,baseline,376,135,82,94,20.5,0.218085106382979,0.25
13,Melbourne 3BR Apartment/unit,0.25,baseline,101,44,25,26,6.43564356435644,0.247524752475248,0.257425742574258
13,Yarra Ranges 3BR House/townhouse,0.25,baseline,26,22,7,7,1.88461538461538,0.269230769230769,0.269230769230769
13,Melbourne 2BR Apartment/unit,0.25,property_only,376,135,82,94,31.6666666666667,0.336879432624114,0.386178861788618
13,Melbourne 3BR Apartment/unit,0.25,property_only,101,44,25,26,6.33333333333333,0.243589743589744,0.253333333333333
13,Yarra Ranges 3BR House/townhouse,0.25,property_only,26,22,7,7,3,0.428571428571429,0.428571428571429
13,Melbourne 2BR Apartment/unit,0.25,full,376,135,82,94,29,0.308510638297872,0.353658536585366
13,Melbourne 3BR Apartment/unit,0.25,full,101,44,25,26,5,0.192307692307692,0.2
13,Yarra Ranges 3BR House/townhouse,0.25,full,26,22,7,7,5,0.714285714285714,0.714285714285714
13,Melbourne 2BR Apartment/unit,0.5,baseline,376,135,82,188,41,0.218085106382979,0.5
13,Melbourne 3BR Apartment/unit,0.5,baseline,101,44,25,51,12.6237623762376,0.247524752475247,0.504950495049505
13,Yarra Ranges 3BR House/townhouse,0.5,baseline,26,22,7,13,3.5,0.269230769230769,0.5
13,Melbourne 2BR Apartment/unit,0.5,property_only,376,135,82,188,47.5217391304348,0.252775208140611,0.579533404029692
13,Melbourne 3BR Apartment/unit,0.5,property_only,101,44,25,51,13,0.254901960784314,0.52
13,Yarra Ranges 3BR House/townhouse,0.5,property_only,26,22,7,13,4.5,0.346153846153846,0.642857142857143
13,Melbourne 2BR Apartment/unit,0.5,full,376,135,82,188,56,0.297872340425532,0.682926829268293
13,Melbourne 3BR Apartment/unit,0.5,full,101,44,25,51,16,0.313725490196078,0.64
13,Yarra Ranges 3BR House/townhouse,0.5,full,26,22,7,13,7,0.538461538461538,1
14,Melbourne 2BR Apartment/unit,0.1,baseline,351,133,70,36,7.17948717948717,0.199430199430199,0.102564102564102
14,Melbourne 3BR Apartment/unit,0.1,baseline,93,37,19,10,2.04301075268817,0.204301075268817,0.10752688172043
14,Yarra Ranges 3BR House/townhouse,0.1,baseline,27,21,6,3,0.666666666666667,0.222222222222222,0.111111111111111
14,Melbourne 2BR Apartment/unit,0.1,property_only,351,133,70,36,13,0.361111111111111,0.185714285714286
14,Melbourne 3BR Apartment/unit,0.1,property_only,93,37,19,10,4,0.4,0.210526315789474
14,Yarra Ranges 3BR House/townhouse,0.1,property_only,27,21,6,3,2,0.666666666666667,0.333333333333333
14,Melbourne 2BR Apartment/unit,0.1,full,351,133,70,36,4,0.111111111111111,0.0571428571428571
14,Melbourne 3BR Apartment/unit,0.1,full,93,37,19,10,1,0.1,0.0526315789473684
14,Yarra Ranges 3BR House/townhouse,0.1,full,27,21,6,3,2,0.666666666666667,0.333333333333333
14,Melbourne 2BR Apartment/unit,0.25,baseline,351,133,70,88,17.5498575498576,0.1994301994302,0.250712250712251
14,Melbourne 3BR Apartment/unit,0.25,baseline,93,37,19,24,4.90322580645161,0.204301075268817,0.258064516129032
14,Yarra Ranges 3BR House/townhouse,0.25,baseline,27,21,6,7,1.55555555555556,0.222222222222222,0.259259259259259
14,Melbourne 2BR Apartment/unit,0.25,property_only,351,133,70,88,24.4285714285714,0.277597402597403,0.348979591836735
14,Melbourne 3BR Apartment/unit,0.25,property_only,93,37,19,24,7.5,0.3125,0.394736842105263
14,Yarra Ranges 3BR House/townhouse,0.25,property_only,27,21,6,7,3,0.428571428571429,0.5
14,Melbourne 2BR Apartment/unit,0.25,full,351,133,70,88,14,0.159090909090909,0.2
14,Melbourne 3BR Apartment/unit,0.25,full,93,37,19,24,4,0.166666666666667,0.210526315789474
14,Yarra Ranges 3BR House/townhouse,0.25,full,27,21,6,7,4,0.571428571428571,0.666666666666667
14,Melbourne 2BR Apartment/unit,0.5,baseline,351,133,70,176,35.0997150997151,0.1994301994302,0.501424501424502
14,Melbourne 3BR Apartment/unit,0.5,baseline,93,37,19,47,9.60215053763441,0.204301075268817,0.505376344086022
14,Yarra Ranges 3BR House/townhouse,0.5,baseline,27,21,6,14,3.11111111111111,0.222222222222222,0.518518518518519
14,Melbourne 2BR Apartment/unit,0.5,property_only,351,133,70,176,42.3,0.240340909090909,0.604285714285714
14,Melbourne 3BR Apartment/unit,0.5,property_only,93,37,19,47,11,0.234042553191489,0.578947368421053
14,Yarra Ranges 3BR House/townhouse,0.5,property_only,27,21,6,14,3,0.214285714285714,0.5
14,Melbourne 2BR Apartment/unit,0.5,full,351,133,70,176,45,0.255681818181818,0.642857142857143
14,Melbourne 3BR Apartment/unit,0.5,full,93,37,19,47,9,0.191489361702128,0.473684210526316
14,Yarra Ranges 3BR House/townhouse,0.5,full,27,21,6,14,5,0.357142857142857,0.833333333333333
15,Melbourne 2BR Apartment/unit,0.1,baseline,378,154,109,38,10.957671957672,0.288359788359789,0.100529100529101
15,Melbourne 3BR Apartment/unit,0.1,baseline,80,38,34,8,3.4,0.425,0.1
15,Yarra Ranges 3BR House/townhouse,0.1,baseline,24,24,7,3,0.875,0.291666666666667,0.125
15,Melbourne 2BR Apartment/unit,0.1,property_only,378,154,109,38,17.9,0.471052631578947,0.164220183486239
15,Melbourne 3BR Apartment/unit,0.1,property_only,80,38,34,8,4,0.5,0.117647058823529
15,Yarra Ranges 3BR House/townhouse,0.1,property_only,24,24,7,3,1,0.333333333333333,0.142857142857143
15,Melbourne 2BR Apartment/unit,0.1,full,378,154,109,38,17,0.447368421052632,0.155963302752294
15,Melbourne 3BR Apartment/unit,0.1,full,80,38,34,8,6,0.75,0.176470588235294
15,Yarra Ranges 3BR House/townhouse,0.1,full,24,24,7,3,1,0.333333333333333,0.142857142857143
15,Melbourne 2BR Apartment/unit,0.25,baseline,378,154,109,95,27.3941798941798,0.288359788359788,0.251322751322751
15,Melbourne 3BR Apartment/unit,0.25,baseline,80,38,34,20,8.5,0.425,0.25
15,Yarra Ranges 3BR House/townhouse,0.25,baseline,24,24,7,6,1.75,0.291666666666667,0.25
15,Melbourne 2BR Apartment/unit,0.25,property_only,378,154,109,95,39.5555555555556,0.416374269005848,0.36289500509684
15,Melbourne 3BR Apartment/unit,0.25,property_only,80,38,34,20,5,0.25,0.147058823529412
15,Yarra Ranges 3BR House/townhouse,0.25,property_only,24,24,7,6,3,0.5,0.428571428571429
15,Melbourne 2BR Apartment/unit,0.25,full,378,154,109,95,48,0.505263157894737,0.440366972477064
15,Melbourne 3BR Apartment/unit,0.25,full,80,38,34,20,10,0.5,0.294117647058824
15,Yarra Ranges 3BR House/townhouse,0.25,full,24,24,7,6,1,0.166666666666667,0.142857142857143
15,Melbourne 2BR Apartment/unit,0.5,baseline,378,154,109,189,54.5,0.288359788359788,0.5
15,Melbourne 3BR Apartment/unit,0.5,baseline,80,38,34,40,17,0.425,0.5
15,Yarra Ranges 3BR House/townhouse,0.5,baseline,24,24,7,12,3.5,0.291666666666667,0.5
15,Melbourne 2BR Apartment/unit,0.5,property_only,378,154,109,189,67.0714285714286,0.354875283446712,0.615334207077326
15,Melbourne 3BR Apartment/unit,0.5,property_only,80,38,34,40,14,0.35,0.411764705882353
15,Yarra Ranges 3BR House/townhouse,0.5,property_only,24,24,7,12,5,0.416666666666667,0.714285714285714
15,Melbourne 2BR Apartment/unit,0.5,full,378,154,109,189,77,0.407407407407407,0.706422018348624
15,Melbourne 3BR Apartment/unit,0.5,full,80,38,34,40,20,0.5,0.588235294117647
15,Yarra Ranges 3BR House/townhouse,0.5,full,24,24,7,12,4,0.333333333333333,0.571428571428571
16,Melbourne 2BR Apartment/unit,0.1,baseline,402,156,96,41,9.7910447761194,0.238805970149254,0.101990049751244
16,Melbourne 3BR Apartment/unit,0.1,baseline,111,43,31,12,3.35135135135135,0.279279279279279,0.108108108108108
16,Yarra Ranges 3BR House/townhouse,0.1,baseline,22,19,6,3,0.818181818181818,0.272727272727273,0.136363636363636
16,Melbourne 2BR Apartment/unit,0.1,property_only,402,156,96,41,18.3333333333333,0.447154471544715,0.190972222222222
16,Melbourne 3BR Apartment/unit,0.1,property_only,111,43,31,12,5,0.416666666666667,0.161290322580645
16,Yarra Ranges 3BR House/townhouse,0.1,property_only,22,19,6,3,1.5,0.5,0.25
16,Melbourne 2BR Apartment/unit,0.1,full,402,156,96,41,21,0.51219512195122,0.21875
16,Melbourne 3BR Apartment/unit,0.1,full,111,43,31,12,4,0.333333333333333,0.129032258064516
16,Yarra Ranges 3BR House/townhouse,0.1,full,22,19,6,3,2,0.666666666666667,0.333333333333333
16,Melbourne 2BR Apartment/unit,0.25,baseline,402,156,96,101,24.1194029850746,0.238805970149253,0.251243781094527
16,Melbourne 3BR Apartment/unit,0.25,baseline,111,43,31,28,7.81981981981982,0.279279279279279,0.252252252252252
16,Yarra Ranges 3BR House/townhouse,0.25,baseline,22,19,6,6,1.63636363636364,0.272727272727273,0.272727272727273
16,Melbourne 2BR Apartment/unit,0.25,property_only,402,156,96,101,35.8,0.354455445544554,0.372916666666667
16,Melbourne 3BR Apartment/unit,0.25,property_only,111,43,31,28,7.8,0.278571428571429,0.251612903225806
16,Yarra Ranges 3BR House/townhouse,0.25,property_only,22,19,6,6,2.5,0.416666666666667,0.416666666666667
16,Melbourne 2BR Apartment/unit,0.25,full,402,156,96,101,44,0.435643564356436,0.458333333333333
16,Melbourne 3BR Apartment/unit,0.25,full,111,43,31,28,10.5,0.375,0.338709677419355
16,Yarra Ranges 3BR House/townhouse,0.25,full,22,19,6,6,4,0.666666666666667,0.666666666666667
16,Melbourne 2BR Apartment/unit,0.5,baseline,402,156,96,201,48,0.238805970149254,0.5
16,Melbourne 3BR Apartment/unit,0.5,baseline,111,43,31,56,15.6396396396396,0.279279279279279,0.504504504504505
16,Yarra Ranges 3BR House/townhouse,0.5,baseline,22,19,6,11,3,0.272727272727273,0.5
16,Melbourne 2BR Apartment/unit,0.5,property_only,402,156,96,201,56.1428571428571,0.279317697228145,0.584821428571429
16,Melbourne 3BR Apartment/unit,0.5,property_only,111,43,31,56,16.4,0.292857142857143,0.529032258064516
16,Yarra Ranges 3BR House/townhouse,0.5,property_only,22,19,6,11,4,0.363636363636364,0.666666666666667
16,Melbourne 2BR Apartment/unit,0.5,full,402,156,96,201,64,0.318407960199005,0.666666666666667
16,Melbourne 3BR Apartment/unit,0.5,full,111,43,31,56,16,0.285714285714286,0.516129032258065
16,Yarra Ranges 3BR House/townhouse,0.5,full,22,19,6,11,5,0.454545454545455,0.833333333333333
17,Melbourne 2BR Apartment/unit,0.1,baseline,301,149,113,31,11.6378737541528,0.375415282392026,0.102990033222591
17,Melbourne 3BR Apartment/unit,0.1,baseline,68,35,24,7,2.47058823529412,0.352941176470588,0.102941176470588
17,Yarra Ranges 3BR House/townhouse,0.1,baseline,23,21,8,3,1.04347826086957,0.347826086956522,0.130434782608696
17,Melbourne 2BR Apartment/unit,0.1,property_only,301,149,113,31,13,0.419354838709677,0.115044247787611
17,Melbourne 3BR Apartment/unit,0.1,property_only,68,35,24,7,2.33333333333333,0.333333333333333,0.0972222222222222
17,Yarra Ranges 3BR House/townhouse,0.1,property_only,23,21,8,3,2,0.666666666666667,0.25
17,Melbourne 2BR Apartment/unit,0.1,full,301,149,113,31,18,0.580645161290323,0.15929203539823
17,Melbourne 3BR Apartment/unit,0.1,full,68,35,24,7,1,0.142857142857143,0.0416666666666667
17,Yarra Ranges 3BR House/townhouse,0.1,full,23,21,8,3,1,0.333333333333333,0.125
17,Melbourne 2BR Apartment/unit,0.25,baseline,301,149,113,76,28.531561461794,0.375415282392026,0.252491694352159
17,Melbourne 3BR Apartment/unit,0.25,baseline,68,35,24,17,6,0.352941176470588,0.25
17,Yarra Ranges 3BR House/townhouse,0.25,baseline,23,21,8,6,2.08695652173913,0.347826086956522,0.260869565217391
17,Melbourne 2BR Apartment/unit,0.25,property_only,301,149,113,76,33,0.434210526315789,0.292035398230089
17,Melbourne 3BR Apartment/unit,0.25,property_only,68,35,24,17,4.5,0.264705882352941,0.1875
17,Yarra Ranges 3BR House/townhouse,0.25,property_only,23,21,8,6,4.5,0.75,0.5625
17,Melbourne 2BR Apartment/unit,0.25,full,301,149,113,76,48,0.631578947368421,0.424778761061947
17,Melbourne 3BR Apartment/unit,0.25,full,68,35,24,17,5,0.294117647058824,0.208333333333333
17,Yarra Ranges 3BR House/townhouse,0.25,full,23,21,8,6,3,0.5,0.375
17,Melbourne 2BR Apartment/unit,0.5,baseline,301,149,113,151,56.687707641196,0.375415282392026,0.501661129568106
17,Melbourne 3BR Apartment/unit,0.5,baseline,68,35,24,34,12,0.352941176470588,0.5
17,Yarra Ranges 3BR House/townhouse,0.5,baseline,23,21,8,12,4.17391304347826,0.347826086956522,0.521739130434783
17,Melbourne 2BR Apartment/unit,0.5,property_only,301,149,113,151,55.5,0.367549668874172,0.491150442477876
17,Melbourne 3BR Apartment/unit,0.5,property_only,68,35,24,34,9.42857142857143,0.277310924369748,0.392857142857143
17,Yarra Ranges 3BR House/townhouse,0.5,property_only,23,21,8,12,5,0.416666666666667,0.625
17,Melbourne 2BR Apartment/unit,0.5,full,301,149,113,151,75,0.496688741721854,0.663716814159292
17,Melbourne 3BR Apartment/unit,0.5,full,68,35,24,34,14,0.411764705882353,0.583333333333333
17,Yarra Ranges 3BR House/townhouse,0.5,full,23,21,8,12,6,0.5,0.75
18,Melbourne 2BR Apartment/unit,0.1,baseline,328,135,120,33,12.0731707317074,0.365853658536586,0.100609756097561
18,Melbourne 3BR Apartment/unit,0.1,baseline,86,38,41,9,4.29069767441861,0.476744186046512,0.104651162790698
18,Yarra Ranges 3BR House/townhouse,0.1,baseline,34,29,13,4,1.52941176470588,0.382352941176471,0.117647058823529
18,Melbourne 2BR Apartment/unit,0.1,property_only,328,135,120,33,12.4,0.375757575757576,0.103333333333333
18,Melbourne 3BR Apartment/unit,0.1,property_only,86,38,41,9,3.33333333333333,0.37037037037037,0.0813008130081301
18,Yarra Ranges 3BR House/townhouse,0.1,property_only,34,29,13,4,3.5,0.875,0.269230769230769
18,Melbourne 2BR Apartment/unit,0.1,full,328,135,120,33,26,0.787878787878788,0.216666666666667
18,Melbourne 3BR Apartment/unit,0.1,full,86,38,41,9,9,1,0.219512195121951
18,Yarra Ranges 3BR House/townhouse,0.1,full,34,29,13,4,3,0.75,0.230769230769231
18,Melbourne 2BR Apartment/unit,0.25,baseline,328,135,120,82,30,0.365853658536585,0.25
18,Melbourne 3BR Apartment/unit,0.25,baseline,86,38,41,22,10.4883720930233,0.476744186046512,0.255813953488372
18,Yarra Ranges 3BR House/townhouse,0.25,baseline,34,29,13,9,3.44117647058824,0.382352941176471,0.264705882352941
18,Melbourne 2BR Apartment/unit,0.25,property_only,328,135,120,82,38.6190476190476,0.470963995354239,0.321825396825397
18,Melbourne 3BR Apartment/unit,0.25,property_only,86,38,41,22,13,0.590909090909091,0.317073170731707
18,Yarra Ranges 3BR House/townhouse,0.25,property_only,34,29,13,9,6,0.666666666666667,0.461538461538462
18,Melbourne 2BR Apartment/unit,0.25,full,328,135,120,82,48,0.585365853658537,0.4
18,Melbourne 3BR Apartment/unit,0.25,full,86,38,41,22,19,0.863636363636364,0.463414634146342
18,Yarra Ranges 3BR House/townhouse,0.25,full,34,29,13,9,5,0.555555555555556,0.384615384615385
18,Melbourne 2BR Apartment/unit,0.5,baseline,328,135,120,164,60,0.365853658536585,0.5
18,Melbourne 3BR Apartment/unit,0.5,baseline,86,38,41,43,20.5,0.476744186046512,0.5
18,Yarra Ranges 3BR House/townhouse,0.5,baseline,34,29,13,17,6.5,0.382352941176471,0.5
18,Melbourne 2BR Apartment/unit,0.5,property_only,328,135,120,164,62.5,0.38109756097561,0.520833333333333
18,Melbourne 3BR Apartment/unit,0.5,property_only,86,38,41,43,22.6666666666667,0.527131782945737,0.552845528455285
18,Yarra Ranges 3BR House/townhouse,0.5,property_only,34,29,13,17,8,0.470588235294118,0.615384615384615
18,Melbourne 2BR Apartment/unit,0.5,full,328,135,120,164,80,0.487804878048781,0.666666666666667
18,Melbourne 3BR Apartment/unit,0.5,full,86,38,41,43,26,0.604651162790698,0.634146341463415
18,Yarra Ranges 3BR House/townhouse,0.5,full,34,29,13,17,9,0.529411764705882,0.692307692307692
19,Melbourne 2BR Apartment/unit,0.1,baseline,402,158,96,41,9.7910447761194,0.238805970149254,0.101990049751244
19,Melbourne 3BR Apartment/unit,0.1,baseline,85,46,27,9,2.85882352941177,0.31764705882353,0.105882352941177
19,Yarra Ranges 3BR House/townhouse,0.1,baseline,26,22,7,3,0.807692307692308,0.269230769230769,0.115384615384615
19,Melbourne 2BR Apartment/unit,0.1,property_only,402,158,96,41,18,0.439024390243902,0.1875
19,Melbourne 3BR Apartment/unit,0.1,property_only,85,46,27,9,4,0.444444444444444,0.148148148148148
19,Yarra Ranges 3BR House/townhouse,0.1,property_only,26,22,7,3,2,0.666666666666667,0.285714285714286
19,Melbourne 2BR Apartment/unit,0.1,full,402,158,96,41,24,0.585365853658537,0.25
19,Melbourne 3BR Apartment/unit,0.1,full,85,46,27,9,5,0.555555555555556,0.185185185185185
19,Yarra Ranges 3BR House/townhouse,0.1,full,26,22,7,3,2,0.666666666666667,0.285714285714286
19,Melbourne 2BR Apartment/unit,0.25,baseline,402,158,96,101,24.1194029850746,0.238805970149253,0.251243781094527
19,Melbourne 3BR Apartment/unit,0.25,baseline,85,46,27,22,6.98823529411765,0.317647058823529,0.258823529411765
19,Yarra Ranges 3BR House/townhouse,0.25,baseline,26,22,7,7,1.88461538461538,0.269230769230769,0.269230769230769
19,Melbourne 2BR Apartment/unit,0.25,property_only,402,158,96,101,44.5714285714286,0.441301272984441,0.464285714285714
19,Melbourne 3BR Apartment/unit,0.25,property_only,85,46,27,22,9,0.409090909090909,0.333333333333333
19,Yarra Ranges 3BR House/townhouse,0.25,property_only,26,22,7,7,3,0.428571428571429,0.428571428571429
19,Melbourne 2BR Apartment/unit,0.25,full,402,158,96,101,56,0.554455445544555,0.583333333333333
19,Melbourne 3BR Apartment/unit,0.25,full,85,46,27,22,11,0.5,0.407407407407407
19,Yarra Ranges 3BR House/townhouse,0.25,full,26,22,7,7,3,0.428571428571429,0.428571428571429
19,Melbourne 2BR Apartment/unit,0.5,baseline,402,158,96,201,48,0.238805970149254,0.5
19,Melbourne 3BR Apartment/unit,0.5,baseline,85,46,27,43,13.6588235294118,0.317647058823529,0.505882352941176
19,Yarra Ranges 3BR House/townhouse,0.5,baseline,26,22,7,13,3.5,0.269230769230769,0.5
19,Melbourne 2BR Apartment/unit,0.5,property_only,402,158,96,201,69.3636363636364,0.345092718227047,0.722537878787879
19,Melbourne 3BR Apartment/unit,0.5,property_only,85,46,27,43,15,0.348837209302326,0.555555555555556
19,Yarra Ranges 3BR House/townhouse,0.5,property_only,26,22,7,13,4,0.307692307692308,0.571428571428571
19,Melbourne 2BR Apartment/unit,0.5,full,402,158,96,201,74,0.368159203980099,0.770833333333333
19,Melbourne 3BR Apartment/unit,0.5,full,85,46,27,43,18,0.418604651162791,0.666666666666667
19,Yarra Ranges 3BR House/townhouse,0.5,full,26,22,7,13,5,0.384615384615385,0.714285714285714
20,Melbourne 2BR Apartment/unit,0.1,baseline,430,136,125,43,12.5,0.290697674418604,0.0999999999999998
20,Melbourne 3BR Apartment/unit,0.1,baseline,132,53,63,14,6.68181818181819,0.477272727272728,0.106060606060606
20,Yarra Ranges 3BR House/townhouse,0.1,baseline,29,26,7,3,0.724137931034483,0.241379310344828,0.103448275862069
20,Melbourne 2BR Apartment/unit,0.1,property_only,430,136,125,43,18,0.418604651162791,0.144
20,Melbourne 3BR Apartment/unit,0.1,property_only,132,53,63,14,5,0.357142857142857,0.0793650793650794
20,Yarra Ranges 3BR House/townhouse,0.1,property_only,29,26,7,3,2,0.666666666666667,0.285714285714286
20,Melbourne 2BR Apartment/unit,0.1,full,430,136,125,43,28,0.651162790697675,0.224
20,Melbourne 3BR Apartment/unit,0.1,full,132,53,63,14,13,0.928571428571429,0.206349206349206
20,Yarra Ranges 3BR House/townhouse,0.1,full,29,26,7,3,2,0.666666666666667,0.285714285714286
20,Melbourne 2BR Apartment/unit,0.25,baseline,430,136,125,108,31.3953488372093,0.290697674418604,0.251162790697674
20,Melbourne 3BR Apartment/unit,0.25,baseline,132,53,63,33,15.75,0.477272727272727,0.25
20,Yarra Ranges 3BR House/townhouse,0.25,baseline,29,26,7,8,1.93103448275862,0.241379310344828,0.275862068965517
20,Melbourne 2BR Apartment/unit,0.25,property_only,430,136,125,108,41.7083333333333,0.386188271604938,0.333666666666667
20,Melbourne 3BR Apartment/unit,0.25,property_only,132,53,63,33,18.5714285714286,0.562770562770563,0.294784580498866
20,Yarra Ranges 3BR House/townhouse,0.25,property_only,29,26,7,8,3,0.375,0.428571428571429
20,Melbourne 2BR Apartment/unit,0.25,full,430,136,125,108,55,0.509259259259259,0.44
20,Melbourne 3BR Apartment/unit,0.25,full,132,53,63,33,23,0.696969696969697,0.365079365079365
20,Yarra Ranges 3BR House/townhouse,0.25,full,29,26,7,8,4,0.5,0.571428571428571
20,Melbourne 2BR Apartment/unit,0.5,baseline,430,136,125,215,62.5,0.290697674418605,0.5
20,Melbourne 3BR Apartment/unit,0.5,baseline,132,53,63,66,31.5,0.477272727272727,0.5
20,Yarra Ranges 3BR House/townhouse,0.5,baseline,29,26,7,15,3.62068965517241,0.241379310344828,0.517241379310345
20,Melbourne 2BR Apartment/unit,0.5,property_only,430,136,125,215,58.4444444444444,0.271834625322997,0.467555555555556
20,Melbourne 3BR Apartment/unit,0.5,property_only,132,53,63,66,30.3333333333333,0.45959595959596,0.481481481481482
20,Yarra Ranges 3BR House/townhouse,0.5,property_only,29,26,7,15,4,0.266666666666667,0.571428571428571
20,Melbourne 2BR Apartment/unit,0.5,full,430,136,125,215,70,0.325581395348837,0.56
20,Melbourne 3BR Apartment/unit,0.5,full,132,53,63,66,34,0.515151515151515,0.53968253968254
20,Yarra Ranges 3BR House/townhouse,0.5,full,29,26,7,15,4,0.266666666666667,0.571428571428571
21,Melbourne 2BR Apartment/unit,0.1,baseline,311,127,112,32,11.524115755627,0.360128617363345,0.102893890675241
21,Melbourne 3BR Apartment/unit,0.1,baseline,65,43,18,7,1.93846153846154,0.276923076923077,0.107692307692308
21,Yarra Ranges 3BR House/townhouse,0.1,baseline,25,23,11,3,1.32,0.44,0.12
21,Melbourne 2BR Apartment/unit,0.1,property_only,311,127,112,32,8,0.25,0.0714285714285714
21,Melbourne 3BR Apartment/unit,0.1,property_only,65,43,18,7,4,0.571428571428571,0.222222222222222
21,Yarra Ranges 3BR House/townhouse,0.1,property_only,25,23,11,3,2.5,0.833333333333333,0.227272727272727
21,Melbourne 2BR Apartment/unit,0.1,full,311,127,112,32,24,0.75,0.214285714285714
21,Melbourne 3BR Apartment/unit,0.1,full,65,43,18,7,5,0.714285714285714,0.277777777777778
21,Yarra Ranges 3BR House/townhouse,0.1,full,25,23,11,3,3,1,0.272727272727273
21,Melbourne 2BR Apartment/unit,0.25,baseline,311,127,112,78,28.0900321543408,0.360128617363344,0.2508038585209
21,Melbourne 3BR Apartment/unit,0.25,baseline,65,43,18,17,4.70769230769231,0.276923076923077,0.261538461538462
21,Yarra Ranges 3BR House/townhouse,0.25,baseline,25,23,11,7,3.08,0.44,0.28
21,Melbourne 2BR Apartment/unit,0.25,property_only,311,127,112,78,27.8947368421053,0.357624831309042,0.24906015037594
21,Melbourne 3BR Apartment/unit,0.25,property_only,65,43,18,17,5,0.294117647058824,0.277777777777778
21,Yarra Ranges 3BR House/townhouse,0.25,property_only,25,23,11,7,5,0.714285714285714,0.454545454545455
21,Melbourne 2BR Apartment/unit,0.25,full,311,127,112,78,52,0.666666666666667,0.464285714285714
21,Melbourne 3BR Apartment/unit,0.25,full,65,43,18,17,9,0.529411764705882,0.5
21,Yarra Ranges 3BR House/townhouse,0.25,full,25,23,11,7,5,0.714285714285714,0.454545454545455
21,Melbourne 2BR Apartment/unit,0.5,baseline,311,127,112,156,56.1800643086816,0.360128617363344,0.5016077170418
21,Melbourne 3BR Apartment/unit,0.5,baseline,65,43,18,33,9.13846153846154,0.276923076923077,0.507692307692308
21,Yarra Ranges 3BR House/townhouse,0.5,baseline,25,23,11,13,5.72,0.44,0.52
21,Melbourne 2BR Apartment/unit,0.5,property_only,311,127,112,156,72.2857142857143,0.463369963369963,0.645408163265306
21,Melbourne 3BR Apartment/unit,0.5,property_only,65,43,18,33,10,0.303030303030303,0.555555555555556
21,Yarra Ranges 3BR House/townhouse,0.5,property_only,25,23,11,13,7,0.538461538461538,0.636363636363636
21,Melbourne 2BR Apartment/unit,0.5,full,311,127,112,156,87,0.557692307692308,0.776785714285714
21,Melbourne 3BR Apartment/unit,0.5,full,65,43,18,33,12,0.363636363636364,0.666666666666667
21,Yarra Ranges 3BR House/townhouse,0.5,full,25,23,11,13,8,0.615384615384615,0.727272727272727
22,Melbourne 2BR Apartment/unit,0.1,baseline,435,132,140,44,14.1609195402299,0.321839080459771,0.101149425287356
22,Melbourne 3BR Apartment/unit,0.1,baseline,98,34,30,10,3.06122448979592,0.306122448979592,0.102040816326531
22,Yarra Ranges 3BR House/townhouse,0.1,baseline,35,31,9,4,1.02857142857143,0.257142857142857,0.114285714285714
22,Melbourne 2BR Apartment/unit,0.1,property_only,435,132,140,44,15,0.340909090909091,0.107142857142857
22,Melbourne 3BR Apartment/unit,0.1,property_only,98,34,30,10,3,0.3,0.1
22,Yarra Ranges 3BR House/townhouse,0.1,property_only,35,31,9,4,2,0.5,0.222222222222222
22,Melbourne 2BR Apartment/unit,0.1,full,435,132,140,44,29,0.659090909090909,0.207142857142857
22,Melbourne 3BR Apartment/unit,0.1,full,98,34,30,10,3,0.3,0.1
22,Yarra Ranges 3BR House/townhouse,0.1,full,35,31,9,4,2,0.5,0.222222222222222
22,Melbourne 2BR Apartment/unit,0.25,baseline,435,132,140,109,35.080459770115,0.32183908045977,0.250574712643678
22,Melbourne 3BR Apartment/unit,0.25,baseline,98,34,30,25,7.65306122448979,0.306122448979592,0.255102040816326
22,Yarra Ranges 3BR House/townhouse,0.25,baseline,35,31,9,9,2.31428571428571,0.257142857142857,0.257142857142857
22,Melbourne 2BR Apartment/unit,0.25,property_only,435,132,140,109,36.6666666666667,0.336391437308869,0.261904761904762
22,Melbourne 3BR Apartment/unit,0.25,property_only,98,34,30,25,5,0.2,0.166666666666667
22,Yarra Ranges 3BR House/townhouse,0.25,property_only,35,31,9,9,4,0.444444444444444,0.444444444444444
22,Melbourne 2BR Apartment/unit,0.25,full,435,132,140,109,62,0.568807339449541,0.442857142857143
22,Melbourne 3BR Apartment/unit,0.25,full,98,34,30,25,9,0.36,0.3
22,Yarra Ranges 3BR House/townhouse,0.25,full,35,31,9,9,5,0.555555555555556,0.555555555555556
22,Melbourne 2BR Apartment/unit,0.5,baseline,435,132,140,218,70.16091954023,0.32183908045977,0.501149425287357
22,Melbourne 3BR Apartment/unit,0.5,baseline,98,34,30,49,15,0.306122448979592,0.5
22,Yarra Ranges 3BR House/townhouse,0.5,baseline,35,31,9,18,4.62857142857143,0.257142857142857,0.514285714285714
22,Melbourne 2BR Apartment/unit,0.5,property_only,435,132,140,218,82.7333333333334,0.379510703363914,0.590952380952381
22,Melbourne 3BR Apartment/unit,0.5,property_only,98,34,30,49,10.6666666666667,0.217687074829932,0.355555555555556
22,Yarra Ranges 3BR House/townhouse,0.5,property_only,35,31,9,18,6,0.333333333333333,0.666666666666667
22,Melbourne 2BR Apartment/unit,0.5,full,435,132,140,218,93,0.426605504587156,0.664285714285714
22,Melbourne 3BR Apartment/unit,0.5,full,98,34,30,49,16,0.326530612244898,0.533333333333333
22,Yarra Ranges 3BR House/townhouse,0.5,full,35,31,9,18,7,0.388888888888889,0.777777777777778
23,Melbourne 2BR Apartment/unit,0.1,baseline,355,140,124,36,12.5746478873239,0.349295774647887,0.101408450704225
23,Melbourne 3BR Apartment/unit,0.1,baseline,84,42,35,9,3.75,0.416666666666667,0.107142857142857
23,Yarra Ranges 3BR House/townhouse,0.1,baseline,28,21,7,3,0.75,0.25,0.107142857142857
23,Melbourne 2BR Apartment/unit,0.1,property_only,355,140,124,36,13,0.361111111111111,0.104838709677419
23,Melbourne 3BR Apartment/unit,0.1,property_only,84,42,35,9,2,0.222222222222222,0.0571428571428571
23,Yarra Ranges 3BR House/townhouse,0.1,property_only,28,21,7,3,2,0.666666666666667,0.285714285714286
23,Melbourne 2BR Apartment/unit,0.1,full,355,140,124,36,11,0.305555555555556,0.0887096774193548
23,Melbourne 3BR Apartment/unit,0.1,full,84,42,35,9,6,0.666666666666667,0.171428571428571
23,Yarra Ranges 3BR House/townhouse,0.1,full,28,21,7,3,2,0.666666666666667,0.285714285714286
23,Melbourne 2BR Apartment/unit,0.25,baseline,355,140,124,89,31.087323943662,0.349295774647887,0.250704225352113
23,Melbourne 3BR Apartment/unit,0.25,baseline,84,42,35,21,8.75,0.416666666666667,0.25
23,Yarra Ranges 3BR House/townhouse,0.25,baseline,28,21,7,7,1.75,0.25,0.25
23,Melbourne 2BR Apartment/unit,0.25,property_only,355,140,124,89,31.2222222222222,0.350811485642946,0.251792114695341
23,Melbourne 3BR Apartment/unit,0.25,property_only,84,42,35,21,4.25,0.202380952380952,0.121428571428571
23,Yarra Ranges 3BR House/townhouse,0.25,property_only,28,21,7,7,4,0.571428571428571,0.571428571428571
23,Melbourne 2BR Apartment/unit,0.25,full,355,140,124,89,39,0.438202247191011,0.314516129032258
23,Melbourne 3BR Apartment/unit,0.25,full,84,42,35,21,11,0.523809523809524,0.314285714285714
23,Yarra Ranges 3BR House/townhouse,0.25,full,28,21,7,7,3,0.428571428571429,0.428571428571429
23,Melbourne 2BR Apartment/unit,0.5,baseline,355,140,124,178,62.174647887324,0.349295774647887,0.501408450704226
23,Melbourne 3BR Apartment/unit,0.5,baseline,84,42,35,42,17.5,0.416666666666667,0.5
23,Yarra Ranges 3BR House/townhouse,0.5,baseline,28,21,7,14,3.5,0.25,0.5
23,Melbourne 2BR Apartment/unit,0.5,property_only,355,140,124,178,53.3333333333333,0.299625468164794,0.43010752688172
23,Melbourne 3BR Apartment/unit,0.5,property_only,84,42,35,42,17,0.404761904761905,0.485714285714286
23,Yarra Ranges 3BR House/townhouse,0.5,property_only,28,21,7,14,4,0.285714285714286,0.571428571428571
23,Melbourne 2BR Apartment/unit,0.5,full,355,140,124,178,70,0.393258426966292,0.564516129032258
23,Melbourne 3BR Apartment/unit,0.5,full,84,42,35,42,22,0.523809523809524,0.628571428571429
23,Yarra Ranges 3BR House/townhouse,0.5,full,28,21,7,14,6,0.428571428571429,0.857142857142857
24,Melbourne 2BR Apartment/unit,0.1,baseline,407,141,164,41,16.5208845208845,0.402948402948404,0.100737100737101
24,Melbourne 3BR Apartment/unit,0.1,baseline,115,42,54,12,5.63478260869565,0.469565217391305,0.104347826086957
24,Yarra Ranges 3BR House/townhouse,0.1,baseline,30,24,14,3,1.4,0.466666666666667,0.1
24,Melbourne 2BR Apartment/unit,0.1,property_only,407,141,164,41,17.3076923076923,0.422138836772983,0.105534709193246
24,Melbourne 3BR Apartment/unit,0.1,property_only,115,42,54,12,5,0.416666666666667,0.0925925925925926
24,Yarra Ranges 3BR House/townhouse,0.1,property_only,30,24,14,3,2,0.666666666666667,0.142857142857143
24,Melbourne 2BR Apartment/unit,0.1,full,407,141,164,41,25,0.609756097560976,0.152439024390244
24,Melbourne 3BR Apartment/unit,0.1,full,115,42,54,12,11,0.916666666666667,0.203703703703704
24,Yarra Ranges 3BR House/townhouse,0.1,full,30,24,14,3,3,1,0.214285714285714
24,Melbourne 2BR Apartment/unit,0.25,baseline,407,141,164,102,41.1007371007371,0.402948402948403,0.25061425061425
24,Melbourne 3BR Apartment/unit,0.25,baseline,115,42,54,29,13.6173913043478,0.469565217391304,0.252173913043478
24,Yarra Ranges 3BR House/townhouse,0.25,baseline,30,24,14,8,3.73333333333333,0.466666666666667,0.266666666666667
24,Melbourne 2BR Apartment/unit,0.25,property_only,407,141,164,102,44.5454545454546,0.436720142602496,0.271618625277162
24,Melbourne 3BR Apartment/unit,0.25,property_only,115,42,54,29,8.42857142857143,0.29064039408867,0.156084656084656
24,Yarra Ranges 3BR House/townhouse,0.25,property_only,30,24,14,8,4.66666666666667,0.583333333333333,0.333333333333333
24,Melbourne 2BR Apartment/unit,0.25,full,407,141,164,102,63,0.617647058823529,0.384146341463415
24,Melbourne 3BR Apartment/unit,0.25,full,115,42,54,29,23,0.793103448275862,0.425925925925926
24,Yarra Ranges 3BR House/townhouse,0.25,full,30,24,14,8,6,0.75,0.428571428571429
24,Melbourne 2BR Apartment/unit,0.5,baseline,407,141,164,204,82.2014742014741,0.402948402948403,0.501228501228501
24,Melbourne 3BR Apartment/unit,0.5,baseline,115,42,54,58,27.2347826086956,0.469565217391304,0.504347826086956
24,Yarra Ranges 3BR House/townhouse,0.5,baseline,30,24,14,15,7,0.466666666666667,0.5
24,Melbourne 2BR Apartment/unit,0.5,property_only,407,141,164,204,85.0833333333334,0.417075163398693,0.51880081300813
24,Melbourne 3BR Apartment/unit,0.5,property_only,115,42,54,58,25.4615384615385,0.438992042440318,0.471509971509972
24,Yarra Ranges 3BR House/townhouse,0.5,property_only,30,24,14,15,9,0.6,0.642857142857143
24,Melbourne 2BR Apartment/unit,0.5,full,407,141,164,204,111,0.544117647058824,0.676829268292683
24,Melbourne 3BR Apartment/unit,0.5,full,115,42,54,58,35,0.603448275862069,0.648148148148148
24,Yarra Ranges 3BR House/townhouse,0.5,full,30,24,14,15,8,0.533333333333333,0.571428571428571
25,Melbourne 2BR Apartment/unit,0.1,baseline,371,140,117,38,11.9838274932615,0.315363881401618,0.102425876010782
25,Melbourne 3BR Apartment/unit,0.1,baseline,90,42,33,9,3.3,0.366666666666667,0.1
25,Yarra Ranges 3BR House/townhouse,0.1,baseline,24,23,9,3,1.125,0.375,0.125
25,Melbourne 2BR Apartment/unit,0.1,property_only,371,140,117,38,14.5714285714286,0.383458646616541,0.124542124542125
25,Melbourne 3BR Apartment/unit,0.1,property_only,90,42,33,9,3,0.333333333333333,0.0909090909090909
25,Yarra Ranges 3BR House/townhouse,0.1,property_only,24,23,9,3,2,0.666666666666667,0.222222222222222
25,Melbourne 2BR Apartment/unit,0.1,full,371,140,117,38,14,0.368421052631579,0.11965811965812
25,Melbourne 3BR Apartment/unit,0.1,full,90,42,33,9,5,0.555555555555556,0.151515151515152
25,Yarra Ranges 3BR House/townhouse,0.1,full,24,23,9,3,3,1,0.333333333333333
25,Melbourne 2BR Apartment/unit,0.25,baseline,371,140,117,93,29.3288409703503,0.315363881401617,0.250673854447439
25,Melbourne 3BR Apartment/unit,0.25,baseline,90,42,33,23,8.43333333333333,0.366666666666667,0.255555555555556
25,Yarra Ranges 3BR House/townhouse,0.25,baseline,24,23,9,6,2.25,0.375,0.25
25,Melbourne 2BR Apartment/unit,0.25,property_only,371,140,117,93,32,0.344086021505376,0.273504273504274
25,Melbourne 3BR Apartment/unit,0.25,property_only,90,42,33,23,7.25,0.315217391304348,0.21969696969697
25,Yarra Ranges 3BR House/townhouse,0.25,property_only,24,23,9,6,4,0.666666666666667,0.444444444444444
25,Melbourne 2BR Apartment/unit,0.25,full,371,140,117,93,38,0.408602150537634,0.324786324786325
25,Melbourne 3BR Apartment/unit,0.25,full,90,42,33,23,12,0.521739130434783,0.363636363636364
25,Yarra Ranges 3BR House/townhouse,0.25,full,24,23,9,6,5,0.833333333333333,0.555555555555556
25,Melbourne 2BR Apartment/unit,0.5,baseline,371,140,117,186,58.6576819407007,0.315363881401617,0.501347708894878
25,Melbourne 3BR Apartment/unit,0.5,baseline,90,42,33,45,16.5,0.366666666666667,0.5
25,Yarra Ranges 3BR House/townhouse,0.5,baseline,24,23,9,12,4.5,0.375,0.5
25,Melbourne 2BR Apartment/unit,0.5,property_only,371,140,117,186,58.1764705882353,0.312776723592663,0.497234791352438
25,Melbourne 3BR Apartment/unit,0.5,property_only,90,42,33,45,13,0.288888888888889,0.393939393939394
25,Yarra Ranges 3BR House/townhouse,0.5,property_only,24,23,9,12,6.5,0.541666666666667,0.722222222222222
25,Melbourne 2BR Apartment/unit,0.5,full,371,140,117,186,68,0.365591397849462,0.581196581196581
25,Melbourne 3BR Apartment/unit,0.5,full,90,42,33,45,21,0.466666666666667,0.636363636363636
25,Yarra Ranges 3BR House/townhouse,0.5,full,24,23,9,12,8,0.666666666666667,0.888888888888889
26,Melbourne 2BR Apartment/unit,0.1,baseline,379,138,128,38,12.8337730870712,0.337730870712401,0.100263852242744
26,Melbourne 3BR Apartment/unit,0.1,baseline,113,45,35,12,3.71681415929204,0.309734513274336,0.106194690265487
26,Yarra Ranges 3BR House/townhouse,0.1,baseline,32,30,10,4,1.25,0.3125,0.125
26,Melbourne 2BR Apartment/unit,0.1,property_only,379,138,128,38,14.6666666666667,0.385964912280702,0.114583333333333
26,Melbourne 3BR Apartment/unit,0.1,property_only,113,45,35,12,3,0.25,0.0857142857142857
26,Yarra Ranges 3BR House/townhouse,0.1,property_only,32,30,10,4,2,0.5,0.2
26,Melbourne 2BR Apartment/unit,0.1,full,379,138,128,38,16,0.421052631578947,0.125
26,Melbourne 3BR Apartment/unit,0.1,full,113,45,35,12,4,0.333333333333333,0.114285714285714
26,Yarra Ranges 3BR House/townhouse,0.1,full,32,30,10,4,3,0.75,0.3
26,Melbourne 2BR Apartment/unit,0.25,baseline,379,138,128,95,32.0844327176782,0.337730870712402,0.250659630606861
26,Melbourne 3BR Apartment/unit,0.25,baseline,113,45,35,29,8.98230088495575,0.309734513274336,0.256637168141593
26,Yarra Ranges 3BR House/townhouse,0.25,baseline,32,30,10,8,2.5,0.3125,0.25
26,Melbourne 2BR Apartment/unit,0.25,property_only,379,138,128,95,30.4705882352941,0.320743034055728,0.238051470588235
26,Melbourne 3BR Apartment/unit,0.25,property_only,113,45,35,29,7,0.241379310344828,0.2
26,Yarra Ranges 3BR House/townhouse,0.25,property_only,32,30,10,8,5,0.625,0.5
26,Melbourne 2BR Apartment/unit,0.25,full,379,138,128,95,38,0.4,0.296875
26,Melbourne 3BR Apartment/unit,0.25,full,113,45,35,29,12,0.413793103448276,0.342857142857143
26,Yarra Ranges 3BR House/townhouse,0.25,full,32,30,10,8,6,0.75,0.6
26,Melbourne 2BR Apartment/unit,0.5,baseline,379,138,128,190,64.1688654353564,0.337730870712402,0.501319261213722
26,Melbourne 3BR Apartment/unit,0.5,baseline,113,45,35,57,17.6548672566372,0.309734513274336,0.504424778761062
26,Yarra Ranges 3BR House/townhouse,0.5,baseline,32,30,10,16,5,0.3125,0.5
26,Melbourne 2BR Apartment/unit,0.5,property_only,379,138,128,190,61.5625,0.324013157894737,0.48095703125
26,Melbourne 3BR Apartment/unit,0.5,property_only,113,45,35,57,15.4,0.270175438596491,0.44
26,Yarra Ranges 3BR House/townhouse,0.5,property_only,32,30,10,16,6.5,0.40625,0.65
26,Melbourne 2BR Apartment/unit,0.5,full,379,138,128,190,73,0.384210526315789,0.5703125
26,Melbourne 3BR Apartment/unit,0.5,full,113,45,35,57,20,0.350877192982456,0.571428571428571
26,Yarra Ranges 3BR House/townhouse,0.5,full,32,30,10,16,7,0.4375,0.7
27,Melbourne 2BR Apartment/unit,0.1,baseline,397,152,92,40,9.26952141057933,0.231738035264483,0.100755667506297
27,Melbourne 3BR Apartment/unit,0.1,baseline,103,48,33,11,3.52427184466019,0.320388349514563,0.106796116504854
27,Yarra Ranges 3BR House/townhouse,0.1,baseline,28,23,9,3,0.964285714285714,0.321428571428571,0.107142857142857
27,Melbourne 2BR Apartment/unit,0.1,property_only,397,152,92,40,15.6666666666667,0.391666666666667,0.170289855072464
27,Melbourne 3BR Apartment/unit,0.1,property_only,103,48,33,11,7,0.636363636363636,0.212121212121212
27,Yarra Ranges 3BR House/townhouse,0.1,property_only,28,23,9,3,1,0.333333333333333,0.111111111111111
27,Melbourne 2BR Apartment/unit,0.1,full,397,152,92,40,16,0.4,0.173913043478261
27,Melbourne 3BR Apartment/unit,0.1,full,103,48,33,11,7,0.636363636363636,0.212121212121212
27,Yarra Ranges 3BR House/townhouse,0.1,full,28,23,9,3,1,0.333333333333333,0.111111111111111
27,Melbourne 2BR Apartment/unit,0.25,baseline,397,152,92,100,23.1738035264484,0.231738035264484,0.251889168765743
27,Melbourne 3BR Apartment/unit,0.25,baseline,103,48,33,26,8.33009708737864,0.320388349514563,0.252427184466019
27,Yarra Ranges 3BR House/townhouse,0.25,baseline,28,23,9,7,2.25,0.321428571428571,0.25
27,Melbourne 2BR Apartment/unit,0.25,property_only,397,152,92,100,31,0.31,0.33695652173913
27,Melbourne 3BR Apartment/unit,0.25,property_only,103,48,33,26,10.8,0.415384615384615,0.327272727272727
27,Yarra Ranges 3BR House/townhouse,0.25,property_only,28,23,9,7,5,0.714285714285714,0.555555555555556
27,Melbourne 2BR Apartment/unit,0.25,full,397,152,92,100,30,0.3,0.326086956521739
27,Melbourne 3BR Apartment/unit,0.25,full,103,48,33,26,11,0.423076923076923,0.333333333333333
27,Yarra Ranges 3BR House/townhouse,0.25,full,28,23,9,7,2,0.285714285714286,0.222222222222222
27,Melbourne 2BR Apartment/unit,0.5,baseline,397,152,92,199,46.1158690176322,0.231738035264484,0.501259445843829
27,Melbourne 3BR Apartment/unit,0.5,baseline,103,48,33,52,16.6601941747573,0.320388349514563,0.504854368932039
27,Yarra Ranges 3BR House/townhouse,0.5,baseline,28,23,9,14,4.5,0.321428571428571,0.5
27,Melbourne 2BR Apartment/unit,0.5,property_only,397,152,92,199,51.9166666666667,0.260887772194305,0.564311594202899
27,Melbourne 3BR Apartment/unit,0.5,property_only,103,48,33,52,19.3333333333333,0.371794871794872,0.585858585858586
27,Yarra Ranges 3BR House/townhouse,0.5,property_only,28,23,9,14,7,0.5,0.777777777777778
27,Melbourne 2BR Apartment/unit,0.5,full,397,152,92,199,63,0.316582914572864,0.684782608695652
27,Melbourne 3BR Apartment/unit,0.5,full,103,48,33,52,18,0.346153846153846,0.545454545454545
27,Yarra Ranges 3BR House/townhouse,0.5,full,28,23,9,14,5,0.357142857142857,0.555555555555556
28,Melbourne 2BR Apartment/unit,0.1,baseline,388,153,122,39,12.2628865979382,0.314432989690722,0.100515463917526
28,Melbourne 3BR Apartment/unit,0.1,baseline,99,47,51,10,5.15151515151516,0.515151515151516,0.101010101010101
28,Yarra Ranges 3BR House/townhouse,0.1,baseline,24,22,7,3,0.875,0.291666666666667,0.125
28,Melbourne 2BR Apartment/unit,0.1,property_only,388,153,122,39,20.5,0.525641025641026,0.168032786885246
28,Melbourne 3BR Apartment/unit,0.1,property_only,99,47,51,10,6,0.6,0.117647058823529
28,Yarra Ranges 3BR House/townhouse,0.1,property_only,24,22,7,3,2,0.666666666666667,0.285714285714286
28,Melbourne 2BR Apartment/unit,0.1,full,388,153,122,39,22,0.564102564102564,0.180327868852459
28,Melbourne 3BR Apartment/unit,0.1,full,99,47,51,10,10,1,0.196078431372549
28,Yarra Ranges 3BR House/townhouse,0.1,full,24,22,7,3,3,1,0.428571428571429
28,Melbourne 2BR Apartment/unit,0.25,baseline,388,153,122,97,30.5,0.314432989690722,0.25
28,Melbourne 3BR Apartment/unit,0.25,baseline,99,47,51,25,12.8787878787879,0.515151515151515,0.252525252525253
28,Yarra Ranges 3BR House/townhouse,0.25,baseline,24,22,7,6,1.75,0.291666666666667,0.25
28,Melbourne 2BR Apartment/unit,0.25,property_only,388,153,122,97,47.0666666666667,0.485223367697595,0.385792349726776
28,Melbourne 3BR Apartment/unit,0.25,property_only,99,47,51,25,10.5,0.42,0.205882352941176
28,Yarra Ranges 3BR House/townhouse,0.25,property_only,24,22,7,6,3,0.5,0.428571428571429
28,Melbourne 2BR Apartment/unit,0.25,full,388,153,122,97,45,0.463917525773196,0.368852459016393
28,Melbourne 3BR Apartment/unit,0.25,full,99,47,51,25,19,0.76,0.372549019607843
28,Yarra Ranges 3BR House/townhouse,0.25,full,24,22,7,6,4,0.666666666666667,0.571428571428571
28,Melbourne 2BR Apartment/unit,0.5,baseline,388,153,122,194,61,0.314432989690722,0.5
28,Melbourne 3BR Apartment/unit,0.5,baseline,99,47,51,50,25.7575757575758,0.515151515151515,0.505050505050505
28,Yarra Ranges 3BR House/townhouse,0.5,baseline,24,22,7,12,3.5,0.291666666666667,0.5
28,Melbourne 2BR Apartment/unit,0.5,property_only,388,153,122,194,79.4736842105263,0.409658166033641,0.651423641069888
28,Melbourne 3BR Apartment/unit,0.5,property_only,99,47,51,50,30.25,0.605,0.593137254901961
28,Yarra Ranges 3BR House/townhouse,0.5,property_only,24,22,7,12,4.33333333333333,0.361111111111111,0.619047619047619
28,Melbourne 2BR Apartment/unit,0.5,full,388,153,122,194,89,0.458762886597938,0.729508196721312
28,Melbourne 3BR Apartment/unit,0.5,full,99,47,51,50,31,0.62,0.607843137254902
28,Yarra Ranges 3BR House/townhouse,0.5,full,24,22,7,12,6,0.5,0.857142857142857
29,Melbourne 2BR Apartment/unit,0.1,baseline,391,139,90,40,9.2071611253197,0.230179028132993,0.10230179028133
29,Melbourne 3BR Apartment/unit,0.1,baseline,95,33,23,10,2.42105263157895,0.242105263157895,0.105263157894737
29,Yarra Ranges 3BR House/townhouse,0.1,baseline,32,29,9,4,1.125,0.28125,0.125
29,Melbourne 2BR Apartment/unit,0.1,property_only,391,139,90,40,9.75,0.24375,0.108333333333333
29,Melbourne 3BR Apartment/unit,0.1,property_only,95,33,23,10,3.33333333333333,0.333333333333333,0.144927536231884
29,Yarra Ranges 3BR House/townhouse,0.1,property_only,32,29,9,4,2,0.5,0.222222222222222
29,Melbourne 2BR Apartment/unit,0.1,full,391,139,90,40,8,0.2,0.0888888888888889
29,Melbourne 3BR Apartment/unit,0.1,full,95,33,23,10,2,0.2,0.0869565217391304
29,Yarra Ranges 3BR House/townhouse,0.1,full,32,29,9,4,2,0.5,0.222222222222222
29,Melbourne 2BR Apartment/unit,0.25,baseline,391,139,90,98,22.5575447570333,0.230179028132993,0.250639386189259
29,Melbourne 3BR Apartment/unit,0.25,baseline,95,33,23,24,5.81052631578947,0.242105263157895,0.252631578947368
29,Yarra Ranges 3BR House/townhouse,0.25,baseline,32,29,9,8,2.25,0.28125,0.25
29,Melbourne 2BR Apartment/unit,0.25,property_only,391,139,90,98,27.8823529411765,0.284513805522209,0.309803921568627
29,Melbourne 3BR Apartment/unit,0.25,property_only,95,33,23,24,6.5,0.270833333333333,0.282608695652174
29,Yarra Ranges 3BR House/townhouse,0.25,property_only,32,29,9,8,2,0.25,0.222222222222222
29,Melbourne 2BR Apartment/unit,0.25,full,391,139,90,98,17,0.173469387755102,0.188888888888889
29,Melbourne 3BR Apartment/unit,0.25,full,95,33,23,24,5,0.208333333333333,0.217391304347826
29,Yarra Ranges 3BR House/townhouse,0.25,full,32,29,9,8,5,0.625,0.555555555555556
29,Melbourne 2BR Apartment/unit,0.5,baseline,391,139,90,196,45.1150895140665,0.230179028132993,0.501278772378517
29,Melbourne 3BR Apartment/unit,0.5,baseline,95,33,23,48,11.6210526315789,0.242105263157895,0.505263157894737
29,Yarra Ranges 3BR House/townhouse,0.5,baseline,32,29,9,16,4.5,0.28125,0.5
29,Melbourne 2BR Apartment/unit,0.5,property_only,391,139,90,196,48.5,0.247448979591837,0.538888888888889
29,Melbourne 3BR Apartment/unit,0.5,property_only,95,33,23,48,11.5,0.239583333333333,0.5
29,Yarra Ranges 3BR House/townhouse,0.5,property_only,32,29,9,16,5,0.3125,0.555555555555556
29,Melbourne 2BR Apartment/unit,0.5,full,391,139,90,196,51,0.260204081632653,0.566666666666667
29,Melbourne 3BR Apartment/unit,0.5,full,95,33,23,48,11,0.229166666666667,0.478260869565217
29,Yarra Ranges 3BR House/townhouse,0.5,full,32,29,9,16,6,0.375,0.666666666666667
30,Melbourne 2BR Apartment/unit,0.1,baseline,347,146,134,35,13.5158501440922,0.386167146974064,0.100864553314121
30,Melbourne 3BR Apartment/unit,0.1,baseline,109,41,35,11,3.53211009174312,0.321100917431193,0.100917431192661
30,Yarra Ranges 3BR House/townhouse,0.1,baseline,27,22,8,3,0.888888888888889,0.296296296296296,0.111111111111111
30,Melbourne 2BR Apartment/unit,0.1,property_only,347,146,134,35,14,0.4,0.104477611940299
30,Melbourne 3BR Apartment/unit,0.1,property_only,109,41,35,11,3,0.272727272727273,0.0857142857142857
30,Yarra Ranges 3BR House/townhouse,0.1,property_only,27,22,8,3,2,0.666666666666667,0.25
30,Melbourne 2BR Apartment/unit,0.1,full,347,146,134,35,28,0.8,0.208955223880597
30,Melbourne 3BR Apartment/unit,0.1,full,109,41,35,11,5,0.454545454545455,0.142857142857143
30,Yarra Ranges 3BR House/townhouse,0.1,full,27,22,8,3,3,1,0.375
30,Melbourne 2BR Apartment/unit,0.25,baseline,347,146,134,87,33.5965417867434,0.386167146974062,0.2507204610951
30,Melbourne 3BR Apartment/unit,0.25,baseline,109,41,35,28,8.9908256880734,0.321100917431193,0.256880733944954
30,Yarra Ranges 3BR House/townhouse,0.25,baseline,27,22,8,7,2.07407407407407,0.296296296296296,0.259259259259259
30,Melbourne 2BR Apartment/unit,0.25,property_only,347,146,134,87,40.4,0.464367816091954,0.301492537313433
30,Melbourne 3BR Apartment/unit,0.25,property_only,109,41,35,28,6,0.214285714285714,0.171428571428571
30,Yarra Ranges 3BR House/townhouse,0.25,property_only,27,22,8,7,4,0.571428571428571,0.5
30,Melbourne 2BR Apartment/unit,0.25,full,347,146,134,87,62,0.71264367816092,0.462686567164179
30,Melbourne 3BR Apartment/unit,0.25,full,109,41,35,28,10,0.357142857142857,0.285714285714286
30,Yarra Ranges 3BR House/townhouse,0.25,full,27,22,8,7,5,0.714285714285714,0.625
30,Melbourne 2BR Apartment/unit,0.5,baseline,347,146,134,174,67.1930835734868,0.386167146974062,0.5014409221902
30,Melbourne 3BR Apartment/unit,0.5,baseline,109,41,35,55,17.6605504587156,0.321100917431193,0.504587155963303
30,Yarra Ranges 3BR House/townhouse,0.5,baseline,27,22,8,14,4.14814814814815,0.296296296296296,0.518518518518519
30,Melbourne 2BR Apartment/unit,0.5,property_only,347,146,134,174,78.4347826086956,0.450774612693653,0.585334198572356
30,Melbourne 3BR Apartment/unit,0.5,property_only,109,41,35,55,11.4,0.207272727272727,0.325714285714286
30,Yarra Ranges 3BR House/townhouse,0.5,property_only,27,22,8,14,7,0.5,0.875
30,Melbourne 2BR Apartment/unit,0.5,full,347,146,134,174,100,0.574712643678161,0.746268656716418
30,Melbourne 3BR Apartment/unit,0.5,full,109,41,35,55,21,0.381818181818182,0.6
30,Yarra Ranges 3BR House/townhouse,0.5,full,27,22,8,14,7,0.5,0.875
31,Melbourne 2BR Apartment/unit,0.1,baseline,486,146,182,49,18.3497942386831,0.374485596707818,0.10082304526749
31,Melbourne 3BR Apartment/unit,0.1,baseline,106,48,35,11,3.63207547169811,0.330188679245283,0.10377358490566
31,Yarra Ranges 3BR House/townhouse,0.1,baseline,26,23,9,3,1.03846153846154,0.346153846153846,0.115384615384615
31,Melbourne 2BR Apartment/unit,0.1,property_only,486,146,182,49,22,0.448979591836735,0.120879120879121
31,Melbourne 3BR Apartment/unit,0.1,property_only,106,48,35,11,2.5,0.227272727272727,0.0714285714285714
31,Yarra Ranges 3BR House/townhouse,0.1,property_only,26,23,9,3,2,0.666666666666667,0.222222222222222
31,Melbourne 2BR Apartment/unit,0.1,full,486,146,182,49,22.5,0.459183673469388,0.123626373626374
31,Melbourne 3BR Apartment/unit,0.1,full,106,48,35,11,5,0.454545454545455,0.142857142857143
31,Yarra Ranges 3BR House/townhouse,0.1,full,26,23,9,3,2,0.666666666666667,0.222222222222222
31,Melbourne 2BR Apartment/unit,0.25,baseline,486,146,182,122,45.687242798354,0.37448559670782,0.251028806584363
31,Melbourne 3BR Apartment/unit,0.25,baseline,106,48,35,27,8.91509433962264,0.330188679245283,0.254716981132075
31,Yarra Ranges 3BR House/townhouse,0.25,baseline,26,23,9,7,2.42307692307692,0.346153846153846,0.269230769230769
31,Melbourne 2BR Apartment/unit,0.25,property_only,486,146,182,122,55.0454545454545,0.451192250372578,0.302447552447552
31,Melbourne 3BR Apartment/unit,0.25,property_only,106,48,35,27,7,0.259259259259259,0.2
31,Yarra Ranges 3BR House/townhouse,0.25,property_only,26,23,9,7,3,0.428571428571429,0.333333333333333
31,Melbourne 2BR Apartment/unit,0.25,full,486,146,182,122,54,0.442622950819672,0.296703296703297
31,Melbourne 3BR Apartment/unit,0.25,full,106,48,35,27,12,0.444444444444444,0.342857142857143
31,Yarra Ranges 3BR House/townhouse,0.25,full,26,23,9,7,3,0.428571428571429,0.333333333333333
31,Melbourne 2BR Apartment/unit,0.5,baseline,486,146,182,243,91,0.374485596707819,0.5
31,Melbourne 3BR Apartment/unit,0.5,baseline,106,48,35,53,17.5,0.330188679245283,0.5
31,Yarra Ranges 3BR House/townhouse,0.5,baseline,26,23,9,13,4.5,0.346153846153846,0.5
31,Melbourne 2BR Apartment/unit,0.5,property_only,486,146,182,243,113.6,0.467489711934156,0.624175824175824
31,Melbourne 3BR Apartment/unit,0.5,property_only,106,48,35,53,16,0.30188679245283,0.457142857142857
31,Yarra Ranges 3BR House/townhouse,0.5,property_only,26,23,9,13,6,0.461538461538462,0.666666666666667
31,Melbourne 2BR Apartment/unit,0.5,full,486,146,182,243,116,0.477366255144033,0.637362637362637
31,Melbourne 3BR Apartment/unit,0.5,full,106,48,35,53,20,0.377358490566038,0.571428571428571
31,Yarra Ranges 3BR House/townhouse,0.5,full,26,23,9,13,4,0.307692307692308,0.444444444444444
32,Melbourne 2BR Apartment/unit,0.1,baseline,388,138,138,39,13.8711340206186,0.355670103092784,0.100515463917526
32,Melbourne 3BR Apartment/unit,0.1,baseline,86,38,44,9,4.6046511627907,0.511627906976745,0.104651162790698
32,Yarra Ranges 3BR House/townhouse,0.1,baseline,24,21,5,3,0.625,0.208333333333333,0.125
32,Melbourne 2BR Apartment/unit,0.1,property_only,388,138,138,39,15,0.384615384615385,0.108695652173913
32,Melbourne 3BR Apartment/unit,0.1,property_only,86,38,44,9,5,0.555555555555556,0.113636363636364
32,Yarra Ranges 3BR House/townhouse,0.1,property_only,24,21,5,3,1,0.333333333333333,0.2
32,Melbourne 2BR Apartment/unit,0.1,full,388,138,138,39,30,0.769230769230769,0.217391304347826
32,Melbourne 3BR Apartment/unit,0.1,full,86,38,44,9,8,0.888888888888889,0.181818181818182
32,Yarra Ranges 3BR House/townhouse,0.1,full,24,21,5,3,2,0.666666666666667,0.4
32,Melbourne 2BR Apartment/unit,0.25,baseline,388,138,138,97,34.5,0.355670103092784,0.25
32,Melbourne 3BR Apartment/unit,0.25,baseline,86,38,44,22,11.2558139534884,0.511627906976745,0.255813953488372
32,Yarra Ranges 3BR House/townhouse,0.25,baseline,24,21,5,6,1.25,0.208333333333333,0.25
32,Melbourne 2BR Apartment/unit,0.25,property_only,388,138,138,97,43.1818181818182,0.445173383317713,0.312911725955204
32,Melbourne 3BR Apartment/unit,0.25,property_only,86,38,44,22,14.875,0.676136363636364,0.338068181818182
32,Yarra Ranges 3BR House/townhouse,0.25,property_only,24,21,5,6,2.5,0.416666666666667,0.5
32,Melbourne 2BR Apartment/unit,0.25,full,388,138,138,97,73,0.752577319587629,0.528985507246377
32,Melbourne 3BR Apartment/unit,0.25,full,86,38,44,22,19,0.863636363636364,0.431818181818182
32,Yarra Ranges 3BR House/townhouse,0.25,full,24,21,5,6,3,0.5,0.6
32,Melbourne 2BR Apartment/unit,0.5,baseline,388,138,138,194,69,0.355670103092784,0.5
32,Melbourne 3BR Apartment/unit,0.5,baseline,86,38,44,43,22,0.511627906976744,0.5
32,Yarra Ranges 3BR House/townhouse,0.5,baseline,24,21,5,12,2.5,0.208333333333333,0.5
32,Melbourne 2BR Apartment/unit,0.5,property_only,388,138,138,194,96.7142857142857,0.498527245949926,0.700828157349896
32,Melbourne 3BR Apartment/unit,0.5,property_only,86,38,44,43,28.1428571428572,0.654485049833887,0.63961038961039
32,Yarra Ranges 3BR House/townhouse,0.5,property_only,24,21,5,12,4.6,0.383333333333333,0.92
32,Melbourne 2BR Apartment/unit,0.5,full,388,138,138,194,113,0.582474226804124,0.818840579710145
32,Melbourne 3BR Apartment/unit,0.5,full,86,38,44,43,33,0.767441860465116,0.75
32,Yarra Ranges 3BR House/townhouse,0.5,full,24,21,5,12,5,0.416666666666667,1
33,Melbourne 2BR Apartment/unit,0.1,baseline,364,146,107,37,10.8763736263736,0.293956043956044,0.101648351648352
33,Melbourne 3BR Apartment/unit,0.1,baseline,69,40,20,7,2.02898550724638,0.289855072463768,0.101449275362319
33,Yarra Ranges 3BR House/townhouse,0.1,baseline,32,30,13,4,1.625,0.40625,0.125
33,Melbourne 2BR Apartment/unit,0.1,property_only,364,146,107,37,15.5,0.418918918918919,0.144859813084112
33,Melbourne 3BR Apartment/unit,0.1,property_only,69,40,20,7,3,0.428571428571429,0.15
33,Yarra Ranges 3BR House/townhouse,0.1,property_only,32,30,13,4,1,0.25,0.0769230769230769
33,Melbourne 2BR Apartment/unit,0.1,full,364,146,107,37,18,0.486486486486487,0.168224299065421
33,Melbourne 3BR Apartment/unit,0.1,full,69,40,20,7,3,0.428571428571429,0.15
33,Yarra Ranges 3BR House/townhouse,0.1,full,32,30,13,4,3,0.75,0.230769230769231
33,Melbourne 2BR Apartment/unit,0.25,baseline,364,146,107,91,26.75,0.293956043956044,0.25
33,Melbourne 3BR Apartment/unit,0.25,baseline,69,40,20,18,5.21739130434783,0.289855072463768,0.260869565217391
33,Yarra Ranges 3BR House/townhouse,0.25,baseline,32,30,13,8,3.25,0.40625,0.25
33,Melbourne 2BR Apartment/unit,0.25,property_only,364,146,107,91,33.9230769230769,0.372781065088757,0.317038102084831
33,Melbourne 3BR Apartment/unit,0.25,property_only,69,40,20,18,7,0.388888888888889,0.35
33,Yarra Ranges 3BR House/townhouse,0.25,property_only,32,30,13,8,4,0.5,0.307692307692308
33,Melbourne 2BR Apartment/unit,0.25,full,364,146,107,91,38,0.417582417582418,0.355140186915888
33,Melbourne 3BR Apartment/unit,0.25,full,69,40,20,18,7,0.388888888888889,0.35
33,Yarra Ranges 3BR House/townhouse,0.25,full,32,30,13,8,6,0.75,0.461538461538462
33,Melbourne 2BR Apartment/unit,0.5,baseline,364,146,107,182,53.5,0.293956043956044,0.5
33,Melbourne 3BR Apartment/unit,0.5,baseline,69,40,20,35,10.1449275362319,0.289855072463768,0.507246376811594
33,Yarra Ranges 3BR House/townhouse,0.5,baseline,32,30,13,16,6.5,0.40625,0.5
33,Melbourne 2BR Apartment/unit,0.5,property_only,364,146,107,182,60.2,0.330769230769231,0.562616822429907
33,Melbourne 3BR Apartment/unit,0.5,property_only,69,40,20,35,11,0.314285714285714,0.55
33,Yarra Ranges 3BR House/townhouse,0.5,property_only,32,30,13,16,7,0.4375,0.538461538461538
33,Melbourne 2BR Apartment/unit,0.5,full,364,146,107,182,67,0.368131868131868,0.626168224299065
33,Melbourne 3BR Apartment/unit,0.5,full,69,40,20,35,8,0.228571428571429,0.4
33,Yarra Ranges 3BR House/townhouse,0.5,full,32,30,13,16,9,0.5625,0.692307692307692
34,Melbourne 2BR Apartment/unit,0.1,baseline,490,149,179,49,17.9,0.365306122448979,0.1
34,Melbourne 3BR Apartment/unit,0.1,baseline,104,44,34,11,3.59615384615385,0.326923076923077,0.105769230769231
34,Yarra Ranges 3BR House/townhouse,0.1,baseline,24,20,4,3,0.5,0.166666666666667,0.125
34,Melbourne 2BR Apartment/unit,0.1,property_only,490,149,179,49,21,0.428571428571429,0.11731843575419
34,Melbourne 3BR Apartment/unit,0.1,property_only,104,44,34,11,4.33333333333333,0.393939393939394,0.127450980392157
34,Yarra Ranges 3BR House/townhouse,0.1,property_only,24,20,4,3,1,0.333333333333333,0.25
34,Melbourne 2BR Apartment/unit,0.1,full,490,149,179,49,35,0.714285714285714,0.195530726256983
34,Melbourne 3BR Apartment/unit,0.1,full,104,44,34,11,7,0.636363636363636,0.205882352941176
34,Yarra Ranges 3BR House/townhouse,0.1,full,24,20,4,3,1,0.333333333333333,0.25
34,Melbourne 2BR Apartment/unit,0.25,baseline,490,149,179,123,44.9326530612243,0.365306122448978,0.251020408163264
34,Melbourne 3BR Apartment/unit,0.25,baseline,104,44,34,26,8.5,0.326923076923077,0.25
34,Yarra Ranges 3BR House/townhouse,0.25,baseline,24,20,4,6,1,0.166666666666667,0.25
34,Melbourne 2BR Apartment/unit,0.25,property_only,490,149,179,123,56.7692307692308,0.461538461538461,0.317146540610228
34,Melbourne 3BR Apartment/unit,0.25,property_only,104,44,34,26,8.42857142857143,0.324175824175824,0.247899159663866
34,Yarra Ranges 3BR House/townhouse,0.25,property_only,24,20,4,6,1,0.166666666666667,0.25
34,Melbourne 2BR Apartment/unit,0.25,full,490,149,179,123,87,0.707317073170732,0.486033519553073
34,Melbourne 3BR Apartment/unit,0.25,full,104,44,34,26,13,0.5,0.382352941176471
34,Yarra Ranges 3BR House/townhouse,0.25,full,24,20,4,6,1,0.166666666666667,0.25
34,Melbourne 2BR Apartment/unit,0.5,baseline,490,149,179,245,89.5,0.36530612244898,0.5
34,Melbourne 3BR Apartment/unit,0.5,baseline,104,44,34,52,17,0.326923076923077,0.5
34,Yarra Ranges 3BR House/townhouse,0.5,baseline,24,20,4,12,2,0.166666666666667,0.5
34,Melbourne 2BR Apartment/unit,0.5,property_only,490,149,179,245,102.307692307692,0.417582417582418,0.571551353674259
34,Melbourne 3BR Apartment/unit,0.5,property_only,104,44,34,52,16.5,0.317307692307692,0.485294117647059
34,Yarra Ranges 3BR House/townhouse,0.5,property_only,24,20,4,12,1,0.0833333333333333,0.25
34,Melbourne 2BR Apartment/unit,0.5,full,490,149,179,245,128,0.522448979591837,0.715083798882682
34,Melbourne 3BR Apartment/unit,0.5,full,104,44,34,52,18,0.346153846153846,0.529411764705882
34,Yarra Ranges 3BR House/townhouse,0.5,full,24,20,4,12,2,0.166666666666667,0.5
35,Melbourne 2BR Apartment/unit,0.1,baseline,411,140,151,42,15.4306569343065,0.367396593673965,0.102189781021897
35,Melbourne 3BR Apartment/unit,0.1,baseline,105,45,53,11,5.55238095238095,0.504761904761904,0.104761904761905
35,Yarra Ranges 3BR House/townhouse,0.1,baseline,32,24,8,4,1,0.25,0.125
35,Melbourne 2BR Apartment/unit,0.1,property_only,411,140,151,42,17.7777777777778,0.423280423280423,0.117733627667403
35,Melbourne 3BR Apartment/unit,0.1,property_only,105,45,53,11,1,0.0909090909090909,0.0188679245283019
35,Yarra Ranges 3BR House/townhouse,0.1,property_only,32,24,8,4,1,0.25,0.125
35,Melbourne 2BR Apartment/unit,0.1,full,411,140,151,42,23,0.547619047619048,0.152317880794702
35,Melbourne 3BR Apartment/unit,0.1,full,105,45,53,11,10,0.909090909090909,0.188679245283019
35,Yarra Ranges 3BR House/townhouse,0.1,full,32,24,8,4,3,0.75,0.375
35,Melbourne 2BR Apartment/unit,0.25,baseline,411,140,151,103,37.8418491484185,0.367396593673966,0.250608272506083
35,Melbourne 3BR Apartment/unit,0.25,baseline,105,45,53,27,13.6285714285714,0.504761904761904,0.257142857142857
35,Yarra Ranges 3BR House/townhouse,0.25,baseline,32,24,8,8,2,0.25,0.25
35,Melbourne 2BR Apartment/unit,0.25,property_only,411,140,151,103,49.4285714285714,0.479889042995839,0.327341532639546
35,Melbourne 3BR Apartment/unit,0.25,property_only,105,45,53,27,10,0.37037037037037,0.188679245283019
35,Yarra Ranges 3BR House/townhouse,0.25,property_only,32,24,8,8,3,0.375,0.375
35,Melbourne 2BR Apartment/unit,0.25,full,411,140,151,103,52,0.504854368932039,0.344370860927152
35,Melbourne 3BR Apartment/unit,0.25,full,105,45,53,27,21,0.777777777777778,0.39622641509434
35,Yarra Ranges 3BR House/townhouse,0.25,full,32,24,8,8,4,0.5,0.5
35,Melbourne 2BR Apartment/unit,0.5,baseline,411,140,151,206,75.683698296837,0.367396593673966,0.501216545012165
35,Melbourne 3BR Apartment/unit,0.5,baseline,105,45,53,53,26.752380952381,0.504761904761906,0.504761904761906
35,Yarra Ranges 3BR House/townhouse,0.5,baseline,32,24,8,16,4,0.25,0.5
35,Melbourne 2BR Apartment/unit,0.5,property_only,411,140,151,206,84.1428571428571,0.408460471567268,0.557237464522233
35,Melbourne 3BR Apartment/unit,0.5,property_only,105,45,53,53,30.75,0.580188679245283,0.580188679245283
35,Yarra Ranges 3BR House/townhouse,0.5,property_only,32,24,8,16,5.66666666666667,0.354166666666667,0.708333333333333
35,Melbourne 2BR Apartment/unit,0.5,full,411,140,151,206,95,0.461165048543689,0.629139072847682
35,Melbourne 3BR Apartment/unit,0.5,full,105,45,53,53,35,0.660377358490566,0.660377358490566
35,Yarra Ranges 3BR House/townhouse,0.5,full,32,24,8,16,4,0.25,0.5
36,Melbourne 2BR Apartment/unit,0.1,baseline,308,136,95,31,9.56168831168829,0.308441558441558,0.10064935064935
36,Melbourne 3BR Apartment/unit,0.1,baseline,92,39,25,10,2.71739130434783,0.271739130434783,0.108695652173913
36,Yarra Ranges 3BR House/townhouse,0.1,baseline,33,30,9,4,1.09090909090909,0.272727272727273,0.121212121212121
36,Melbourne 2BR Apartment/unit,0.1,property_only,308,136,95,31,11.6923076923077,0.377171215880893,0.123076923076923
36,Melbourne 3BR Apartment/unit,0.1,property_only,92,39,25,10,5,0.5,0.2
36,Yarra Ranges 3BR House/townhouse,0.1,property_only,33,30,9,4,3,0.75,0.333333333333333
36,Melbourne 2BR Apartment/unit,0.1,full,308,136,95,31,14,0.451612903225806,0.147368421052632
36,Melbourne 3BR Apartment/unit,0.1,full,92,39,25,10,3,0.3,0.12
36,Yarra Ranges 3BR House/townhouse,0.1,full,33,30,9,4,2,0.5,0.222222222222222
36,Melbourne 2BR Apartment/unit,0.25,baseline,308,136,95,77,23.75,0.308441558441558,0.25
36,Melbourne 3BR Apartment/unit,0.25,baseline,92,39,25,23,6.25,0.271739130434783,0.25
36,Yarra Ranges 3BR House/townhouse,0.25,baseline,33,30,9,9,2.45454545454545,0.272727272727273,0.272727272727273
36,Melbourne 2BR Apartment/unit,0.25,property_only,308,136,95,77,30.8571428571429,0.400742115027829,0.324812030075188
36,Melbourne 3BR Apartment/unit,0.25,property_only,92,39,25,23,8.66666666666667,0.376811594202899,0.346666666666667
36,Yarra Ranges 3BR House/townhouse,0.25,property_only,33,30,9,9,5.5,0.611111111111111,0.611111111111111
36,Melbourne 2BR Apartment/unit,0.25,full,308,136,95,77,40,0.51948051948052,0.421052631578947
36,Melbourne 3BR Apartment/unit,0.25,full,92,39,25,23,9,0.391304347826087,0.36
36,Yarra Ranges 3BR House/townhouse,0.25,full,33,30,9,9,5,0.555555555555556,0.555555555555556
36,Melbourne 2BR Apartment/unit,0.5,baseline,308,136,95,154,47.5,0.308441558441558,0.5
36,Melbourne 3BR Apartment/unit,0.5,baseline,92,39,25,46,12.5,0.271739130434783,0.5
36,Yarra Ranges 3BR House/townhouse,0.5,baseline,33,30,9,17,4.63636363636364,0.272727272727273,0.515151515151515
36,Melbourne 2BR Apartment/unit,0.5,property_only,308,136,95,154,53,0.344155844155844,0.557894736842105
36,Melbourne 3BR Apartment/unit,0.5,property_only,92,39,25,46,13,0.282608695652174,0.52
36,Yarra Ranges 3BR House/townhouse,0.5,property_only,33,30,9,17,6,0.352941176470588,0.666666666666667
36,Melbourne 2BR Apartment/unit,0.5,full,308,136,95,154,76,0.493506493506494,0.8
36,Melbourne 3BR Apartment/unit,0.5,full,92,39,25,46,16,0.347826086956522,0.64
36,Yarra Ranges 3BR House/townhouse,0.5,full,33,30,9,17,7,0.411764705882353,0.777777777777778
37,Melbourne 2BR Apartment/unit,0.1,baseline,415,143,148,42,14.978313253012,0.356626506024095,0.101204819277108
37,Melbourne 3BR Apartment/unit,0.1,baseline,102,51,25,11,2.69607843137255,0.245098039215686,0.107843137254902
37,Yarra Ranges 3BR House/townhouse,0.1,baseline,23,16,7,3,0.91304347826087,0.304347826086957,0.130434782608696
37,Melbourne 2BR Apartment/unit,0.1,property_only,415,143,148,42,13.25,0.31547619047619,0.089527027027027
37,Melbourne 3BR Apartment/unit,0.1,property_only,102,51,25,11,3,0.272727272727273,0.12
37,Yarra Ranges 3BR House/townhouse,0.1,property_only,23,16,7,3,2,0.666666666666667,0.285714285714286
37,Melbourne 2BR Apartment/unit,0.1,full,415,143,148,42,25,0.595238095238095,0.168918918918919
37,Melbourne 3BR Apartment/unit,0.1,full,102,51,25,11,5,0.454545454545455,0.2
37,Yarra Ranges 3BR House/townhouse,0.1,full,23,16,7,3,2,0.666666666666667,0.285714285714286
37,Melbourne 2BR Apartment/unit,0.25,baseline,415,143,148,104,37.089156626506,0.356626506024096,0.250602409638554
37,Melbourne 3BR Apartment/unit,0.25,baseline,102,51,25,26,6.37254901960784,0.245098039215686,0.254901960784314
37,Yarra Ranges 3BR House/townhouse,0.25,baseline,23,16,7,6,1.82608695652174,0.304347826086957,0.260869565217391
37,Melbourne 2BR Apartment/unit,0.25,property_only,415,143,148,104,33,0.317307692307692,0.222972972972973
37,Melbourne 3BR Apartment/unit,0.25,property_only,102,51,25,26,5.2,0.2,0.208
37,Yarra Ranges 3BR House/townhouse,0.25,property_only,23,16,7,6,4,0.666666666666667,0.571428571428571
37,Melbourne 2BR Apartment/unit,0.25,full,415,143,148,104,59,0.567307692307692,0.398648648648649
37,Melbourne 3BR Apartment/unit,0.25,full,102,51,25,26,7,0.269230769230769,0.28
37,Yarra Ranges 3BR House/townhouse,0.25,full,23,16,7,6,3,0.5,0.428571428571429
37,Melbourne 2BR Apartment/unit,0.5,baseline,415,143,148,208,74.1783132530119,0.356626506024096,0.501204819277107
37,Melbourne 3BR Apartment/unit,0.5,baseline,102,51,25,51,12.5,0.245098039215686,0.5
37,Yarra Ranges 3BR House/townhouse,0.5,baseline,23,16,7,12,3.65217391304348,0.304347826086957,0.521739130434783
37,Melbourne 2BR Apartment/unit,0.5,property_only,415,143,148,208,79.0666666666667,0.380128205128205,0.534234234234234
37,Melbourne 3BR Apartment/unit,0.5,property_only,102,51,25,51,9.8,0.192156862745098,0.392
37,Yarra Ranges 3BR House/townhouse,0.5,property_only,23,16,7,12,6,0.5,0.857142857142857
37,Melbourne 2BR Apartment/unit,0.5,full,415,143,148,208,104,0.5,0.702702702702703
37,Melbourne 3BR Apartment/unit,0.5,full,102,51,25,51,14,0.274509803921569,0.56
37,Yarra Ranges 3BR House/townhouse,0.5,full,23,16,7,12,4,0.333333333333333,0.571428571428571
38,Melbourne 2BR Apartment/unit,0.1,baseline,456,153,129,46,13.0131578947368,0.282894736842105,0.100877192982456
38,Melbourne 3BR Apartment/unit,0.1,baseline,101,43,26,11,2.83168316831683,0.257425742574258,0.108910891089109
38,Yarra Ranges 3BR House/townhouse,0.1,baseline,30,27,8,3,0.8,0.266666666666667,0.1
38,Melbourne 2BR Apartment/unit,0.1,property_only,456,153,129,46,14.6666666666667,0.318840579710145,0.113695090439276
38,Melbourne 3BR Apartment/unit,0.1,property_only,101,43,26,11,2,0.181818181818182,0.0769230769230769
38,Yarra Ranges 3BR House/townhouse,0.1,property_only,30,27,8,3,1,0.333333333333333,0.125
38,Melbourne 2BR Apartment/unit,0.1,full,456,153,129,46,30,0.652173913043478,0.232558139534884
38,Melbourne 3BR Apartment/unit,0.1,full,101,43,26,11,5,0.454545454545455,0.192307692307692
38,Yarra Ranges 3BR House/townhouse,0.1,full,30,27,8,3,2,0.666666666666667,0.25
38,Melbourne 2BR Apartment/unit,0.25,baseline,456,153,129,114,32.25,0.282894736842105,0.25
38,Melbourne 3BR Apartment/unit,0.25,baseline,101,43,26,26,6.6930693069307,0.257425742574258,0.257425742574258
38,Yarra Ranges 3BR House/townhouse,0.25,baseline,30,27,8,8,2.13333333333333,0.266666666666667,0.266666666666667
38,Melbourne 2BR Apartment/unit,0.25,property_only,456,153,129,114,45.4117647058824,0.398348813209494,0.35202918376653
38,Melbourne 3BR Apartment/unit,0.25,property_only,101,43,26,26,5.2,0.2,0.2
38,Yarra Ranges 3BR House/townhouse,0.25,property_only,30,27,8,8,3.66666666666667,0.458333333333333,0.458333333333333
38,Melbourne 2BR Apartment/unit,0.25,full,456,153,129,114,61,0.535087719298246,0.472868217054264
38,Melbourne 3BR Apartment/unit,0.25,full,101,43,26,26,9,0.346153846153846,0.346153846153846
38,Yarra Ranges 3BR House/townhouse,0.25,full,30,27,8,8,4,0.5,0.5
38,Melbourne 2BR Apartment/unit,0.5,baseline,456,153,129,228,64.5,0.282894736842105,0.5
38,Melbourne 3BR Apartment/unit,0.5,baseline,101,43,26,51,13.1287128712871,0.257425742574257,0.504950495049505
38,Yarra Ranges 3BR House/townhouse,0.5,baseline,30,27,8,15,4,0.266666666666667,0.5
38,Melbourne 2BR Apartment/unit,0.5,property_only,456,153,129,228,84.258064516129,0.369552914544425,0.653163290822706
38,Melbourne 3BR Apartment/unit,0.5,property_only,101,43,26,51,14,0.274509803921569,0.538461538461538
38,Yarra Ranges 3BR House/townhouse,0.5,property_only,30,27,8,15,5.5,0.366666666666667,0.6875
38,Melbourne 2BR Apartment/unit,0.5,full,456,153,129,228,98,0.429824561403509,0.75968992248062
38,Melbourne 3BR Apartment/unit,0.5,full,101,43,26,51,15,0.294117647058824,0.576923076923077
38,Yarra Ranges 3BR House/townhouse,0.5,full,30,27,8,15,6,0.4,0.75
39,Melbourne 2BR Apartment/unit,0.1,baseline,396,147,134,40,13.5353535353535,0.338383838383838,0.101010101010101
39,Melbourne 3BR Apartment/unit,0.1,baseline,68,37,26,7,2.6764705882353,0.382352941176471,0.102941176470588
39,Yarra Ranges 3BR House/townhouse,0.1,baseline,27,23,8,3,0.888888888888889,0.296296296296296,0.111111111111111
39,Melbourne 2BR Apartment/unit,0.1,property_only,396,147,134,40,14.4285714285714,0.360714285714286,0.107675906183369
39,Melbourne 3BR Apartment/unit,0.1,property_only,68,37,26,7,4,0.571428571428571,0.153846153846154
39,Yarra Ranges 3BR House/townhouse,0.1,property_only,27,23,8,3,2,0.666666666666667,0.25
39,Melbourne 2BR Apartment/unit,0.1,full,396,147,134,40,29,0.725,0.216417910447761
39,Melbourne 3BR Apartment/unit,0.1,full,68,37,26,7,6,0.857142857142857,0.230769230769231
39,Yarra Ranges 3BR House/townhouse,0.1,full,27,23,8,3,3,1,0.375
39,Melbourne 2BR Apartment/unit,0.25,baseline,396,147,134,99,33.5,0.338383838383838,0.25
39,Melbourne 3BR Apartment/unit,0.25,baseline,68,37,26,17,6.5,0.382352941176471,0.25
39,Yarra Ranges 3BR House/townhouse,0.25,baseline,27,23,8,7,2.07407407407407,0.296296296296296,0.259259259259259
39,Melbourne 2BR Apartment/unit,0.25,property_only,396,147,134,99,43.3333333333333,0.437710437710438,0.323383084577114
39,Melbourne 3BR Apartment/unit,0.25,property_only,68,37,26,17,7,0.411764705882353,0.269230769230769
39,Yarra Ranges 3BR House/townhouse,0.25,property_only,27,23,8,7,3,0.428571428571429,0.375
39,Melbourne 2BR Apartment/unit,0.25,full,396,147,134,99,59,0.595959595959596,0.440298507462687
39,Melbourne 3BR Apartment/unit,0.25,full,68,37,26,17,10,0.588235294117647,0.384615384615385
39,Yarra Ranges 3BR House/townhouse,0.25,full,27,23,8,7,4,0.571428571428571,0.5
39,Melbourne 2BR Apartment/unit,0.5,baseline,396,147,134,198,67,0.338383838383838,0.5
39,Melbourne 3BR Apartment/unit,0.5,baseline,68,37,26,34,13,0.382352941176471,0.5
39,Yarra Ranges 3BR House/townhouse,0.5,baseline,27,23,8,14,4.14814814814815,0.296296296296296,0.518518518518519
39,Melbourne 2BR Apartment/unit,0.5,property_only,396,147,134,198,98.75,0.498737373737374,0.736940298507463
39,Melbourne 3BR Apartment/unit,0.5,property_only,68,37,26,34,11.75,0.345588235294118,0.451923076923077
39,Yarra Ranges 3BR House/townhouse,0.5,property_only,27,23,8,14,5,0.357142857142857,0.625
39,Melbourne 2BR Apartment/unit,0.5,full,396,147,134,198,93,0.46969696969697,0.694029850746269
39,Melbourne 3BR Apartment/unit,0.5,full,68,37,26,34,16,0.470588235294118,0.615384615384615
39,Yarra Ranges 3BR House/townhouse,0.5,full,27,23,8,14,6,0.428571428571429,0.75
40,Melbourne 2BR Apartment/unit,0.1,baseline,355,140,114,36,11.5605633802817,0.32112676056338,0.101408450704225
40,Melbourne 3BR Apartment/unit,0.1,baseline,92,40,45,10,4.89130434782609,0.489130434782609,0.108695652173913
40,Yarra Ranges 3BR House/townhouse,0.1,baseline,22,20,7,3,0.954545454545454,0.318181818181818,0.136363636363636
40,Melbourne 2BR Apartment/unit,0.1,property_only,355,140,114,36,15.8461538461538,0.44017094017094,0.139001349527665
40,Melbourne 3BR Apartment/unit,0.1,property_only,92,40,45,10,5,0.5,0.111111111111111
40,Yarra Ranges 3BR House/townhouse,0.1,property_only,22,20,7,3,1.66666666666667,0.555555555555555,0.238095238095238
40,Melbourne 2BR Apartment/unit,0.1,full,355,140,114,36,22,0.611111111111111,0.192982456140351
40,Melbourne 3BR Apartment/unit,0.1,full,92,40,45,10,9,0.9,0.2
40,Yarra Ranges 3BR House/townhouse,0.1,full,22,20,7,3,3,1,0.428571428571429
40,Melbourne 2BR Apartment/unit,0.25,baseline,355,140,114,89,28.5802816901409,0.32112676056338,0.250704225352113
40,Melbourne 3BR Apartment/unit,0.25,baseline,92,40,45,23,11.25,0.489130434782609,0.25
40,Yarra Ranges 3BR House/townhouse,0.25,baseline,22,20,7,6,1.90909090909091,0.318181818181818,0.272727272727273
40,Melbourne 2BR Apartment/unit,0.25,property_only,355,140,114,89,40.5714285714286,0.455858747993579,0.355889724310777
40,Melbourne 3BR Apartment/unit,0.25,property_only,92,40,45,23,8,0.347826086956522,0.177777777777778
40,Yarra Ranges 3BR House/townhouse,0.25,property_only,22,20,7,6,3,0.5,0.428571428571429
40,Melbourne 2BR Apartment/unit,0.25,full,355,140,114,89,53,0.595505617977528,0.464912280701754
40,Melbourne 3BR Apartment/unit,0.25,full,92,40,45,23,22,0.956521739130435,0.488888888888889
40,Yarra Ranges 3BR House/townhouse,0.25,full,22,20,7,6,5,0.833333333333333,0.714285714285714
40,Melbourne 2BR Apartment/unit,0.5,baseline,355,140,114,178,57.1605633802817,0.32112676056338,0.501408450704226
40,Melbourne 3BR Apartment/unit,0.5,baseline,92,40,45,46,22.5,0.489130434782609,0.5
40,Yarra Ranges 3BR House/townhouse,0.5,baseline,22,20,7,11,3.5,0.318181818181818,0.5
40,Melbourne 2BR Apartment/unit,0.5,property_only,355,140,114,178,73.2307692307692,0.411408815903198,0.642375168690958
40,Melbourne 3BR Apartment/unit,0.5,property_only,92,40,45,46,23,0.5,0.511111111111111
40,Yarra Ranges 3BR House/townhouse,0.5,property_only,22,20,7,11,4,0.363636363636364,0.571428571428571
40,Melbourne 2BR Apartment/unit,0.5,full,355,140,114,178,85,0.477528089887641,0.745614035087719
40,Melbourne 3BR Apartment/unit,0.5,full,92,40,45,46,36,0.782608695652174,0.8
40,Yarra Ranges 3BR House/townhouse,0.5,full,22,20,7,11,6,0.545454545454545,0.857142857142857
41,Melbourne 2BR Apartment/unit,0.1,baseline,260,135,68,26,6.79999999999999,0.261538461538461,0.0999999999999999
41,Melbourne 3BR Apartment/unit,0.1,baseline,74,40,20,8,2.16216216216216,0.27027027027027,0.108108108108108
41,Yarra Ranges 3BR House/townhouse,0.1,baseline,22,21,8,3,1.09090909090909,0.363636363636364,0.136363636363636
41,Melbourne 2BR Apartment/unit,0.1,property_only,260,135,68,26,8.42857142857143,0.324175824175824,0.123949579831933
41,Melbourne 3BR Apartment/unit,0.1,property_only,74,40,20,8,3,0.375,0.15
41,Yarra Ranges 3BR House/townhouse,0.1,property_only,22,21,8,3,2,0.666666666666667,0.25
41,Melbourne 2BR Apartment/unit,0.1,full,260,135,68,26,7,0.269230769230769,0.102941176470588
41,Melbourne 3BR Apartment/unit,0.1,full,74,40,20,8,3,0.375,0.15
41,Yarra Ranges 3BR House/townhouse,0.1,full,22,21,8,3,2,0.666666666666667,0.25
41,Melbourne 2BR Apartment/unit,0.25,baseline,260,135,68,65,17,0.261538461538462,0.25
41,Melbourne 3BR Apartment/unit,0.25,baseline,74,40,20,19,5.13513513513514,0.27027027027027,0.256756756756757
41,Yarra Ranges 3BR House/townhouse,0.25,baseline,22,21,8,6,2.18181818181818,0.363636363636364,0.272727272727273
41,Melbourne 2BR Apartment/unit,0.25,property_only,260,135,68,65,27.5555555555556,0.423931623931624,0.405228758169935
41,Melbourne 3BR Apartment/unit,0.25,property_only,74,40,20,19,4,0.210526315789474,0.2
41,Yarra Ranges 3BR House/townhouse,0.25,property_only,22,21,8,6,3,0.5,0.375
41,Melbourne 2BR Apartment/unit,0.25,full,260,135,68,65,18,0.276923076923077,0.264705882352941
41,Melbourne 3BR Apartment/unit,0.25,full,74,40,20,19,9,0.473684210526316,0.45
41,Yarra Ranges 3BR House/townhouse,0.25,full,22,21,8,6,3,0.5,0.375
41,Melbourne 2BR Apartment/unit,0.5,baseline,260,135,68,130,34,0.261538461538462,0.5
41,Melbourne 3BR Apartment/unit,0.5,baseline,74,40,20,37,10,0.27027027027027,0.5
41,Yarra Ranges 3BR House/townhouse,0.5,baseline,22,21,8,11,4,0.363636363636364,0.5
41,Melbourne 2BR Apartment/unit,0.5,property_only,260,135,68,130,53.0909090909091,0.408391608391608,0.780748663101604
41,Melbourne 3BR Apartment/unit,0.5,property_only,74,40,20,37,9,0.243243243243243,0.45
41,Yarra Ranges 3BR House/townhouse,0.5,property_only,22,21,8,11,3,0.272727272727273,0.375
41,Melbourne 2BR Apartment/unit,0.5,full,260,135,68,130,52,0.4,0.764705882352941
41,Melbourne 3BR Apartment/unit,0.5,full,74,40,20,37,14,0.378378378378378,0.7
41,Yarra Ranges 3BR House/townhouse,0.5,full,22,21,8,11,5,0.454545454545455,0.625
42,Melbourne 2BR Apartment/unit,0.1,baseline,370,132,78,37,7.79999999999999,0.21081081081081,0.0999999999999999
42,Melbourne 3BR Apartment/unit,0.1,baseline,71,41,22,8,2.47887323943662,0.309859154929577,0.112676056338028
42,Yarra Ranges 3BR House/townhouse,0.1,baseline,21,20,5,3,0.714285714285714,0.238095238095238,0.142857142857143
42,Melbourne 2BR Apartment/unit,0.1,property_only,370,132,78,37,10.6666666666667,0.288288288288288,0.136752136752137
42,Melbourne 3BR Apartment/unit,0.1,property_only,71,41,22,8,3,0.375,0.136363636363636
42,Yarra Ranges 3BR House/townhouse,0.1,property_only,21,20,5,3,2,0.666666666666667,0.4
42,Melbourne 2BR Apartment/unit,0.1,full,370,132,78,37,10,0.27027027027027,0.128205128205128
42,Melbourne 3BR Apartment/unit,0.1,full,71,41,22,8,4,0.5,0.181818181818182
42,Yarra Ranges 3BR House/townhouse,0.1,full,21,20,5,3,2,0.666666666666667,0.4
42,Melbourne 2BR Apartment/unit,0.25,baseline,370,132,78,93,19.6054054054054,0.210810810810811,0.251351351351352
42,Melbourne 3BR Apartment/unit,0.25,baseline,71,41,22,18,5.57746478873239,0.309859154929577,0.253521126760563
42,Yarra Ranges 3BR House/townhouse,0.25,baseline,21,20,5,6,1.42857142857143,0.238095238095238,0.285714285714286
42,Melbourne 2BR Apartment/unit,0.25,property_only,370,132,78,93,29.6666666666667,0.318996415770609,0.38034188034188
42,Melbourne 3BR Apartment/unit,0.25,property_only,71,41,22,18,5.66666666666667,0.314814814814815,0.257575757575758
42,Yarra Ranges 3BR House/townhouse,0.25,property_only,21,20,5,6,3,0.5,0.6
42,Melbourne 2BR Apartment/unit,0.25,full,370,132,78,93,21,0.225806451612903,0.269230769230769
42,Melbourne 3BR Apartment/unit,0.25,full,71,41,22,18,8,0.444444444444444,0.363636363636364
42,Yarra Ranges 3BR House/townhouse,0.25,full,21,20,5,6,4,0.666666666666667,0.8
42,Melbourne 2BR Apartment/unit,0.5,baseline,370,132,78,185,39,0.210810810810811,0.5
42,Melbourne 3BR Apartment/unit,0.5,baseline,71,41,22,36,11.1549295774648,0.309859154929577,0.507042253521127
42,Yarra Ranges 3BR House/townhouse,0.5,baseline,21,20,5,11,2.61904761904762,0.238095238095238,0.523809523809524
42,Melbourne 2BR Apartment/unit,0.5,property_only,370,132,78,185,50.5238095238095,0.273101673101673,0.647741147741148
42,Melbourne 3BR Apartment/unit,0.5,property_only,71,41,22,36,11,0.305555555555556,0.5
42,Yarra Ranges 3BR House/townhouse,0.5,property_only,21,20,5,11,5,0.454545454545455,1
42,Melbourne 2BR Apartment/unit,0.5,full,370,132,78,185,53,0.286486486486487,0.67948717948718
42,Melbourne 3BR Apartment/unit,0.5,full,71,41,22,36,12,0.333333333333333,0.545454545454545
42,Yarra Ranges 3BR House/townhouse,0.5,full,21,20,5,11,5,0.454545454545455,1
43,Melbourne 2BR Apartment/unit,0.1,baseline,418,148,128,42,12.8612440191387,0.306220095693779,0.100478468899521
43,Melbourne 3BR Apartment/unit,0.1,baseline,94,40,38,10,4.04255319148936,0.404255319148936,0.106382978723404
43,Yarra Ranges 3BR House/townhouse,0.1,baseline,23,22,10,3,1.30434782608696,0.434782608695652,0.130434782608696
43,Melbourne 2BR Apartment/unit,0.1,property_only,418,148,128,42,17,0.404761904761905,0.1328125
43,Melbourne 3BR Apartment/unit,0.1,property_only,94,40,38,10,5,0.5,0.131578947368421
43,Yarra Ranges 3BR House/townhouse,0.1,property_only,23,22,10,3,1.5,0.5,0.15
43,Melbourne 2BR Apartment/unit,0.1,full,418,148,128,42,17,0.404761904761905,0.1328125
43,Melbourne 3BR Apartment/unit,0.1,full,94,40,38,10,5,0.5,0.131578947368421
43,Yarra Ranges 3BR House/townhouse,0.1,full,23,22,10,3,2,0.666666666666667,0.2
43,Melbourne 2BR Apartment/unit,0.25,baseline,418,148,128,105,32.1531100478469,0.30622009569378,0.251196172248804
43,Melbourne 3BR Apartment/unit,0.25,baseline,94,40,38,24,9.70212765957447,0.404255319148936,0.25531914893617
43,Yarra Ranges 3BR House/townhouse,0.25,baseline,23,22,10,6,2.60869565217391,0.434782608695652,0.260869565217391
43,Melbourne 2BR Apartment/unit,0.25,property_only,418,148,128,105,44.2,0.420952380952381,0.3453125
43,Melbourne 3BR Apartment/unit,0.25,property_only,94,40,38,24,6.33333333333333,0.263888888888889,0.166666666666667
43,Yarra Ranges 3BR House/townhouse,0.25,property_only,23,22,10,6,2.66666666666667,0.444444444444444,0.266666666666667
43,Melbourne 2BR Apartment/unit,0.25,full,418,148,128,105,38,0.361904761904762,0.296875
43,Melbourne 3BR Apartment/unit,0.25,full,94,40,38,24,15,0.625,0.394736842105263
43,Yarra Ranges 3BR House/townhouse,0.25,full,23,22,10,6,4,0.666666666666667,0.4
43,Melbourne 2BR Apartment/unit,0.5,baseline,418,148,128,209,64,0.30622009569378,0.5
43,Melbourne 3BR Apartment/unit,0.5,baseline,94,40,38,47,19,0.404255319148936,0.5
43,Yarra Ranges 3BR House/townhouse,0.5,baseline,23,22,10,12,5.21739130434783,0.434782608695652,0.521739130434782
43,Melbourne 2BR Apartment/unit,0.5,property_only,418,148,128,209,67.3636363636364,0.322314049586777,0.526278409090909
43,Melbourne 3BR Apartment/unit,0.5,property_only,94,40,38,47,12.5,0.265957446808511,0.328947368421053
43,Yarra Ranges 3BR House/townhouse,0.5,property_only,23,22,10,12,5.5,0.458333333333333,0.55
43,Melbourne 2BR Apartment/unit,0.5,full,418,148,128,209,69,0.330143540669856,0.5390625
43,Melbourne 3BR Apartment/unit,0.5,full,94,40,38,47,23,0.48936170212766,0.605263157894737
43,Yarra Ranges 3BR House/townhouse,0.5,full,23,22,10,12,6,0.5,0.6
44,Melbourne 2BR Apartment/unit,0.1,baseline,381,142,104,39,10.6456692913386,0.272965879265092,0.102362204724409
44,Melbourne 3BR Apartment/unit,0.1,baseline,70,37,15,7,1.5,0.214285714285714,0.1
44,Yarra Ranges 3BR House/townhouse,0.1,baseline,31,28,11,4,1.41935483870968,0.354838709677419,0.129032258064516
44,Melbourne 2BR Apartment/unit,0.1,property_only,381,142,104,39,19.6666666666667,0.504273504273504,0.189102564102564
44,Melbourne 3BR Apartment/unit,0.1,property_only,70,37,15,7,3,0.428571428571429,0.2
44,Yarra Ranges 3BR House/townhouse,0.1,property_only,31,28,11,4,3,0.75,0.272727272727273
44,Melbourne 2BR Apartment/unit,0.1,full,381,142,104,39,18,0.461538461538462,0.173076923076923
44,Melbourne 3BR Apartment/unit,0.1,full,70,37,15,7,5,0.714285714285714,0.333333333333333
44,Yarra Ranges 3BR House/townhouse,0.1,full,31,28,11,4,2,0.5,0.181818181818182
44,Melbourne 2BR Apartment/unit,0.25,baseline,381,142,104,96,26.2047244094488,0.272965879265092,0.251968503937007
44,Melbourne 3BR Apartment/unit,0.25,baseline,70,37,15,18,3.85714285714286,0.214285714285714,0.257142857142857
44,Yarra Ranges 3BR House/townhouse,0.25,baseline,31,28,11,8,2.83870967741935,0.354838709677419,0.258064516129032
44,Melbourne 2BR Apartment/unit,0.25,property_only,381,142,104,96,42.4,0.441666666666667,0.407692307692308
44,Melbourne 3BR Apartment/unit,0.25,property_only,70,37,15,18,7,0.388888888888889,0.466666666666667
44,Yarra Ranges 3BR House/townhouse,0.25,property_only,31,28,11,8,4,0.5,0.363636363636364
44,Melbourne 2BR Apartment/unit,0.25,full,381,142,104,96,36,0.375,0.346153846153846
44,Melbourne 3BR Apartment/unit,0.25,full,70,37,15,18,6,0.333333333333333,0.4
44,Yarra Ranges 3BR House/townhouse,0.25,full,31,28,11,8,5,0.625,0.454545454545455
44,Melbourne 2BR Apartment/unit,0.5,baseline,381,142,104,191,52.1364829396325,0.272965879265092,0.501312335958005
44,Melbourne 3BR Apartment/unit,0.5,baseline,70,37,15,35,7.5,0.214285714285714,0.5
44,Yarra Ranges 3BR House/townhouse,0.5,baseline,31,28,11,16,5.67741935483871,0.354838709677419,0.516129032258064
44,Melbourne 2BR Apartment/unit,0.5,property_only,381,142,104,191,69.0625,0.361583769633508,0.6640625
44,Melbourne 3BR Apartment/unit,0.5,property_only,70,37,15,35,9.5,0.271428571428571,0.633333333333333
44,Yarra Ranges 3BR House/townhouse,0.5,property_only,31,28,11,16,5,0.3125,0.454545454545455
44,Melbourne 2BR Apartment/unit,0.5,full,381,142,104,191,74,0.387434554973822,0.711538461538462
44,Melbourne 3BR Apartment/unit,0.5,full,70,37,15,35,9,0.257142857142857,0.6
44,Yarra Ranges 3BR House/townhouse,0.5,full,31,28,11,16,7,0.4375,0.636363636363636
45,Melbourne 2BR Apartment/unit,0.1,baseline,399,140,125,40,12.531328320802,0.313283208020049,0.100250626566416
45,Melbourne 3BR Apartment/unit,0.1,baseline,100,45,28,10,2.8,0.28,0.1
45,Yarra Ranges 3BR House/townhouse,0.1,baseline,34,25,11,4,1.29411764705882,0.323529411764706,0.117647058823529
45,Melbourne 2BR Apartment/unit,0.1,property_only,399,140,125,40,11,0.275,0.088
45,Melbourne 3BR Apartment/unit,0.1,property_only,100,45,28,10,3,0.3,0.107142857142857
45,Yarra Ranges 3BR House/townhouse,0.1,property_only,34,25,11,4,2,0.5,0.181818181818182
45,Melbourne 2BR Apartment/unit,0.1,full,399,140,125,40,14,0.35,0.112
45,Melbourne 3BR Apartment/unit,0.1,full,100,45,28,10,4,0.4,0.142857142857143
45,Yarra Ranges 3BR House/townhouse,0.1,full,34,25,11,4,3,0.75,0.272727272727273
45,Melbourne 2BR Apartment/unit,0.25,baseline,399,140,125,100,31.3283208020051,0.313283208020051,0.250626566416041
45,Melbourne 3BR Apartment/unit,0.25,baseline,100,45,28,25,7,0.28,0.25
45,Yarra Ranges 3BR House/townhouse,0.25,baseline,34,25,11,9,2.91176470588235,0.323529411764706,0.264705882352941
45,Melbourne 2BR Apartment/unit,0.25,property_only,399,140,125,100,26,0.26,0.208
45,Melbourne 3BR Apartment/unit,0.25,property_only,100,45,28,25,5,0.2,0.178571428571429
45,Yarra Ranges 3BR House/townhouse,0.25,property_only,34,25,11,9,4.33333333333333,0.481481481481482,0.393939393939394
45,Melbourne 2BR Apartment/unit,0.25,full,399,140,125,100,46,0.46,0.368
45,Melbourne 3BR Apartment/unit,0.25,full,100,45,28,25,8,0.32,0.285714285714286
45,Yarra Ranges 3BR House/townhouse,0.25,full,34,25,11,9,6,0.666666666666667,0.545454545454545
45,Melbourne 2BR Apartment/unit,0.5,baseline,399,140,125,200,62.6566416040102,0.313283208020051,0.501253132832082
45,Melbourne 3BR Apartment/unit,0.5,baseline,100,45,28,50,14,0.28,0.5
45,Yarra Ranges 3BR House/townhouse,0.5,baseline,34,25,11,17,5.5,0.323529411764706,0.5
45,Melbourne 2BR Apartment/unit,0.5,property_only,399,140,125,200,47.4285714285714,0.237142857142857,0.379428571428571
45,Melbourne 3BR Apartment/unit,0.5,property_only,100,45,28,50,11,0.22,0.392857142857143
45,Yarra Ranges 3BR House/townhouse,0.5,property_only,34,25,11,17,7,0.411764705882353,0.636363636363636
45,Melbourne 2BR Apartment/unit,0.5,full,399,140,125,200,77,0.385,0.616
45,Melbourne 3BR Apartment/unit,0.5,full,100,45,28,50,18,0.36,0.642857142857143
45,Yarra Ranges 3BR House/townhouse,0.5,full,34,25,11,17,8,0.470588235294118,0.727272727272727
46,Melbourne 2BR Apartment/unit,0.1,baseline,325,136,114,33,11.5753846153846,0.350769230769231,0.101538461538462
46,Melbourne 3BR Apartment/unit,0.1,baseline,89,37,33,9,3.33707865168539,0.370786516853933,0.101123595505618
46,Yarra Ranges 3BR House/townhouse,0.1,baseline,28,21,6,3,0.642857142857143,0.214285714285714,0.107142857142857
46,Melbourne 2BR Apartment/unit,0.1,property_only,325,136,114,33,8,0.242424242424242,0.0701754385964912
46,Melbourne 3BR Apartment/unit,0.1,property_only,89,37,33,9,2.66666666666667,0.296296296296296,0.0808080808080808
46,Yarra Ranges 3BR House/townhouse,0.1,property_only,28,21,6,3,1,0.333333333333333,0.166666666666667
46,Melbourne 2BR Apartment/unit,0.1,full,325,136,114,33,9,0.272727272727273,0.0789473684210526
46,Melbourne 3BR Apartment/unit,0.1,full,89,37,33,9,3,0.333333333333333,0.0909090909090909
46,Yarra Ranges 3BR House/townhouse,0.1,full,28,21,6,3,1,0.333333333333333,0.166666666666667
46,Melbourne 2BR Apartment/unit,0.25,baseline,325,136,114,82,28.7630769230769,0.350769230769231,0.252307692307692
46,Melbourne 3BR Apartment/unit,0.25,baseline,89,37,33,23,8.52808988764046,0.370786516853933,0.258426966292135
46,Yarra Ranges 3BR House/townhouse,0.25,baseline,28,21,6,7,1.5,0.214285714285714,0.25
46,Melbourne 2BR Apartment/unit,0.25,property_only,325,136,114,82,23.8888888888889,0.291327913279133,0.209551656920078
46,Melbourne 3BR Apartment/unit,0.25,property_only,89,37,33,23,7.66666666666667,0.333333333333333,0.232323232323232
46,Yarra Ranges 3BR House/townhouse,0.25,property_only,28,21,6,7,3,0.428571428571429,0.5
46,Melbourne 2BR Apartment/unit,0.25,full,325,136,114,82,24,0.292682926829268,0.210526315789474
46,Melbourne 3BR Apartment/unit,0.25,full,89,37,33,23,11,0.478260869565217,0.333333333333333
46,Yarra Ranges 3BR House/townhouse,0.25,full,28,21,6,7,3,0.428571428571429,0.5
46,Melbourne 2BR Apartment/unit,0.5,baseline,325,136,114,163,57.1753846153845,0.35076923076923,0.501538461538461
46,Melbourne 3BR Apartment/unit,0.5,baseline,89,37,33,45,16.685393258427,0.370786516853932,0.50561797752809
46,Yarra Ranges 3BR House/townhouse,0.5,baseline,28,21,6,14,3,0.214285714285714,0.5
46,Melbourne 2BR Apartment/unit,0.5,property_only,325,136,114,163,60.4,0.370552147239264,0.529824561403509
46,Melbourne 3BR Apartment/unit,0.5,property_only,89,37,33,45,16.6666666666667,0.37037037037037,0.505050505050505
46,Yarra Ranges 3BR House/townhouse,0.5,property_only,28,21,6,14,4,0.285714285714286,0.666666666666667
46,Melbourne 2BR Apartment/unit,0.5,full,325,136,114,163,55,0.337423312883436,0.482456140350877
46,Melbourne 3BR Apartment/unit,0.5,full,89,37,33,45,17,0.377777777777778,0.515151515151515
46,Yarra Ranges 3BR House/townhouse,0.5,full,28,21,6,14,4,0.285714285714286,0.666666666666667
47,Melbourne 2BR Apartment/unit,0.1,baseline,452,143,121,46,12.3141592920354,0.267699115044248,0.101769911504425
47,Melbourne 3BR Apartment/unit,0.1,baseline,134,49,47,14,4.91044776119403,0.350746268656717,0.104477611940299
47,Yarra Ranges 3BR House/townhouse,0.1,baseline,25,22,10,3,1.2,0.4,0.12
47,Melbourne 2BR Apartment/unit,0.1,property_only,452,143,121,46,12.5,0.271739130434783,0.103305785123967
47,Melbourne 3BR Apartment/unit,0.1,property_only,134,49,47,14,3.66666666666667,0.261904761904762,0.0780141843971631
47,Yarra Ranges 3BR House/townhouse,0.1,property_only,25,22,10,3,0,0,0
47,Melbourne 2BR Apartment/unit,0.1,full,452,143,121,46,27,0.586956521739131,0.223140495867769
47,Melbourne 3BR Apartment/unit,0.1,full,134,49,47,14,12,0.857142857142857,0.25531914893617
47,Yarra Ranges 3BR House/townhouse,0.1,full,25,22,10,3,2,0.666666666666667,0.2
47,Melbourne 2BR Apartment/unit,0.25,baseline,452,143,121,113,30.25,0.267699115044248,0.25
47,Melbourne 3BR Apartment/unit,0.25,baseline,134,49,47,34,11.9253731343283,0.350746268656716,0.253731343283582
47,Yarra Ranges 3BR House/townhouse,0.25,baseline,25,22,10,7,2.8,0.4,0.28
47,Melbourne 2BR Apartment/unit,0.25,property_only,452,143,121,113,35.7142857142857,0.316055625790139,0.295159386068477
47,Melbourne 3BR Apartment/unit,0.25,property_only,134,49,47,34,10,0.294117647058824,0.212765957446809
47,Yarra Ranges 3BR House/townhouse,0.25,property_only,25,22,10,7,2,0.285714285714286,0.2
47,Melbourne 2BR Apartment/unit,0.25,full,452,143,121,113,69,0.610619469026549,0.570247933884298
47,Melbourne 3BR Apartment/unit,0.25,full,134,49,47,34,26,0.764705882352941,0.553191489361702
47,Yarra Ranges 3BR House/townhouse,0.25,full,25,22,10,7,3,0.428571428571429,0.3
47,Melbourne 2BR Apartment/unit,0.5,baseline,452,143,121,226,60.5,0.267699115044248,0.5
47,Melbourne 3BR Apartment/unit,0.5,baseline,134,49,47,67,23.5,0.350746268656716,0.5
47,Yarra Ranges 3BR House/townhouse,0.5,baseline,25,22,10,13,5.2,0.4,0.52
47,Melbourne 2BR Apartment/unit,0.5,property_only,452,143,121,226,81.2,0.35929203539823,0.671074380165289
47,Melbourne 3BR Apartment/unit,0.5,property_only,134,49,47,67,29.5454545454546,0.440976933514247,0.62862669245648
47,Yarra Ranges 3BR House/townhouse,0.5,property_only,25,22,10,13,5.33333333333333,0.41025641025641,0.533333333333333
47,Melbourne 2BR Apartment/unit,0.5,full,452,143,121,226,91,0.402654867256637,0.752066115702479
47,Melbourne 3BR Apartment/unit,0.5,full,134,49,47,67,36,0.537313432835821,0.765957446808511
47,Yarra Ranges 3BR House/townhouse,0.5,full,25,22,10,13,7,0.538461538461538,0.7
48,Melbourne 2BR Apartment/unit,0.1,baseline,322,140,115,33,11.7857142857143,0.357142857142857,0.102484472049689
48,Melbourne 3BR Apartment/unit,0.1,baseline,89,43,34,9,3.43820224719101,0.382022471910112,0.101123595505618
48,Yarra Ranges 3BR House/townhouse,0.1,baseline,23,21,10,3,1.30434782608696,0.434782608695652,0.130434782608696
48,Melbourne 2BR Apartment/unit,0.1,property_only,322,140,115,33,11,0.333333333333333,0.0956521739130435
48,Melbourne 3BR Apartment/unit,0.1,property_only,89,43,34,9,3,0.333333333333333,0.0882352941176471
48,Yarra Ranges 3BR House/townhouse,0.1,property_only,23,21,10,3,2,0.666666666666667,0.2
48,Melbourne 2BR Apartment/unit,0.1,full,322,140,115,33,22,0.666666666666667,0.191304347826087
48,Melbourne 3BR Apartment/unit,0.1,full,89,43,34,9,9,1,0.264705882352941
48,Yarra Ranges 3BR House/townhouse,0.1,full,23,21,10,3,1,0.333333333333333,0.1
48,Melbourne 2BR Apartment/unit,0.25,baseline,322,140,115,81,28.9285714285715,0.357142857142858,0.251552795031056
48,Melbourne 3BR Apartment/unit,0.25,baseline,89,43,34,23,8.78651685393259,0.382022471910113,0.258426966292135
48,Yarra Ranges 3BR House/townhouse,0.25,baseline,23,21,10,6,2.60869565217391,0.434782608695652,0.260869565217391
48,Melbourne 2BR Apartment/unit,0.25,property_only,322,140,115,81,29.5882352941177,0.365286855482934,0.257289002557545
48,Melbourne 3BR Apartment/unit,0.25,property_only,89,43,34,23,8.14285714285714,0.354037267080745,0.239495798319328
48,Yarra Ranges 3BR House/townhouse,0.25,property_only,23,21,10,6,3,0.5,0.3
48,Melbourne 2BR Apartment/unit,0.25,full,322,140,115,81,45,0.555555555555556,0.391304347826087
48,Melbourne 3BR Apartment/unit,0.25,full,89,43,34,23,18,0.782608695652174,0.529411764705882
48,Yarra Ranges 3BR House/townhouse,0.25,full,23,21,10,6,3,0.5,0.3
48,Melbourne 2BR Apartment/unit,0.5,baseline,322,140,115,161,57.5,0.357142857142857,0.5
48,Melbourne 3BR Apartment/unit,0.5,baseline,89,43,34,45,17.1910112359551,0.382022471910112,0.50561797752809
48,Yarra Ranges 3BR House/townhouse,0.5,baseline,23,21,10,12,5.21739130434783,0.434782608695652,0.521739130434782
48,Melbourne 2BR Apartment/unit,0.5,property_only,322,140,115,161,59.6666666666667,0.370600414078675,0.518840579710145
48,Melbourne 3BR Apartment/unit,0.5,property_only,89,43,34,45,19.4,0.431111111111111,0.570588235294118
48,Yarra Ranges 3BR House/townhouse,0.5,property_only,23,21,10,12,5,0.416666666666667,0.5
48,Melbourne 2BR Apartment/unit,0.5,full,322,140,115,161,81,0.503105590062112,0.704347826086957
48,Melbourne 3BR Apartment/unit,0.5,full,89,43,34,45,24,0.533333333333333,0.705882352941177
48,Yarra Ranges 3BR House/townhouse,0.5,full,23,21,10,12,6,0.5,0.6
49,Melbourne 2BR Apartment/unit,0.1,baseline,387,169,158,39,15.9224806201551,0.40826873385013,0.10077519379845
49,Melbourne 3BR Apartment/unit,0.1,baseline,84,39,46,9,4.92857142857143,0.547619047619047,0.107142857142857
49,Yarra Ranges 3BR House/townhouse,0.1,baseline,29,28,12,3,1.24137931034483,0.413793103448276,0.103448275862069
49,Melbourne 2BR Apartment/unit,0.1,property_only,387,169,158,39,15.5,0.397435897435897,0.0981012658227848
49,Melbourne 3BR Apartment/unit,0.1,property_only,84,39,46,9,2.25,0.25,0.0489130434782609
49,Yarra Ranges 3BR House/townhouse,0.1,property_only,29,28,12,3,3,1,0.25
49,Melbourne 2BR Apartment/unit,0.1,full,387,169,158,39,30,0.769230769230769,0.189873417721519
49,Melbourne 3BR Apartment/unit,0.1,full,84,39,46,9,9,1,0.195652173913043
49,Yarra Ranges 3BR House/townhouse,0.1,full,29,28,12,3,2,0.666666666666667,0.166666666666667
49,Melbourne 2BR Apartment/unit,0.25,baseline,387,169,158,97,39.6020671834625,0.408268733850129,0.250645994832041
49,Melbourne 3BR Apartment/unit,0.25,baseline,84,39,46,21,11.5,0.547619047619048,0.25
49,Yarra Ranges 3BR House/townhouse,0.25,baseline,29,28,12,8,3.31034482758621,0.413793103448276,0.275862068965517
49,Melbourne 2BR Apartment/unit,0.25,property_only,387,169,158,97,43.2857142857143,0.446244477172312,0.273960216998192
49,Melbourne 3BR Apartment/unit,0.25,property_only,84,39,46,21,10,0.476190476190476,0.217391304347826
49,Yarra Ranges 3BR House/townhouse,0.25,property_only,29,28,12,8,6,0.75,0.5
49,Melbourne 2BR Apartment/unit,0.25,full,387,169,158,97,62,0.639175257731959,0.392405063291139
49,Melbourne 3BR Apartment/unit,0.25,full,84,39,46,21,17,0.80952380952381,0.369565217391304
49,Yarra Ranges 3BR House/townhouse,0.25,full,29,28,12,8,5,0.625,0.416666666666667
49,Melbourne 2BR Apartment/unit,0.5,baseline,387,169,158,194,79.204134366925,0.408268733850129,0.501291989664083
49,Melbourne 3BR Apartment/unit,0.5,baseline,84,39,46,42,23,0.547619047619048,0.5
49,Yarra Ranges 3BR House/townhouse,0.5,baseline,29,28,12,15,6.20689655172414,0.413793103448276,0.517241379310345
49,Melbourne 2BR Apartment/unit,0.5,property_only,387,169,158,194,107.285714285714,0.553019145802651,0.679023508137432
49,Melbourne 3BR Apartment/unit,0.5,property_only,84,39,46,42,27,0.642857142857143,0.586956521739131
49,Yarra Ranges 3BR House/townhouse,0.5,property_only,29,28,12,15,10.5,0.7,0.875
49,Melbourne 2BR Apartment/unit,0.5,full,387,169,158,194,112,0.577319587628866,0.708860759493671
49,Melbourne 3BR Apartment/unit,0.5,full,84,39,46,42,27,0.642857142857143,0.586956521739131
49,Yarra Ranges 3BR House/townhouse,0.5,full,29,28,12,15,8,0.533333333333333,0.666666666666667
50,Melbourne 2BR Apartment/unit,0.1,baseline,364,140,122,37,12.4010989010989,0.335164835164836,0.101648351648352
50,Melbourne 3BR Apartment/unit,0.1,baseline,92,46,34,10,3.69565217391304,0.369565217391304,0.108695652173913
50,Yarra Ranges 3BR House/townhouse,0.1,baseline,28,26,9,3,0.964285714285714,0.321428571428571,0.107142857142857
50,Melbourne 2BR Apartment/unit,0.1,property_only,364,140,122,37,11.5714285714286,0.312741312741313,0.094847775175644
50,Melbourne 3BR Apartment/unit,0.1,property_only,92,46,34,10,3,0.3,0.0882352941176471
50,Yarra Ranges 3BR House/townhouse,0.1,property_only,28,26,9,3,2,0.666666666666667,0.222222222222222
50,Melbourne 2BR Apartment/unit,0.1,full,364,140,122,37,20,0.540540540540541,0.163934426229508
50,Melbourne 3BR Apartment/unit,0.1,full,92,46,34,10,3,0.3,0.0882352941176471
50,Yarra Ranges 3BR House/townhouse,0.1,full,28,26,9,3,2,0.666666666666667,0.222222222222222
50,Melbourne 2BR Apartment/unit,0.25,baseline,364,140,122,91,30.5,0.335164835164835,0.25
50,Melbourne 3BR Apartment/unit,0.25,baseline,92,46,34,23,8.5,0.369565217391304,0.25
50,Yarra Ranges 3BR House/townhouse,0.25,baseline,28,26,9,7,2.25,0.321428571428571,0.25
50,Melbourne 2BR Apartment/unit,0.25,property_only,364,140,122,91,34.0769230769231,0.37447168216399,0.279319041614124
50,Melbourne 3BR Apartment/unit,0.25,property_only,92,46,34,23,8,0.347826086956522,0.235294117647059
50,Yarra Ranges 3BR House/townhouse,0.25,property_only,28,26,9,7,5,0.714285714285714,0.555555555555556
50,Melbourne 2BR Apartment/unit,0.25,full,364,140,122,91,46,0.505494505494506,0.377049180327869
50,Melbourne 3BR Apartment/unit,0.25,full,92,46,34,23,8,0.347826086956522,0.235294117647059
50,Yarra Ranges 3BR House/townhouse,0.25,full,28,26,9,7,4,0.571428571428571,0.444444444444444
50,Melbourne 2BR Apartment/unit,0.5,baseline,364,140,122,182,61,0.335164835164835,0.5
50,Melbourne 3BR Apartment/unit,0.5,baseline,92,46,34,46,17,0.369565217391304,0.5
50,Yarra Ranges 3BR House/townhouse,0.5,baseline,28,26,9,14,4.5,0.321428571428571,0.5
50,Melbourne 2BR Apartment/unit,0.5,property_only,364,140,122,182,58.6666666666667,0.322344322344322,0.480874316939891
50,Melbourne 3BR Apartment/unit,0.5,property_only,92,46,34,46,13,0.282608695652174,0.382352941176471
50,Yarra Ranges 3BR House/townhouse,0.5,property_only,28,26,9,14,7.66666666666667,0.547619047619048,0.851851851851852
50,Melbourne 2BR Apartment/unit,0.5,full,364,140,122,182,79,0.434065934065934,0.647540983606557
50,Melbourne 3BR Apartment/unit,0.5,full,92,46,34,46,21,0.456521739130435,0.617647058823529
50,Yarra Ranges 3BR House/townhouse,0.5,full,28,26,9,14,6,0.428571428571429,0.666666666666667
