split,scope,fraction,model,n_listings,n_hosts,target_count,quota,expected_target_selected,precision,recall
1,all_eligible,0.1,baseline,1167,518,271,117,36.6390374331551,0.313154166095343,0.135199400122344
1,priority_pool,0.1,baseline,475,189,136,48,15.8048780487805,0.329268292682927,0.116212338593974
1,priority_fixed_quota,0.1,baseline,475,189,136,49,14.060234223226,0.28694355557604,0.103384075170779
1,all_eligible,0.1,property_only,1167,518,271,117,46,0.393162393162393,0.169741697416974
1,priority_pool,0.1,property_only,475,189,136,48,24,0.5,0.176470588235294
1,priority_fixed_quota,0.1,property_only,475,189,136,49,17.1904761904762,0.350826044703596,0.12640056022409
1,all_eligible,0.1,full,1167,518,271,117,57,0.487179487179487,0.210332103321033
1,priority_pool,0.1,full,475,189,136,48,30,0.625,0.220588235294118
1,priority_fixed_quota,0.1,full,475,189,136,49,28,0.571428571428571,0.205882352941176
1,all_eligible,0.25,baseline,1167,518,271,292,84.8342245989306,0.290528166434694,0.313041419184246
1,priority_pool,0.25,baseline,475,189,136,119,37.1898395721926,0.312519660270526,0.27345470273671
1,priority_fixed_quota,0.25,baseline,475,189,136,120,34.3812820495218,0.286510683746015,0.252803544481778
1,all_eligible,0.25,property_only,1167,518,271,292,104.8,0.358904109589041,0.386715867158672
1,priority_pool,0.25,property_only,475,189,136,119,46.5,0.390756302521008,0.341911764705882
1,priority_fixed_quota,0.25,property_only,475,189,136,120,56.6111111111111,0.471759259259259,0.416258169934641
1,all_eligible,0.25,full,1167,518,271,292,130,0.445205479452055,0.479704797047971
1,priority_pool,0.25,full,475,189,136,119,60,0.504201680672269,0.441176470588235
1,priority_fixed_quota,0.25,full,475,189,136,120,59,0.491666666666667,0.433823529411765
1,all_eligible,0.5,baseline,1167,518,271,584,164.129032258064,0.281042863455589,0.605642185454111
1,priority_pool,0.5,baseline,475,189,136,238,69.9625668449197,0.293960364894621,0.514430638565586
1,priority_fixed_quota,0.5,baseline,475,189,136,238,68.1578947368421,0.286377708978328,0.501160990712074
1,all_eligible,0.5,property_only,1167,518,271,584,159,0.272260273972603,0.586715867158672
1,priority_pool,0.5,property_only,475,189,136,238,94.3571428571429,0.396458583433373,0.693802521008403
1,priority_fixed_quota,0.5,property_only,475,189,136,238,97.5714285714286,0.409963985594238,0.717436974789916
1,all_eligible,0.5,full,1167,518,271,584,203,0.347602739726027,0.749077490774908
1,priority_pool,0.5,full,475,189,136,238,105,0.441176470588235,0.772058823529412
1,priority_fixed_quota,0.5,full,475,189,136,238,106,0.445378151260504,0.779411764705882
2,all_eligible,0.1,baseline,1063,518,258,107,34.5408163265305,0.322811367537669,0.133879133048568
2,priority_pool,0.1,baseline,397,194,123,40,13.5294117647059,0.338235294117647,0.109995217599235
2,priority_fixed_quota,0.1,baseline,397,194,123,41,12.730912364946,0.310510057681609,0.103503352560536
2,all_eligible,0.1,property_only,1063,518,258,107,42.3333333333333,0.395638629283489,0.164082687338501
2,priority_pool,0.1,property_only,397,194,123,40,13.6666666666667,0.341666666666667,0.111111111111111
2,priority_fixed_quota,0.1,property_only,397,194,123,41,16.6666666666667,0.40650406504065,0.13550135501355
2,all_eligible,0.1,full,1063,518,258,107,58,0.542056074766355,0.224806201550388
2,priority_pool,0.1,full,397,194,123,40,22,0.55,0.178861788617886
2,priority_fixed_quota,0.1,full,397,194,123,41,23,0.560975609756098,0.186991869918699
2,all_eligible,0.25,baseline,1063,518,258,266,81.591836734694,0.306736228325917,0.31624742920424
2,priority_pool,0.25,baseline,397,194,123,100,32.469387755102,0.32469387755102,0.263978762236602
2,priority_fixed_quota,0.25,baseline,397,194,123,100,30.9908163265306,0.309908163265306,0.251957856313257
2,all_eligible,0.25,property_only,1063,518,258,266,87.125,0.327537593984962,0.337693798449612
2,priority_pool,0.25,property_only,397,194,123,100,40.3333333333333,0.403333333333333,0.327913279132791
2,priority_fixed_quota,0.25,property_only,397,194,123,100,37.9090909090909,0.379090909090909,0.30820399113082
2,all_eligible,0.25,full,1063,518,258,266,120,0.451127819548872,0.465116279069768
2,priority_pool,0.25,full,397,194,123,100,48,0.48,0.390243902439024
2,priority_fixed_quota,0.25,full,397,194,123,100,49,0.49,0.398373983739837
2,all_eligible,0.5,baseline,1063,518,258,532,160.951807228916,0.302540991031797,0.623844214065565
2,priority_pool,0.5,baseline,397,194,123,199,61.765306122449,0.310378422725874,0.502156960345113
2,priority_fixed_quota,0.5,baseline,397,194,123,199,61.6857142857143,0.309978463747308,0.501509872241579
2,all_eligible,0.5,property_only,1063,518,258,532,165.363636363636,0.310833902939166,0.640944326990839
2,priority_pool,0.5,property_only,397,194,123,199,70.6363636363636,0.354956601187757,0.574279379157428
2,priority_fixed_quota,0.5,property_only,397,194,123,199,71.6538461538462,0.360069578662544,0.582551594746717
2,all_eligible,0.5,full,1063,518,258,532,198,0.37218045112782,0.767441860465116
2,priority_pool,0.5,full,397,194,123,199,86,0.4321608040201,0.699186991869919
2,priority_fixed_quota,0.5,full,397,194,123,199,85,0.42713567839196,0.691056910569106
3,all_eligible,0.1,baseline,1227,518,253,123,39.8979591836735,0.324373651899784,0.157699443413729
3,priority_pool,0.1,baseline,496,204,146,50,17.7215189873418,0.354430379746835,0.121380267036587
3,priority_fixed_quota,0.1,baseline,496,204,146,51,15.0917695685869,0.29591705036445,0.103368284716349
3,all_eligible,0.1,property_only,1227,518,253,123,43,0.349593495934959,0.1699604743083
3,priority_pool,0.1,property_only,496,204,146,50,18.1666666666667,0.363333333333333,0.124429223744292
3,priority_fixed_quota,0.1,property_only,496,204,146,51,19.5238095238095,0.382819794584501,0.133724722765819
3,all_eligible,0.1,full,1227,518,253,123,48,0.390243902439024,0.189723320158103
3,priority_pool,0.1,full,496,204,146,50,20,0.4,0.136986301369863
3,priority_fixed_quota,0.1,full,496,204,146,51,24,0.470588235294118,0.164383561643836
3,all_eligible,0.25,baseline,1227,518,253,307,89.6530612244898,0.292029515389217,0.354359925788497
3,priority_pool,0.25,baseline,496,204,146,124,40.1683673469388,0.32393844634628,0.275125803746156
3,priority_fixed_quota,0.25,baseline,496,204,146,125,36.9486075949367,0.295588860759494,0.253072654759841
3,all_eligible,0.25,property_only,1227,518,253,307,83,0.270358306188925,0.328063241106719
3,priority_pool,0.25,property_only,496,204,146,124,43,0.346774193548387,0.294520547945206
3,priority_fixed_quota,0.25,property_only,496,204,146,125,48.0476190476191,0.384380952380952,0.329093281148076
3,all_eligible,0.25,full,1227,518,253,307,115,0.374592833876222,0.454545454545455
3,priority_pool,0.25,full,496,204,146,124,52,0.419354838709677,0.356164383561644
3,priority_fixed_quota,0.25,full,496,204,146,125,53,0.424,0.363013698630137
3,all_eligible,0.5,baseline,1227,518,253,614,165.103448275862,0.268898124227788,0.652582799509336
3,priority_pool,0.5,baseline,496,204,146,248,73.6989795918369,0.297173304805794,0.504787531450937
3,priority_fixed_quota,0.5,baseline,496,204,146,249,73.4172151898735,0.294848253774592,0.502857638286805
3,all_eligible,0.5,property_only,1227,518,253,614,159.666666666667,0.260043431053203,0.631093544137023
3,priority_pool,0.5,property_only,496,204,146,248,72,0.290322580645161,0.493150684931507
3,priority_fixed_quota,0.5,property_only,496,204,146,249,77.4117647058824,0.310890621308764,0.530217566478646
3,all_eligible,0.5,full,1227,518,253,614,200,0.325732899022801,0.790513833992095
3,priority_pool,0.5,full,496,204,146,248,96,0.387096774193548,0.657534246575342
3,priority_fixed_quota,0.5,full,496,204,146,249,101,0.405622489959839,0.691780821917808
4,all_eligible,0.1,baseline,1316,518,396,132,43.1957894736843,0.327240829346093,0.109080276448698
4,priority_pool,0.1,baseline,622,180,246,63,17.92,0.284444444444444,0.0728455284552844
4,priority_fixed_quota,0.1,baseline,622,180,246,64,25.3090595340812,0.395454055220018,0.102882355829598
4,all_eligible,0.1,property_only,1316,518,396,132,57,0.431818181818182,0.143939393939394
4,priority_pool,0.1,property_only,622,180,246,63,30.4,0.482539682539683,0.123577235772358
4,priority_fixed_quota,0.1,property_only,622,180,246,64,32.5,0.5078125,0.132113821138211
4,all_eligible,0.1,full,1316,518,396,132,72,0.545454545454545,0.181818181818182
4,priority_pool,0.1,full,622,180,246,63,44,0.698412698412698,0.178861788617886
4,priority_fixed_quota,0.1,full,622,180,246,64,45,0.703125,0.182926829268293
4,all_eligible,0.25,baseline,1316,518,396,329,115.36,0.350638297872341,0.291313131313132
4,priority_pool,0.25,baseline,622,180,246,156,51.9873684210528,0.333252361673415,0.211330765939239
4,priority_fixed_quota,0.25,baseline,622,180,246,157,61.9902674719586,0.394842467974258,0.251992957203084
4,all_eligible,0.25,property_only,1316,518,396,329,146,0.443768996960486,0.368686868686869
4,priority_pool,0.25,property_only,622,180,246,156,82,0.525641025641026,0.333333333333333
4,priority_fixed_quota,0.25,property_only,622,180,246,157,89.3650793650794,0.569204327166111,0.363272680345851
4,all_eligible,0.25,full,1316,518,396,329,159,0.483282674772037,0.401515151515151
4,priority_pool,0.25,full,622,180,246,156,91,0.583333333333333,0.369918699186992
4,priority_fixed_quota,0.25,full,622,180,246,157,93,0.592356687898089,0.378048780487805
4,all_eligible,0.5,baseline,1316,518,396,658,212.588235294117,0.323082424459145,0.536838978015448
4,priority_pool,0.5,baseline,622,180,246,311,108.766315789474,0.349730918937215,0.442139495079162
4,priority_fixed_quota,0.5,baseline,622,180,246,312,123.263157894737,0.395074224021592,0.50106974753958
4,all_eligible,0.5,property_only,1316,518,396,658,260.235294117647,0.39549436795995,0.657159833630422
4,priority_pool,0.5,property_only,622,180,246,311,136,0.437299035369775,0.552845528455285
4,priority_fixed_quota,0.5,property_only,622,180,246,312,158.333333333333,0.507478632478633,0.643631436314363
4,all_eligible,0.5,full,1316,518,396,658,267,0.405775075987842,0.674242424242424
4,priority_pool,0.5,full,622,180,246,311,166,0.533762057877814,0.67479674796748
4,priority_fixed_quota,0.5,full,622,180,246,312,158,0.506410256410256,0.642276422764228
5,all_eligible,0.1,baseline,1052,518,253,106,34.2941176470588,0.323529411764706,0.135549872122762
5,priority_pool,0.1,baseline,436,192,151,44,14.235294117647,0.323529411764706,0.094273470977795
5,priority_fixed_quota,0.1,baseline,436,192,151,45,15.5871040723981,0.346380090497737,0.103225854784094
5,all_eligible,0.1,property_only,1052,518,253,106,24.8571428571429,0.234501347708895,0.0982495765104461
5,priority_pool,0.1,property_only,436,192,151,44,9,0.204545454545455,0.0596026490066225
5,priority_fixed_quota,0.1,property_only,436,192,151,45,11.3333333333333,0.251851851851852,0.0750551876379691
5,all_eligible,0.1,full,1052,518,253,106,61,0.575471698113208,0.241106719367589
5,priority_pool,0.1,full,436,192,151,44,30,0.681818181818182,0.198675496688742
5,priority_fixed_quota,0.1,full,436,192,151,45,30,0.666666666666667,0.198675496688742
5,all_eligible,0.25,baseline,1052,518,253,263,85.0882352941176,0.323529411764706,0.336317135549872
5,priority_pool,0.25,baseline,436,192,151,109,35.264705882353,0.323529411764706,0.233541098558629
5,priority_fixed_quota,0.25,baseline,436,192,151,110,38.027149321267,0.345701357466064,0.251835425968656
5,all_eligible,0.25,property_only,1052,518,253,263,98,0.372623574144487,0.387351778656126
5,priority_pool,0.25,property_only,436,192,151,109,31,0.284403669724771,0.205298013245033
5,priority_fixed_quota,0.25,property_only,436,192,151,110,29.5714285714286,0.268831168831169,0.195837275307474
5,all_eligible,0.25,full,1052,518,253,263,121,0.460076045627376,0.478260869565217
5,priority_pool,0.25,full,436,192,151,109,62,0.568807339449541,0.410596026490066
5,priority_fixed_quota,0.25,full,436,192,151,110,61,0.554545454545455,0.403973509933775
5,all_eligible,0.5,baseline,1052,518,253,526,169,0.321292775665399,0.66798418972332
5,priority_pool,0.5,baseline,436,192,151,218,70.5294117647059,0.323529411764706,0.467082197117258
5,priority_fixed_quota,0.5,baseline,436,192,151,218,75.5,0.346330275229358,0.5
5,all_eligible,0.5,property_only,1052,518,253,526,158.4,0.301140684410646,0.626086956521739
5,priority_pool,0.5,property_only,436,192,151,218,89.6,0.411009174311927,0.593377483443709
5,priority_fixed_quota,0.5,property_only,436,192,151,218,90.6,0.415596330275229,0.6
5,all_eligible,0.5,full,1052,518,253,526,197,0.374524714828897,0.778656126482213
5,priority_pool,0.5,full,436,192,151,218,109,0.5,0.721854304635762
5,priority_fixed_quota,0.5,full,436,192,151,218,106,0.486238532110092,0.701986754966887
6,all_eligible,0.1,baseline,1110,518,317,111,37.8472622478386,0.340966326557104,0.119391994472677
6,priority_pool,0.1,baseline,453,176,173,46,14.0555555555556,0.305555555555556,0.0812459858702634
6,priority_fixed_quota,0.1,baseline,453,176,173,47,17.8428170499708,0.379634405318528,0.10313767080908
6,all_eligible,0.1,property_only,1110,518,317,111,36.25,0.326576576576577,0.114353312302839
6,priority_pool,0.1,property_only,453,176,173,46,13.875,0.301630434782609,0.0802023121387283
6,priority_fixed_quota,0.1,property_only,453,176,173,47,18,0.382978723404255,0.104046242774566
6,all_eligible,0.1,full,1110,518,317,111,61,0.54954954954955,0.192429022082019
6,priority_pool,0.1,full,453,176,173,46,26,0.565217391304348,0.15028901734104
6,priority_fixed_quota,0.1,full,453,176,173,47,26,0.553191489361702,0.15028901734104
6,all_eligible,0.25,baseline,1110,518,317,278,105.706051873199,0.380237596666184,0.333457576887063
6,priority_pool,0.25,baseline,453,176,173,114,39.0662824207494,0.342686687901311,0.225816661391615
6,priority_fixed_quota,0.25,baseline,453,176,173,114,43.4986438379385,0.381567051209987,0.251437247618142
6,all_eligible,0.25,property_only,1110,518,317,278,105.045454545455,0.377861347285808,0.331373673644967
6,priority_pool,0.25,property_only,453,176,173,114,36.875,0.323464912280702,0.213150289017341
6,priority_fixed_quota,0.25,property_only,453,176,173,114,45.7857142857143,0.401629072681704,0.264657308009909
6,all_eligible,0.25,full,1110,518,317,278,129,0.464028776978417,0.406940063091483
6,priority_pool,0.25,full,453,176,173,114,65.5,0.574561403508772,0.378612716763006
6,priority_fixed_quota,0.25,full,453,176,173,114,66,0.578947368421053,0.38150289017341
6,all_eligible,0.5,baseline,1110,518,317,555,199.301369863014,0.359101567320746,0.628710945940107
6,priority_pool,0.5,baseline,453,176,173,227,84.9827089337176,0.374373167108888,0.491229531408772
6,priority_fixed_quota,0.5,baseline,453,176,173,227,86.7031700288182,0.381952290875851,0.501174393230163
6,all_eligible,0.5,property_only,1110,518,317,555,194.571428571429,0.350579150579151,0.613789995493465
6,priority_pool,0.5,property_only,453,176,173,227,85.7777777777778,0.377875673029858,0.49582530507386
6,priority_fixed_quota,0.5,property_only,453,176,173,227,91.4318181818182,0.40278334000801,0.528507619548082
6,all_eligible,0.5,full,1110,518,317,555,236,0.425225225225225,0.744479495268139
6,priority_pool,0.5,full,453,176,173,227,107,0.47136563876652,0.61849710982659
6,priority_fixed_quota,0.5,full,453,176,173,227,109,0.480176211453745,0.630057803468208
7,all_eligible,0.1,baseline,1288,518,343,129,48.0415704387992,0.372415274719373,0.140062887576674
7,priority_pool,0.1,baseline,557,202,180,56,21.84,0.39,0.121333333333333
7,priority_fixed_quota,0.1,baseline,557,202,180,57,18.3682448036952,0.322249908836758,0.102045804464973
7,all_eligible,0.1,property_only,1288,518,343,129,42.4,0.328682170542636,0.123615160349854
7,priority_pool,0.1,property_only,557,202,180,56,18,0.321428571428571,0.1
7,priority_fixed_quota,0.1,property_only,557,202,180,57,21.4,0.375438596491228,0.118888888888889
7,all_eligible,0.1,full,1288,518,343,129,56,0.434108527131783,0.163265306122449
7,priority_pool,0.1,full,557,202,180,56,24,0.428571428571429,0.133333333333333
7,priority_fixed_quota,0.1,full,557,202,180,57,25,0.43859649122807,0.138888888888889
7,all_eligible,0.25,baseline,1288,518,343,322,108.214780600462,0.336070747206403,0.315494987173358
7,priority_pool,0.25,baseline,557,202,180,140,51.471131639723,0.367650940283735,0.285950731331794
7,priority_fixed_quota,0.25,baseline,557,202,180,140,45.2338337182447,0.323098812273176,0.251299076212471
7,all_eligible,0.25,property_only,1288,518,343,322,108.714285714286,0.337622005323869,0.31695127030404
7,priority_pool,0.25,property_only,557,202,180,140,47,0.335714285714286,0.261111111111111
7,priority_fixed_quota,0.25,property_only,557,202,180,140,45.7666666666667,0.326904761904762,0.254259259259259
7,all_eligible,0.25,full,1288,518,343,322,138,0.428571428571429,0.402332361516035
7,priority_pool,0.25,full,557,202,180,140,60,0.428571428571429,0.333333333333333
7,priority_fixed_quota,0.25,full,557,202,180,140,63,0.45,0.35
7,all_eligible,0.5,baseline,1288,518,343,644,198.764890282132,0.308641133978465,0.5794894760412
7,priority_pool,0.5,baseline,557,202,180,279,94.8083140877599,0.339814745834265,0.526712856043111
7,priority_fixed_quota,0.5,baseline,557,202,180,279,90.1558891454967,0.323139387618268,0.500866050808315
7,all_eligible,0.5,property_only,1288,518,343,644,204.285714285714,0.317213842058563,0.595585172844648
7,priority_pool,0.5,property_only,557,202,180,279,90.5,0.324372759856631,0.502777777777778
7,priority_fixed_quota,0.5,property_only,557,202,180,279,86.8095238095238,0.311145246629118,0.482275132275132
7,all_eligible,0.5,full,1288,518,343,644,245,0.380434782608696,0.714285714285714
7,priority_pool,0.5,full,557,202,180,279,119,0.426523297491039,0.661111111111111
7,priority_fixed_quota,0.5,full,557,202,180,279,115,0.412186379928315,0.638888888888889
8,all_eligible,0.1,baseline,1220,518,323,122,40.7727272727273,0.334202682563338,0.126231353785533
8,priority_pool,0.1,baseline,549,196,200,55,14.8863636363636,0.270661157024793,0.0744318181818181
8,priority_fixed_quota,0.1,baseline,549,196,200,57,20.6448051948052,0.362189564821144,0.103224025974026
8,all_eligible,0.1,property_only,1220,518,323,122,51,0.418032786885246,0.157894736842105
8,priority_pool,0.1,property_only,549,196,200,55,23.5,0.427272727272727,0.1175
8,priority_fixed_quota,0.1,property_only,549,196,200,57,18.25,0.320175438596491,0.09125
8,all_eligible,0.1,full,1220,518,323,122,68,0.557377049180328,0.210526315789474
8,priority_pool,0.1,full,549,196,200,55,37,0.672727272727273,0.185
8,priority_fixed_quota,0.1,full,549,196,200,57,43,0.754385964912281,0.215
8,all_eligible,0.25,baseline,1220,518,323,305,109.371428571428,0.358594847775175,0.338611233967271
8,priority_pool,0.25,baseline,549,196,200,138,46.9545454545455,0.340250329380765,0.234772727272728
8,priority_fixed_quota,0.25,baseline,549,196,200,138,50.2785714285716,0.364337474120084,0.251392857142858
8,all_eligible,0.25,property_only,1220,518,323,305,114,0.373770491803279,0.352941176470588
8,priority_pool,0.25,property_only,549,196,200,138,57.5,0.416666666666667,0.2875
8,priority_fixed_quota,0.25,property_only,549,196,200,138,54.1,0.392028985507246,0.2705
8,all_eligible,0.25,full,1220,518,323,305,141,0.462295081967213,0.436532507739938
8,priority_pool,0.25,full,549,196,200,138,73,0.528985507246377,0.365
8,priority_fixed_quota,0.25,full,549,196,200,138,77,0.557971014492754,0.385
8,all_eligible,0.5,baseline,1220,518,323,610,213.157303370786,0.349438202247191,0.6599297317981
8,priority_pool,0.5,baseline,549,196,200,275,98.2285714285717,0.357194805194806,0.491142857142858
8,priority_fixed_quota,0.5,baseline,549,196,200,275,100.185714285715,0.36431168831169,0.500928571428573
8,all_eligible,0.5,property_only,1220,518,323,610,208.333333333333,0.341530054644809,0.64499484004128
8,priority_pool,0.5,property_only,549,196,200,275,104.875,0.381363636363636,0.524375
8,priority_fixed_quota,0.5,property_only,549,196,200,275,111.370629370629,0.404984106802289,0.556853146853147
8,all_eligible,0.5,full,1220,518,323,610,247,0.404918032786885,0.764705882352941
8,priority_pool,0.5,full,549,196,200,275,125,0.454545454545455,0.625
8,priority_fixed_quota,0.5,full,549,196,200,275,129,0.469090909090909,0.645
9,all_eligible,0.1,baseline,1172,518,251,118,26.3911845730028,0.223654106550871,0.105144161645429
9,priority_pool,0.1,baseline,476,201,126,48,11.7073170731707,0.24390243902439,0.0929152148664344
9,priority_fixed_quota,0.1,baseline,476,201,126,50,13.1350490817625,0.26270098163525,0.104246421283829
9,all_eligible,0.1,property_only,1172,518,251,118,35.4285714285714,0.300242130750605,0.14114968696642
9,priority_pool,0.1,property_only,476,201,126,48,10.25,0.213541666666667,0.0813492063492063
9,priority_fixed_quota,0.1,property_only,476,201,126,50,16.25,0.325,0.128968253968254
9,all_eligible,0.1,full,1172,518,251,118,21,0.177966101694915,0.0836653386454183
9,priority_pool,0.1,full,476,201,126,48,9,0.1875,0.0714285714285714
9,priority_fixed_quota,0.1,full,476,201,126,50,11,0.22,0.0873015873015873
9,all_eligible,0.25,baseline,1172,518,251,293,75.0826446280992,0.256254759822864,0.299134042343025
9,priority_pool,0.25,baseline,476,201,126,119,26.6694214876033,0.224112785610112,0.211662075298439
9,priority_fixed_quota,0.25,baseline,476,201,126,120,31.7318330288076,0.26443194190673,0.251839944673076
9,all_eligible,0.25,property_only,1172,518,251,293,87,0.296928327645051,0.346613545816733
9,priority_pool,0.25,property_only,476,201,126,119,35.7142857142857,0.300120048019208,0.283446712018141
9,priority_fixed_quota,0.25,property_only,476,201,126,120,40.7472527472527,0.33956043956044,0.323390894819466
9,all_eligible,0.25,full,1172,518,251,293,89,0.303754266211604,0.354581673306773
9,priority_pool,0.25,full,476,201,126,119,30,0.252100840336134,0.238095238095238
9,priority_fixed_quota,0.25,full,476,201,126,120,31,0.258333333333333,0.246031746031746
9,all_eligible,0.5,baseline,1172,518,251,586,151.331230283912,0.258244420279713,0.602913268063394
9,priority_pool,0.5,baseline,476,201,126,238,59.779614325069,0.251174850105332,0.474441383532293
9,priority_fixed_quota,0.5,baseline,476,201,126,239,63.2197636185907,0.264517839408329,0.501744155703101
9,all_eligible,0.5,property_only,1172,518,251,586,159.666666666667,0.272468714448237,0.636122177954847
9,priority_pool,0.5,property_only,476,201,126,238,71.5714285714286,0.300720288115246,0.568027210884354
9,priority_fixed_quota,0.5,property_only,476,201,126,239,70.6666666666667,0.295676429567643,0.560846560846561
9,all_eligible,0.5,full,1172,518,251,586,184,0.313993174061433,0.733067729083665
9,priority_pool,0.5,full,476,201,126,238,80,0.336134453781513,0.634920634920635
9,priority_fixed_quota,0.5,full,476,201,126,239,77,0.322175732217573,0.611111111111111
10,all_eligible,0.1,baseline,1254,518,331,126,52.1666666666667,0.414021164021164,0.157603222557905
10,priority_pool,0.1,baseline,582,187,212,59,24.8677685950413,0.421487603305785,0.117300795259629
10,priority_fixed_quota,0.1,baseline,582,187,212,60,21.9009165691933,0.365015276153222,0.103306210232044
10,all_eligible,0.1,property_only,1254,518,331,126,50.5,0.400793650793651,0.152567975830816
10,priority_pool,0.1,property_only,582,187,212,59,18.1428571428571,0.307506053268765,0.0855795148247979
10,priority_fixed_quota,0.1,property_only,582,187,212,60,17.6666666666667,0.294444444444444,0.0833333333333333
10,all_eligible,0.1,full,1254,518,331,126,87,0.690476190476191,0.262839879154079
10,priority_pool,0.1,full,582,187,212,59,42,0.711864406779661,0.19811320754717
10,priority_fixed_quota,0.1,full,582,187,212,60,45,0.75,0.212264150943396
10,all_eligible,0.25,baseline,1254,518,331,314,116.241299303944,0.370195220713198,0.351182173123699
10,priority_pool,0.25,baseline,582,187,212,146,56.8333333333333,0.389269406392694,0.268081761006289
10,priority_fixed_quota,0.25,baseline,582,187,212,147,53.5221095153177,0.364095983097399,0.25246278073263
10,all_eligible,0.25,property_only,1254,518,331,314,136.785714285714,0.435623293903549,0.413249892101856
10,priority_pool,0.25,property_only,582,187,212,146,63,0.431506849315068,0.297169811320755
10,priority_fixed_quota,0.25,property_only,582,187,212,147,59.6153846153846,0.405546834118263,0.281204644412192
10,all_eligible,0.25,full,1254,518,331,314,175,0.557324840764331,0.528700906344411
10,priority_pool,0.25,full,582,187,212,146,100,0.684931506849315,0.471698113207547
10,priority_fixed_quota,0.25,full,582,187,212,147,99,0.673469387755102,0.466981132075472
10,all_eligible,0.5,baseline,1254,518,331,627,222.242537313433,0.354453807517436,0.671427605176533
10,priority_pool,0.5,baseline,582,187,212,291,108.023201856149,0.371213752082985,0.509543404981834
10,priority_fixed_quota,0.5,baseline,582,187,212,292,106.389398093996,0.364347253746562,0.501836783462246
10,all_eligible,0.5,property_only,1254,518,331,627,215.4,0.343540669856459,0.650755287009064
10,priority_pool,0.5,property_only,582,187,212,291,132.45,0.455154639175258,0.624764150943396
10,priority_fixed_quota,0.5,property_only,582,187,212,292,137.534482758621,0.471008502598016,0.648747560182173
10,all_eligible,0.5,full,1254,518,331,627,259,0.413078149920255,0.782477341389728
10,priority_pool,0.5,full,582,187,212,291,159.5,0.548109965635739,0.752358490566038
10,priority_fixed_quota,0.5,full,582,187,212,292,158,0.541095890410959,0.745283018867925
11,all_eligible,0.1,baseline,1165,518,273,117,34.5263157894738,0.295096716149348,0.126470021206864
11,priority_pool,0.1,baseline,506,187,139,51,15.0782608695652,0.295652173913043,0.108476696903347
11,priority_fixed_quota,0.1,baseline,506,187,139,52,14.2846681922197,0.274705157542686,0.102767397066329
11,all_eligible,0.1,property_only,1165,518,273,117,41,0.35042735042735,0.15018315018315
11,priority_pool,0.1,property_only,506,187,139,51,17.5,0.343137254901961,0.12589928057554
11,priority_fixed_quota,0.1,property_only,506,187,139,52,21.6,0.415384615384615,0.155395683453237
11,all_eligible,0.1,full,1165,518,273,117,51,0.435897435897436,0.186813186813187
11,priority_pool,0.1,full,506,187,139,51,27,0.529411764705882,0.194244604316547
11,priority_fixed_quota,0.1,full,506,187,139,52,28,0.538461538461538,0.201438848920863
11,all_eligible,0.25,baseline,1165,518,273,292,80.5789473684211,0.275955299206921,0.295160979371506
11,priority_pool,0.25,baseline,506,187,139,127,37.1578947368421,0.292581848321592,0.267322983718289
11,priority_fixed_quota,0.25,baseline,506,187,139,128,35.1879481311976,0.274905844774981,0.253150705979839
11,all_eligible,0.25,property_only,1165,518,273,292,88.9333333333334,0.304566210045662,0.325763125763126
11,priority_pool,0.25,property_only,506,187,139,127,43.2,0.340157480314961,0.310791366906475
11,priority_fixed_quota,0.25,property_only,506,187,139,128,51.8,0.4046875,0.372661870503597
11,all_eligible,0.25,full,1165,518,273,292,115,0.393835616438356,0.421245421245421
11,priority_pool,0.25,full,506,187,139,127,53,0.417322834645669,0.381294964028777
11,priority_fixed_quota,0.25,full,506,187,139,128,55,0.4296875,0.39568345323741
11,all_eligible,0.5,baseline,1165,518,273,583,159.152542372881,0.272988923452627,0.58297634568821
11,priority_pool,0.5,baseline,506,187,139,253,70.3157894736843,0.277928021635116,0.505868989019311
11,priority_fixed_quota,0.5,baseline,506,187,139,254,69.7794050343248,0.274722067064271,0.50201010816061
11,all_eligible,0.5,property_only,1165,518,273,583,159.615384615385,0.273782820952632,0.584671738517892
11,priority_pool,0.5,property_only,506,187,139,253,82,0.324110671936759,0.589928057553957
11,priority_fixed_quota,0.5,property_only,506,187,139,254,78.0666666666667,0.307349081364829,0.561630695443645
11,all_eligible,0.5,full,1165,518,273,583,201,0.344768439108062,0.736263736263736
11,priority_pool,0.5,full,506,187,139,253,101,0.399209486166008,0.726618705035971
11,priority_fixed_quota,0.5,full,506,187,139,254,101,0.397637795275591,0.726618705035971
12,all_eligible,0.1,baseline,1063,518,332,107,45.32,0.423551401869159,0.136506024096386
12,priority_pool,0.1,baseline,447,186,180,45,20.7303370786517,0.460674157303371,0.115168539325843
12,priority_fixed_quota,0.1,baseline,447,186,180,46,18.4456469953099,0.400992325984997,0.10247581664061
12,all_eligible,0.1,property_only,1063,518,332,107,41,0.383177570093458,0.123493975903614
12,priority_pool,0.1,property_only,447,186,180,45,17.7142857142857,0.393650793650794,0.0984126984126984
12,priority_fixed_quota,0.1,property_only,447,186,180,46,17.5,0.380434782608696,0.0972222222222222
12,all_eligible,0.1,full,1063,518,332,107,54,0.504672897196262,0.162650602409639
12,priority_pool,0.1,full,447,186,180,45,24,0.533333333333333,0.133333333333333
12,priority_fixed_quota,0.1,full,447,186,180,46,24,0.521739130434783,0.133333333333333
12,all_eligible,0.25,baseline,1063,518,332,266,107.708708708709,0.404919957551536,0.324423821411773
12,priority_pool,0.25,baseline,447,186,180,112,46.52,0.415357142857143,0.258444444444445
12,priority_fixed_quota,0.25,baseline,447,186,180,114,45.8250551675271,0.401974168136203,0.254583639819595
12,all_eligible,0.25,property_only,1063,518,332,266,97.1428571428572,0.365198711063373,0.292598967297763
12,priority_pool,0.25,property_only,447,186,180,112,43.6,0.389285714285714,0.242222222222222
12,priority_fixed_quota,0.25,property_only,447,186,180,114,45.6666666666667,0.400584795321637,0.253703703703704
12,all_eligible,0.25,full,1063,518,332,266,141,0.530075187969925,0.424698795180723
12,priority_pool,0.25,full,447,186,180,112,59,0.526785714285714,0.327777777777778
12,priority_fixed_quota,0.25,full,447,186,180,114,60,0.526315789473684,0.333333333333333
12,all_eligible,0.5,baseline,1063,518,332,532,201.951219512195,0.379607555474051,0.608286805759624
12,priority_pool,0.5,baseline,447,186,180,224,90.9339339339339,0.405955062205062,0.505188521855189
12,priority_fixed_quota,0.5,baseline,447,186,180,225,90.5500367783516,0.402444607903785,0.503055759879731
12,all_eligible,0.5,property_only,1063,518,332,532,202,0.379699248120301,0.608433734939759
12,priority_pool,0.5,property_only,447,186,180,224,86.8823529411765,0.387867647058823,0.482679738562092
12,priority_fixed_quota,0.5,property_only,447,186,180,225,88.7333333333333,0.39437037037037,0.492962962962963
12,all_eligible,0.5,full,1063,518,332,532,237,0.445488721804511,0.713855421686747
12,priority_pool,0.5,full,447,186,180,224,107,0.477678571428571,0.594444444444445
12,priority_fixed_quota,0.5,full,447,186,180,225,108,0.48,0.6
13,all_eligible,0.1,baseline,1234,518,254,124,30.0159574468085,0.242064172958133,0.118173060814207
13,priority_pool,0.1,baseline,503,183,114,51,12.6237623762376,0.247524752475247,0.110734757686295
13,priority_fixed_quota,0.1,baseline,503,183,114,52,11.8176986274732,0.227263435143716,0.103664023048011
13,all_eligible,0.1,property_only,1234,518,254,124,35,0.282258064516129,0.137795275590551
13,priority_pool,0.1,property_only,503,183,114,51,14,0.274509803921569,0.12280701754386
13,priority_fixed_quota,0.1,property_only,503,183,114,52,18,0.346153846153846,0.157894736842105
13,all_eligible,0.1,full,1234,518,254,124,41,0.330645161290323,0.161417322834646
13,priority_pool,0.1,full,503,183,114,51,15,0.294117647058824,0.131578947368421
13,priority_fixed_quota,0.1,full,503,183,114,52,16,0.307692307692308,0.140350877192982
13,all_eligible,0.25,baseline,1234,518,254,309,70.3617021276596,0.227707773875921,0.277014575305746
13,priority_pool,0.25,baseline,503,183,114,126,30.4521276595745,0.241683552853766,0.267123926838373
13,priority_fixed_quota,0.25,baseline,503,183,114,127,28.8202589489718,0.22693117282655,0.252809289026069
13,all_eligible,0.25,property_only,1234,518,254,309,78.0526315789474,0.252597513200477,0.307293825113966
13,priority_pool,0.25,property_only,503,183,114,126,36,0.285714285714286,0.315789473684211
13,priority_fixed_quota,0.25,property_only,503,183,114,127,41,0.322834645669291,0.359649122807018
13,all_eligible,0.25,full,1234,518,254,309,113,0.365695792880259,0.44488188976378
13,priority_pool,0.25,full,503,183,114,126,39,0.30952380952381,0.342105263157895
13,priority_fixed_quota,0.25,full,503,183,114,127,39,0.307086614173228,0.342105263157895
13,all_eligible,0.5,baseline,1234,518,254,617,143.333333333333,0.232306861156132,0.564304461942257
13,priority_pool,0.5,baseline,503,183,114,252,57.9308510638299,0.229884329618373,0.508165360209034
13,priority_fixed_quota,0.5,baseline,503,183,114,252,57.1237623762377,0.226681596731102,0.501085634879278
13,all_eligible,0.5,property_only,1234,518,254,617,144.777777777778,0.234647938051504,0.569991251093613
13,priority_pool,0.5,property_only,503,183,114,252,68.75,0.27281746031746,0.603070175438597
13,priority_fixed_quota,0.5,property_only,503,183,114,252,65.0217391304348,0.258022774327122,0.570366132723112
13,all_eligible,0.5,full,1234,518,254,617,187,0.303079416531605,0.736220472440945
13,priority_pool,0.5,full,503,183,114,252,76,0.301587301587302,0.666666666666667
13,priority_fixed_quota,0.5,full,503,183,114,252,79,0.313492063492064,0.692982456140351
14,all_eligible,0.1,baseline,1081,518,196,109,22.1908831908832,0.203586084320029,0.11321879179022
14,priority_pool,0.1,baseline,471,172,95,48,9.80645161290322,0.204301075268817,0.103225806451613
14,priority_fixed_quota,0.1,baseline,471,172,95,49,9.889164598842,0.201819685690653,0.104096469461495
14,all_eligible,0.1,property_only,1081,518,196,109,28,0.256880733944954,0.142857142857143
14,priority_pool,0.1,property_only,471,172,95,48,12,0.25,0.126315789473684
14,priority_fixed_quota,0.1,property_only,471,172,95,49,19,0.387755102040816,0.2
14,all_eligible,0.1,full,1081,518,196,109,14,0.128440366972477,0.0714285714285714
14,priority_pool,0.1,full,471,172,95,48,6,0.125,0.0631578947368421
14,priority_fixed_quota,0.1,full,471,172,95,49,7,0.142857142857143,0.0736842105263158
14,all_eligible,0.25,baseline,1081,518,196,271,54.4985754985756,0.20110175460729,0.278053956625386
14,priority_pool,0.25,baseline,471,172,95,118,23.985754985755,0.203269110048771,0.252481631429
14,priority_fixed_quota,0.25,baseline,471,172,95,119,24.0086389118647,0.201753268166931,0.252722514861734
14,all_eligible,0.25,property_only,1081,518,196,271,63.4,0.233948339483395,0.323469387755102
14,priority_pool,0.25,property_only,471,172,95,118,29.2727272727273,0.248073959938367,0.308133971291866
14,priority_fixed_quota,0.25,property_only,471,172,95,119,34.9285714285714,0.293517406962785,0.367669172932331
14,all_eligible,0.25,full,1081,518,196,271,54,0.199261992619926,0.275510204081633
14,priority_pool,0.25,full,471,172,95,118,21,0.177966101694915,0.221052631578947
14,priority_fixed_quota,0.25,full,471,172,95,119,22,0.184873949579832,0.231578947368421
14,all_eligible,0.5,baseline,1081,518,196,541,108.222222222222,0.200041076196344,0.552154195011337
14,priority_pool,0.5,baseline,471,172,95,236,47.5185185185185,0.201349654739485,0.500194931773879
14,priority_fixed_quota,0.5,baseline,471,172,95,237,47.8129767484607,0.201742517925994,0.50329449208906
14,all_eligible,0.5,property_only,1081,518,196,541,112.5,0.207948243992606,0.573979591836735
14,priority_pool,0.5,property_only,471,172,95,236,53.4615384615385,0.226531942633638,0.562753036437247
14,priority_fixed_quota,0.5,property_only,471,172,95,237,56.3,0.237552742616034,0.592631578947369
14,all_eligible,0.5,full,1081,518,196,541,134,0.247689463955638,0.683673469387755
14,priority_pool,0.5,full,471,172,95,236,60,0.254237288135593,0.631578947368421
14,priority_fixed_quota,0.5,full,471,172,95,237,59,0.248945147679325,0.621052631578947
15,all_eligible,0.1,baseline,1154,518,255,116,33.4497354497354,0.288359788359788,0.131175433136217
15,priority_pool,0.1,baseline,482,197,150,49,14.1296296296296,0.288359788359789,0.0941975308641976
15,priority_fixed_quota,0.1,baseline,482,197,150,49,15.232671957672,0.31087085627902,0.10155114638448
15,all_eligible,0.1,property_only,1154,518,255,116,44.75,0.385775862068966,0.175490196078431
15,priority_pool,0.1,property_only,482,197,150,49,22.6,0.461224489795918,0.150666666666667
15,priority_fixed_quota,0.1,property_only,482,197,150,49,22.9,0.46734693877551,0.152666666666667
15,all_eligible,0.1,full,1154,518,255,116,57,0.491379310344828,0.223529411764706
15,priority_pool,0.1,full,482,197,150,49,25,0.510204081632653,0.166666666666667
15,priority_fixed_quota,0.1,full,482,197,150,49,24,0.489795918367347,0.16
15,all_eligible,0.25,baseline,1154,518,255,289,83.335978835979,0.288359788359789,0.326807760141094
15,priority_pool,0.25,baseline,482,197,150,121,34.8915343915344,0.288359788359788,0.232610229276896
15,priority_fixed_quota,0.25,baseline,482,197,150,121,37.6441798941799,0.311108924745288,0.250961199294532
15,all_eligible,0.25,property_only,1154,518,255,289,94.8666666666667,0.328258362168397,0.37202614379085
15,priority_pool,0.25,property_only,482,197,150,121,47.1111111111111,0.389348025711662,0.314074074074074
15,priority_fixed_quota,0.25,property_only,482,197,150,121,47.5555555555556,0.393021120293848,0.317037037037037
15,all_eligible,0.25,full,1154,518,255,289,118,0.408304498269896,0.462745098039216
15,priority_pool,0.25,full,482,197,150,121,62,0.512396694214876,0.413333333333333
15,priority_fixed_quota,0.25,full,482,197,150,121,59,0.487603305785124,0.393333333333333
15,all_eligible,0.5,baseline,1154,518,255,577,168.579335793358,0.292165226678264,0.661095434483757
15,priority_pool,0.5,baseline,482,197,150,241,69.4947089947091,0.288359788359789,0.463298059964727
15,priority_fixed_quota,0.5,baseline,482,197,150,241,75,0.311203319502075,0.5
15,all_eligible,0.5,property_only,1154,518,255,577,174.8,0.302946273830156,0.685490196078431
15,priority_pool,0.5,property_only,482,197,150,241,87.2857142857143,0.362181387077653,0.581904761904762
15,priority_fixed_quota,0.5,property_only,482,197,150,241,86.0714285714286,0.357142857142857,0.573809523809524
15,all_eligible,0.5,full,1154,518,255,577,199,0.344887348353553,0.780392156862745
15,priority_pool,0.5,full,482,197,150,241,100,0.4149377593361,0.666666666666667
15,priority_fixed_quota,0.5,full,482,197,150,241,101,0.419087136929461,0.673333333333333
16,all_eligible,0.1,baseline,1195,518,251,120,33.1492537313432,0.276243781094527,0.132068739965511
16,priority_pool,0.1,baseline,535,196,133,54,15.0810810810811,0.279279279279279,0.113391587075798
16,priority_fixed_quota,0.1,baseline,535,196,133,56,13.9605779456526,0.249296034743796,0.104966751471072
16,all_eligible,0.1,property_only,1195,518,251,120,42.5,0.354166666666667,0.169322709163347
16,priority_pool,0.1,property_only,535,196,133,54,20.8571428571429,0.386243386243386,0.156820622986037
16,priority_fixed_quota,0.1,property_only,535,196,133,56,24.8333333333333,0.443452380952381,0.18671679197995
16,all_eligible,0.1,full,1195,518,251,120,52,0.433333333333333,0.207171314741036
16,priority_pool,0.1,full,535,196,133,54,25,0.462962962962963,0.18796992481203
16,priority_fixed_quota,0.1,full,535,196,133,56,27,0.482142857142857,0.203007518796992
16,all_eligible,0.25,baseline,1195,518,251,299,75.8955223880598,0.253831178555384,0.302372599155617
16,priority_pool,0.25,baseline,535,196,133,134,36.4925373134329,0.272332368010693,0.274379979800247
16,priority_fixed_quota,0.25,baseline,535,196,133,135,33.575586441258,0.248708047713022,0.252448018355324
16,all_eligible,0.25,property_only,1195,518,251,299,82.4285714285714,0.275680840898232,0.328400682982356
16,priority_pool,0.25,property_only,535,196,133,134,46.5,0.347014925373134,0.349624060150376
16,priority_fixed_quota,0.25,property_only,535,196,133,135,46.1,0.341481481481482,0.346616541353384
16,all_eligible,0.25,full,1195,518,251,299,97,0.324414715719064,0.386454183266932
16,priority_pool,0.25,full,535,196,133,134,53,0.395522388059701,0.398496240601504
16,priority_fixed_quota,0.25,full,535,196,133,135,58.5,0.433333333333333,0.43984962406015
16,all_eligible,0.5,baseline,1195,518,251,598,146.405405405405,0.244825092651179,0.583288467750619
16,priority_pool,0.5,baseline,535,196,133,268,68.4925373134328,0.255569169079973,0.514981483559645
16,priority_fixed_quota,0.5,baseline,535,196,133,268,66.6396396396396,0.2486553717897,0.501049922102554
16,all_eligible,0.5,property_only,1195,518,251,598,136.909090909091,0.228944968075403,0.545454545454545
16,priority_pool,0.5,property_only,535,196,133,268,77.5,0.289179104477612,0.582706766917293
16,priority_fixed_quota,0.5,property_only,535,196,133,268,76.5428571428572,0.285607675906183,0.575510204081633
16,all_eligible,0.5,full,1195,518,251,598,175,0.292642140468227,0.697211155378486
16,priority_pool,0.5,full,535,196,133,268,87,0.324626865671642,0.654135338345865
16,priority_fixed_quota,0.5,full,535,196,133,268,85,0.317164179104478,0.639097744360902
17,all_eligible,0.1,baseline,1000,518,295,100,36.0132890365449,0.360132890365449,0.122078945886593
17,priority_pool,0.1,baseline,392,189,145,40,14.1176470588235,0.352941176470588,0.0973630831643002
17,priority_fixed_quota,0.1,baseline,392,189,145,41,15.1519402503165,0.369559518300402,0.104496139657355
17,all_eligible,0.1,property_only,1000,518,295,100,38.6,0.386,0.130847457627119
17,priority_pool,0.1,property_only,392,189,145,40,12,0.3,0.0827586206896552
17,priority_fixed_quota,0.1,property_only,392,189,145,41,17.3333333333333,0.422764227642277,0.119540229885057
17,all_eligible,0.1,full,1000,518,295,100,52,0.52,0.176271186440678
17,priority_pool,0.1,full,392,189,145,40,15,0.375,0.103448275862069
17,priority_fixed_quota,0.1,full,392,189,145,41,20,0.487804878048781,0.137931034482759
17,all_eligible,0.25,baseline,1000,518,295,250,92.3255813953489,0.369302325581396,0.312968072526607
17,priority_pool,0.25,baseline,392,189,145,98,35.2624584717608,0.359821004813885,0.243189368770764
17,priority_fixed_quota,0.25,baseline,392,189,145,99,36.6185179835331,0.369884020035688,0.252541503334711
17,all_eligible,0.25,property_only,1000,518,295,250,90.5,0.362,0.306779661016949
17,priority_pool,0.25,property_only,392,189,145,98,37.6,0.383673469387755,0.259310344827586
17,priority_fixed_quota,0.25,property_only,392,189,145,99,42,0.424242424242424,0.289655172413793
17,all_eligible,0.25,full,1000,518,295,250,127,0.508,0.430508474576271
17,priority_pool,0.25,full,392,189,145,98,53,0.540816326530612,0.36551724137931
17,priority_fixed_quota,0.25,full,392,189,145,99,56,0.565656565656566,0.386206896551724
17,all_eligible,0.5,baseline,1000,518,295,500,173.763157894737,0.347526315789474,0.589027653880464
17,priority_pool,0.5,baseline,392,189,145,196,72.0531561461795,0.367618143602957,0.496918318249514
17,priority_fixed_quota,0.5,baseline,392,189,145,197,72.8616206846742,0.369855942561798,0.502493935756374
17,all_eligible,0.5,property_only,1000,518,295,500,183.5,0.367,0.622033898305085
17,priority_pool,0.5,property_only,392,189,145,196,69.2857142857143,0.353498542274052,0.477832512315271
17,priority_fixed_quota,0.5,property_only,392,189,145,197,69.9285714285715,0.354967367657723,0.482266009852217
17,all_eligible,0.5,full,1000,518,295,500,218,0.436,0.738983050847458
17,priority_pool,0.5,full,392,189,145,196,93,0.474489795918367,0.641379310344828
17,priority_fixed_quota,0.5,full,392,189,145,197,95,0.482233502538071,0.655172413793103
18,all_eligible,0.1,baseline,1042,518,284,105,47.9512195121951,0.456678281068524,0.168842322226039
18,priority_pool,0.1,baseline,448,184,174,45,21.453488372093,0.476744186046512,0.123295910184443
18,priority_fixed_quota,0.1,baseline,448,184,174,46,17.8932801708319,0.388984351539823,0.102834943510528
18,all_eligible,0.1,property_only,1042,518,284,105,51,0.485714285714286,0.179577464788732
18,priority_pool,0.1,property_only,448,184,174,45,17.6666666666667,0.392592592592593,0.101532567049808
18,priority_fixed_quota,0.1,property_only,448,184,174,46,19.2333333333333,0.418115942028986,0.110536398467433
18,all_eligible,0.1,full,1042,518,284,105,70,0.666666666666667,0.246478873239437
18,priority_pool,0.1,full,448,184,174,45,37,0.822222222222222,0.21264367816092
18,priority_fixed_quota,0.1,full,448,184,174,46,38,0.826086956521739,0.218390804597701
18,all_eligible,0.25,baseline,1042,518,284,261,105.024390243902,0.402392299785066,0.369804190999656
18,priority_pool,0.25,baseline,448,184,174,112,50.5121951219512,0.451001742160278,0.290299971965237
18,priority_fixed_quota,0.25,baseline,448,184,174,113,43.9295485636115,0.388757066934615,0.252468669905813
18,all_eligible,0.25,property_only,1042,518,284,261,98.625,0.377873563218391,0.347271126760563
18,priority_pool,0.25,property_only,448,184,174,112,56.5,0.504464285714286,0.324712643678161
18,priority_fixed_quota,0.25,property_only,448,184,174,113,57.6190476190476,0.509903076274758,0.331143951833607
18,all_eligible,0.25,full,1042,518,284,261,133,0.509578544061303,0.46830985915493
18,priority_pool,0.25,full,448,184,174,112,72,0.642857142857143,0.413793103448276
18,priority_fixed_quota,0.25,full,448,184,174,113,72,0.63716814159292,0.413793103448276
18,all_eligible,0.5,baseline,1042,518,284,521,188.984615384615,0.362734386534771,0.665438786565547
18,priority_pool,0.5,baseline,448,184,174,224,91.4878048780489,0.408427700348432,0.525791982057752
18,priority_fixed_quota,0.5,baseline,448,184,174,224,87,0.388392857142857,0.5
18,all_eligible,0.5,property_only,1042,518,284,521,195.846153846154,0.375904326000295,0.689599133261105
18,priority_pool,0.5,property_only,448,184,174,224,91.75,0.409598214285714,0.527298850574713
18,priority_fixed_quota,0.5,property_only,448,184,174,224,93.1666666666667,0.415922619047619,0.53544061302682
18,all_eligible,0.5,full,1042,518,284,521,219,0.420345489443378,0.77112676056338
18,priority_pool,0.5,full,448,184,174,224,114,0.508928571428571,0.655172413793103
18,priority_fixed_quota,0.5,full,448,184,174,224,115,0.513392857142857,0.660919540229885
19,all_eligible,0.1,baseline,1270,518,242,127,37.0298507462686,0.291573627923375,0.153015912174664
19,priority_pool,0.1,baseline,513,194,130,52,16.5176470588235,0.317647058823529,0.127058823529412
19,priority_fixed_quota,0.1,baseline,513,194,130,53,13.4575606132235,0.253916237985349,0.103519697024796
19,all_eligible,0.1,property_only,1270,518,242,127,52.8,0.415748031496063,0.218181818181818
19,priority_pool,0.1,property_only,513,194,130,52,23,0.442307692307692,0.176923076923077
19,priority_fixed_quota,0.1,property_only,513,194,130,53,24,0.452830188679245,0.184615384615385
19,all_eligible,0.1,full,1270,518,242,127,68,0.535433070866142,0.28099173553719
19,priority_pool,0.1,full,513,194,130,52,29,0.557692307692308,0.223076923076923
19,priority_fixed_quota,0.1,full,513,194,130,53,31,0.584905660377359,0.238461538461538
19,all_eligible,0.25,baseline,1270,518,242,318,82.6417910447762,0.259879846052755,0.341495004317257
19,priority_pool,0.25,baseline,513,194,130,129,37.5074626865671,0.290755524702071,0.288518943742824
19,priority_fixed_quota,0.25,baseline,513,194,130,130,32.9922536638076,0.253786566644674,0.253786566644674
19,all_eligible,0.25,property_only,1270,518,242,318,97.25,0.305817610062893,0.401859504132231
19,priority_pool,0.25,property_only,513,194,130,129,54.7142857142857,0.424141749723145,0.420879120879121
19,priority_fixed_quota,0.25,property_only,513,194,130,130,56.5714285714286,0.435164835164835,0.435164835164835
19,all_eligible,0.25,full,1270,518,242,318,119,0.374213836477987,0.491735537190083
19,priority_pool,0.25,full,513,194,130,129,70,0.542635658914729,0.538461538461538
19,priority_fixed_quota,0.25,full,513,194,130,130,70,0.538461538461538,0.538461538461538
19,all_eligible,0.5,baseline,1270,518,242,635,149.460122699387,0.235370271967538,0.617603812807383
19,priority_pool,0.5,baseline,513,194,130,257,68.0746268656717,0.264881816597944,0.523650975889782
19,priority_fixed_quota,0.5,baseline,513,194,130,257,65.1588235294118,0.25353627832456,0.501221719457014
19,all_eligible,0.5,property_only,1270,518,242,635,146,0.22992125984252,0.603305785123967
19,priority_pool,0.5,property_only,513,194,130,257,88.2727272727273,0.343473646975592,0.679020979020979
19,priority_fixed_quota,0.5,property_only,513,194,130,257,88.3636363636363,0.343827378846834,0.67972027972028
19,all_eligible,0.5,full,1270,518,242,635,190,0.299212598425197,0.785123966942149
19,priority_pool,0.5,full,513,194,130,257,96,0.373540856031128,0.738461538461539
19,priority_fixed_quota,0.5,full,513,194,130,257,97,0.377431906614786,0.746153846153846
20,all_eligible,0.1,baseline,1358,518,358,136,39.5348837209302,0.290697674418605,0.110432636091984
20,priority_pool,0.1,baseline,591,188,195,60,17.4418604651163,0.290697674418605,0.0894454382826477
20,priority_fixed_quota,0.1,baseline,591,188,195,60,19.9059561128527,0.331765935214211,0.102081826219757
20,all_eligible,0.1,property_only,1358,518,358,136,51,0.375,0.142458100558659
20,priority_pool,0.1,property_only,591,188,195,60,24,0.4,0.123076923076923
20,priority_fixed_quota,0.1,property_only,591,188,195,60,25,0.416666666666667,0.128205128205128
20,all_eligible,0.1,full,1358,518,358,136,81,0.595588235294118,0.226256983240223
20,priority_pool,0.1,full,591,188,195,60,40,0.666666666666667,0.205128205128205
20,priority_fixed_quota,0.1,full,591,188,195,60,43,0.716666666666667,0.220512820512821
20,all_eligible,0.25,baseline,1358,518,358,340,98.8372093023257,0.290697674418605,0.27608159022996
20,priority_pool,0.25,baseline,591,188,195,148,43.0232558139535,0.290697674418605,0.220632081097198
20,priority_fixed_quota,0.25,baseline,591,188,195,149,49.076383319968,0.329371700134013,0.251673760615221
20,all_eligible,0.25,property_only,1358,518,358,340,89.3333333333334,0.262745098039216,0.249534450651769
20,priority_pool,0.25,property_only,591,188,195,148,51.5714285714286,0.348455598455598,0.264468864468864
20,priority_fixed_quota,0.25,property_only,591,188,195,149,63.2797619047619,0.424696388622563,0.324511599511599
20,all_eligible,0.25,full,1358,518,358,340,150,0.441176470588235,0.418994413407821
20,priority_pool,0.25,full,591,188,195,148,81,0.547297297297297,0.415384615384615
20,priority_fixed_quota,0.25,full,591,188,195,149,82,0.550335570469799,0.420512820512821
20,all_eligible,0.5,baseline,1358,518,358,679,215.568389057751,0.317479218052652,0.602146338150142
20,priority_pool,0.5,baseline,591,188,195,296,86.0465116279071,0.290697674418605,0.441264162194395
20,priority_fixed_quota,0.5,baseline,591,188,195,296,97.6206896551724,0.32979962721342,0.500618921308576
20,all_eligible,0.5,property_only,1358,518,358,679,186.714285714286,0.274984220492321,0.521548284118117
20,priority_pool,0.5,property_only,591,188,195,296,77.7333333333333,0.262612612612613,0.398632478632479
20,priority_fixed_quota,0.5,property_only,591,188,195,296,92.7777777777778,0.313438438438438,0.475783475783476
20,all_eligible,0.5,full,1358,518,358,679,239,0.351988217967599,0.667597765363129
20,priority_pool,0.5,full,591,188,195,296,113,0.381756756756757,0.57948717948718
20,priority_fixed_quota,0.5,full,591,188,195,296,108,0.364864864864865,0.553846153846154
21,all_eligible,0.1,baseline,1114,518,292,112,34.9260450160772,0.311839687643546,0.119609743205744
21,priority_pool,0.1,baseline,401,173,141,41,11.3538461538462,0.276923076923077,0.0805237315875613
21,priority_fixed_quota,0.1,baseline,401,173,141,42,14.7825772940886,0.351966126049728,0.10484097371694
21,all_eligible,0.1,property_only,1114,518,292,112,35.5,0.316964285714286,0.121575342465753
21,priority_pool,0.1,property_only,401,173,141,41,12,0.292682926829268,0.0851063829787234
21,priority_fixed_quota,0.1,property_only,401,173,141,42,14.5,0.345238095238095,0.102836879432624
21,all_eligible,0.1,full,1114,518,292,112,68,0.607142857142857,0.232876712328767
21,priority_pool,0.1,full,401,173,141,41,27,0.658536585365854,0.191489361702128
21,priority_fixed_quota,0.1,full,401,173,141,42,32,0.761904761904762,0.226950354609929
21,all_eligible,0.25,baseline,1114,518,292,279,95.0675241157554,0.340743814034966,0.32557371272519
21,priority_pool,0.25,baseline,401,173,141,101,30.9646302250805,0.306580497278024,0.219607306560854
21,priority_fixed_quota,0.25,baseline,401,173,141,102,35.8777244620332,0.3517423966866,0.254451946539242
21,all_eligible,0.25,property_only,1114,518,292,279,105.666666666667,0.378733572281959,0.361872146118721
21,priority_pool,0.25,property_only,401,173,141,101,29,0.287128712871287,0.205673758865248
21,priority_fixed_quota,0.25,property_only,401,173,141,102,37.8947368421053,0.371517027863777,0.268756998880179
21,all_eligible,0.25,full,1114,518,292,279,152,0.544802867383513,0.520547945205479
21,priority_pool,0.25,full,401,173,141,101,62,0.613861386138614,0.439716312056738
21,priority_fixed_quota,0.25,full,401,173,141,102,66,0.647058823529412,0.468085106382979
21,all_eligible,0.5,baseline,1114,518,292,557,182.252365930599,0.327203529498383,0.624151938118491
21,priority_pool,0.5,baseline,401,173,141,201,66.9774919614149,0.333221353041865,0.475017673485212
21,priority_fixed_quota,0.5,baseline,401,173,141,202,71.0385258471433,0.351675870530412,0.503819332249243
21,all_eligible,0.5,property_only,1114,518,292,557,174.2,0.312746858168761,0.596575342465753
21,priority_pool,0.5,property_only,401,173,141,201,81.875,0.407338308457712,0.580673758865248
21,priority_fixed_quota,0.5,property_only,401,173,141,202,89.2857142857143,0.442008486562942,0.63323201621074
21,all_eligible,0.5,full,1114,518,292,557,228,0.409335727109515,0.780821917808219
21,priority_pool,0.5,full,401,173,141,201,107,0.532338308457712,0.75886524822695
21,priority_fixed_quota,0.5,full,401,173,141,202,107,0.52970297029703,0.75886524822695
22,all_eligible,0.1,baseline,1226,518,307,123,38.0459770114942,0.30931688627231,0.123928263881088
22,priority_pool,0.1,baseline,568,176,179,57,17.4489795918367,0.306122448979592,0.0974803329152889
22,priority_fixed_quota,0.1,baseline,568,176,179,58,18.2507154585973,0.314667507906849,0.101959304237974
22,all_eligible,0.1,property_only,1226,518,307,123,37.75,0.306910569105691,0.122964169381107
22,priority_pool,0.1,property_only,568,176,179,57,11.5,0.201754385964912,0.0642458100558659
22,priority_fixed_quota,0.1,property_only,568,176,179,58,20,0.344827586206897,0.111731843575419
22,all_eligible,0.1,full,1226,518,307,123,65,0.528455284552846,0.211726384364821
22,priority_pool,0.1,full,568,176,179,57,34,0.596491228070175,0.189944134078212
22,priority_fixed_quota,0.1,full,568,176,179,58,34,0.586206896551724,0.189944134078212
22,all_eligible,0.25,baseline,1226,518,307,307,97.2643678160922,0.316822045003558,0.316822045003558
22,priority_pool,0.25,baseline,568,176,179,142,44.1609195402298,0.310992391128379,0.246709047710781
22,priority_fixed_quota,0.25,baseline,568,176,179,143,45.0478067088904,0.315019627334898,0.251663724630673
22,all_eligible,0.25,property_only,1226,518,307,307,101,0.328990228013029,0.328990228013029
22,priority_pool,0.25,property_only,568,176,179,142,47,0.330985915492958,0.262569832402235
22,priority_fixed_quota,0.25,property_only,568,176,179,143,45.6666666666667,0.319347319347319,0.25512104283054
22,all_eligible,0.25,full,1226,518,307,307,125,0.407166123778502,0.407166123778502
22,priority_pool,0.25,full,568,176,179,142,74,0.52112676056338,0.41340782122905
22,priority_fixed_quota,0.25,full,568,176,179,143,76,0.531468531468532,0.424581005586592
22,all_eligible,0.5,baseline,1226,518,307,613,189,0.30831973898858,0.615635179153094
22,priority_pool,0.5,baseline,568,176,179,284,89.8620689655171,0.316415735794074,0.502022731650934
22,priority_fixed_quota,0.5,baseline,568,176,179,285,89.7894909688013,0.315050845504566,0.50161726798213
22,all_eligible,0.5,property_only,1226,518,307,613,196,0.31973898858075,0.638436482084691
22,priority_pool,0.5,property_only,568,176,179,284,100,0.352112676056338,0.558659217877095
22,priority_fixed_quota,0.5,property_only,568,176,179,285,99.4,0.348771929824561,0.555307262569832
22,all_eligible,0.5,full,1226,518,307,613,197,0.32137030995106,0.641693811074919
22,priority_pool,0.5,full,568,176,179,284,113,0.397887323943662,0.631284916201117
22,priority_fixed_quota,0.5,full,568,176,179,285,116,0.407017543859649,0.64804469273743
23,all_eligible,0.1,baseline,1106,518,312,111,44.4309859154929,0.400279152391828,0.1424070061394
23,priority_pool,0.1,baseline,467,183,166,47,19.5833333333333,0.416666666666667,0.117971887550201
23,priority_fixed_quota,0.1,baseline,467,183,166,48,17.074647887324,0.355721830985916,0.102859324622433
23,all_eligible,0.1,property_only,1106,518,312,111,33,0.297297297297297,0.105769230769231
23,priority_pool,0.1,property_only,467,183,166,47,14.1818181818182,0.30174081237911,0.0854326396495071
23,priority_fixed_quota,0.1,property_only,467,183,166,48,17,0.354166666666667,0.102409638554217
23,all_eligible,0.1,full,1106,518,312,111,45,0.405405405405405,0.144230769230769
23,priority_pool,0.1,full,467,183,166,47,18,0.382978723404255,0.108433734939759
23,priority_fixed_quota,0.1,full,467,183,166,48,19,0.395833333333333,0.114457831325301
23,all_eligible,0.25,baseline,1106,518,312,277,102.414084507042,0.369725936848528,0.328250270855905
23,priority_pool,0.25,baseline,467,183,166,117,46.5267605633803,0.397664620199832,0.280281690140845
23,priority_fixed_quota,0.25,baseline,467,183,166,117,41.5873239436619,0.355447213193691,0.250526047853385
23,all_eligible,0.25,property_only,1106,518,312,277,91.45,0.33014440433213,0.293108974358974
23,priority_pool,0.25,property_only,467,183,166,117,41.8,0.357264957264957,0.251807228915663
23,priority_fixed_quota,0.25,property_only,467,183,166,117,39.4722222222222,0.337369420702754,0.237784471218206
23,all_eligible,0.25,full,1106,518,312,277,116,0.418772563176895,0.371794871794872
23,priority_pool,0.25,full,467,183,166,117,55,0.47008547008547,0.331325301204819
23,priority_fixed_quota,0.25,full,467,183,166,117,53,0.452991452991453,0.319277108433735
23,all_eligible,0.5,baseline,1106,518,312,553,188.180995475113,0.340291131058071,0.603144216266388
23,priority_pool,0.5,baseline,467,183,166,234,87.394366197183,0.373480197423859,0.526472085525199
23,priority_fixed_quota,0.5,baseline,467,183,166,234,83.1746478873238,0.355447213193691,0.50105209570677
23,all_eligible,0.5,property_only,1106,518,312,553,184,0.332730560578662,0.58974358974359
23,priority_pool,0.5,property_only,467,183,166,234,82.75,0.353632478632479,0.498493975903615
23,priority_fixed_quota,0.5,property_only,467,183,166,234,74.3333333333333,0.317663817663818,0.447791164658635
23,all_eligible,0.5,full,1106,518,312,553,203,0.367088607594937,0.650641025641026
23,priority_pool,0.5,full,467,183,166,234,96,0.41025641025641,0.578313253012048
23,priority_fixed_quota,0.5,full,467,183,166,234,98,0.418803418803419,0.590361445783133
24,all_eligible,0.1,baseline,1161,518,369,117,54.805896805897,0.46842646842647,0.148525465598637
24,priority_pool,0.1,baseline,552,180,232,56,26.2956521739131,0.469565217391305,0.113343328335832
24,priority_fixed_quota,0.1,baseline,552,180,232,56,23.5556671295801,0.420636913028216,0.101533047972328
24,all_eligible,0.1,property_only,1161,518,369,117,40.8,0.348717948717949,0.110569105691057
24,priority_pool,0.1,property_only,552,180,232,56,22.4615384615385,0.401098901098901,0.0968169761273209
24,priority_fixed_quota,0.1,property_only,552,180,232,56,24.3076923076923,0.434065934065934,0.104774535809019
24,all_eligible,0.1,full,1161,518,369,117,74,0.632478632478633,0.200542005420054
24,priority_pool,0.1,full,552,180,232,56,40,0.714285714285714,0.172413793103448
24,priority_fixed_quota,0.1,full,552,180,232,56,39,0.696428571428571,0.168103448275862
24,all_eligible,0.25,baseline,1161,518,369,291,124.918918918919,0.429274635460203,0.338533655606827
24,priority_pool,0.25,baseline,552,180,232,138,63.2678132678132,0.458462414984154,0.272706091671609
24,priority_fixed_quota,0.25,baseline,552,180,232,139,58.4514617384181,0.420514113226029,0.251945955769044
24,all_eligible,0.25,property_only,1161,518,369,291,120.333333333333,0.413516609392898,0.326106594399277
24,priority_pool,0.25,property_only,552,180,232,138,64.3333333333333,0.466183574879227,0.277298850574713
24,priority_fixed_quota,0.25,property_only,552,180,232,139,57.6406926406926,0.414681242019371,0.248451261382296
24,all_eligible,0.25,full,1161,518,369,291,161,0.553264604810997,0.436314363143631
24,priority_pool,0.25,full,552,180,232,138,90,0.652173913043478,0.387931034482759
24,priority_fixed_quota,0.25,full,552,180,232,139,92,0.661870503597122,0.396551724137931
24,all_eligible,0.5,baseline,1161,518,369,581,232.573705179283,0.400298976212191,0.630281043846295
24,priority_pool,0.5,baseline,552,180,232,276,118.874692874693,0.430705408966278,0.51239091756333
24,priority_fixed_quota,0.5,baseline,552,180,232,277,116.43625681017,0.420347497509637,0.501880417285214
24,all_eligible,0.5,property_only,1161,518,369,581,229,0.394148020654045,0.62059620596206
24,priority_pool,0.5,property_only,552,180,232,276,126.521739130435,0.458412098298677,0.545352323838081
24,priority_fixed_quota,0.5,property_only,552,180,232,277,119.544871794872,0.431569934277516,0.515279619805482
24,all_eligible,0.5,full,1161,518,369,581,265,0.456110154905336,0.718157181571816
24,priority_pool,0.5,full,552,180,232,276,155,0.561594202898551,0.668103448275862
24,priority_fixed_quota,0.5,full,552,180,232,277,154,0.555956678700361,0.663793103448276
25,all_eligible,0.1,baseline,1231,518,316,124,43.722371967655,0.352599773932702,0.138361936606503
25,priority_pool,0.1,baseline,485,182,159,49,17.9666666666667,0.366666666666667,0.112997903563941
25,priority_fixed_quota,0.1,baseline,485,182,159,50,16.4088274932615,0.328176549865229,0.103200172913594
25,all_eligible,0.1,property_only,1231,518,316,124,38.5,0.310483870967742,0.121835443037975
25,priority_pool,0.1,property_only,485,182,159,49,17.5454545454545,0.358070500927644,0.110348770726129
25,priority_fixed_quota,0.1,property_only,485,182,159,50,19.5714285714286,0.391428571428571,0.123090745732255
25,all_eligible,0.1,full,1231,518,316,124,51,0.411290322580645,0.161392405063291
25,priority_pool,0.1,full,485,182,159,49,23,0.469387755102041,0.144654088050314
25,priority_fixed_quota,0.1,full,485,182,159,50,22,0.44,0.138364779874214
25,all_eligible,0.25,baseline,1231,518,316,308,101.749326145552,0.330354955018027,0.321991538435293
25,priority_pool,0.25,baseline,485,182,159,122,43.0916442048517,0.353210198400424,0.271016630219193
25,priority_fixed_quota,0.25,baseline,485,182,159,122,40.0121743036837,0.327968641833473,0.251648894991722
25,all_eligible,0.25,property_only,1231,518,316,308,99,0.321428571428571,0.313291139240506
25,priority_pool,0.25,property_only,485,182,159,122,41.7142857142857,0.34192037470726,0.262353998203055
25,priority_fixed_quota,0.25,property_only,485,182,159,122,43.25,0.354508196721311,0.272012578616352
25,all_eligible,0.25,full,1231,518,316,308,129,0.418831168831169,0.408227848101266
25,priority_pool,0.25,full,485,182,159,122,54,0.442622950819672,0.339622641509434
25,priority_fixed_quota,0.25,full,485,182,159,122,55,0.450819672131148,0.345911949685535
25,all_eligible,0.5,baseline,1231,518,316,616,191.8,0.311363636363637,0.606962025316457
25,priority_pool,0.5,baseline,485,182,159,243,81.2506738544475,0.334364912981265,0.511010527386462
25,priority_fixed_quota,0.5,baseline,485,182,159,243,79.6576819407008,0.327809390702473,0.500991710318873
25,all_eligible,0.5,property_only,1231,518,316,616,191,0.310064935064935,0.604430379746836
25,priority_pool,0.5,property_only,485,182,159,243,81.2727272727273,0.334455667789001,0.51114922813036
25,priority_fixed_quota,0.5,property_only,485,182,159,243,77.6764705882353,0.319656257564754,0.488531261561228
25,all_eligible,0.5,full,1231,518,316,616,217,0.352272727272727,0.686708860759494
25,priority_pool,0.5,full,485,182,159,243,97,0.39917695473251,0.610062893081761
25,priority_fixed_quota,0.5,full,485,182,159,243,97,0.39917695473251,0.610062893081761
26,all_eligible,0.1,baseline,1179,518,322,118,36.688654353562,0.310920799606458,0.113939920352677
26,priority_pool,0.1,baseline,524,192,173,53,16.4159292035398,0.309734513274336,0.0948897641823111
26,priority_fixed_quota,0.1,baseline,524,192,173,54,17.8005872463632,0.329640504562282,0.102893567898053
26,all_eligible,0.1,property_only,1179,518,322,118,42.3333333333333,0.358757062146893,0.131469979296066
26,priority_pool,0.1,property_only,524,192,173,53,12.6,0.237735849056604,0.0728323699421965
26,priority_fixed_quota,0.1,property_only,524,192,173,54,19.6666666666667,0.364197530864198,0.113680154142582
26,all_eligible,0.1,full,1179,518,322,118,48,0.406779661016949,0.149068322981366
26,priority_pool,0.1,full,524,192,173,53,26,0.490566037735849,0.15028901734104
26,priority_fixed_quota,0.1,full,524,192,173,54,23,0.425925925925926,0.132947976878613
26,all_eligible,0.25,baseline,1179,518,322,295,96.467018469657,0.327006842270024,0.299587013880922
26,priority_pool,0.25,baseline,524,192,173,131,41.0791556728233,0.313581341013918,0.237451766894932
26,priority_fixed_quota,0.25,baseline,524,192,173,132,43.566733602634,0.330051012141167,0.251830830073029
26,all_eligible,0.25,property_only,1179,518,322,295,91.9285714285714,0.311622276029056,0.285492457852706
26,priority_pool,0.25,property_only,524,192,173,131,48,0.366412213740458,0.277456647398844
26,priority_fixed_quota,0.25,property_only,524,192,173,132,42.4705882352941,0.32174688057041,0.245494729683781
26,all_eligible,0.25,full,1179,518,322,295,130,0.440677966101695,0.403726708074534
26,priority_pool,0.25,full,524,192,173,131,52,0.396946564885496,0.300578034682081
26,priority_fixed_quota,0.25,full,524,192,173,132,56,0.424242424242424,0.323699421965318
26,all_eligible,0.5,baseline,1179,518,322,590,183.725631768953,0.311399375879582,0.570576496176873
26,priority_pool,0.5,baseline,524,192,173,262,85.3218997361475,0.325656105863158,0.493190171885246
26,priority_fixed_quota,0.5,baseline,524,192,173,263,86.8237326919936,0.330128261186287,0.501871287236957
26,all_eligible,0.5,property_only,1179,518,322,590,192.285714285714,0.32590799031477,0.597160603371783
26,priority_pool,0.5,property_only,524,192,173,262,85.4444444444445,0.326123833757422,0.493898522800257
26,priority_fixed_quota,0.5,property_only,524,192,173,263,83.4625,0.317347908745247,0.482442196531792
26,all_eligible,0.5,full,1179,518,322,590,212,0.359322033898305,0.658385093167702
26,priority_pool,0.5,full,524,192,173,262,103,0.393129770992366,0.595375722543353
26,priority_fixed_quota,0.5,full,524,192,173,263,100,0.380228136882129,0.578034682080925
27,all_eligible,0.1,baseline,1227,518,263,123,37.6347607052897,0.305973664270648,0.143097949449771
27,priority_pool,0.1,baseline,528,197,134,53,16.9805825242718,0.320388349514563,0.126720765106506
27,priority_fixed_quota,0.1,baseline,528,197,134,54,13.7580789695252,0.254779240176393,0.10267223111586
27,all_eligible,0.1,property_only,1227,518,263,123,45.5714285714286,0.370499419279907,0.173275393807713
27,priority_pool,0.1,property_only,528,197,134,53,23,0.433962264150943,0.171641791044776
27,priority_fixed_quota,0.1,property_only,528,197,134,54,23.6666666666667,0.438271604938272,0.176616915422886
27,all_eligible,0.1,full,1227,518,263,123,43,0.349593495934959,0.163498098859316
27,priority_pool,0.1,full,528,197,134,53,22,0.415094339622642,0.164179104477612
27,priority_fixed_quota,0.1,full,528,197,134,54,24,0.444444444444444,0.17910447761194
27,all_eligible,0.25,baseline,1227,518,263,307,80.2745591939546,0.261480648840243,0.305226460813516
27,priority_pool,0.25,baseline,528,197,134,132,39.7204030226701,0.300912144111137,0.296420918079627
27,priority_fixed_quota,0.25,baseline,528,197,134,133,33.753900613827,0.253788726419752,0.251894780700201
27,all_eligible,0.25,property_only,1227,518,263,307,85.7692307692308,0.279378601854172,0.32611874817198
27,priority_pool,0.25,property_only,528,197,134,132,48.4285714285714,0.366883116883117,0.361407249466951
27,priority_fixed_quota,0.25,property_only,528,197,134,133,46.8,0.35187969924812,0.349253731343284
27,all_eligible,0.25,full,1227,518,263,307,105,0.342019543973941,0.399239543726236
27,priority_pool,0.25,full,528,197,134,132,42,0.318181818181818,0.313432835820896
27,priority_fixed_quota,0.25,full,528,197,134,133,43,0.323308270676692,0.32089552238806
27,all_eligible,0.5,baseline,1227,518,263,614,153.673202614379,0.2502820889485,0.584308755187753
27,priority_pool,0.5,baseline,528,197,134,264,70.3098236775818,0.26632508968781,0.524700176698372
27,priority_fixed_quota,0.5,baseline,528,197,134,265,67.2760631923895,0.253871936575055,0.502060173077534
27,all_eligible,0.5,property_only,1227,518,263,614,157,0.255700325732899,0.596958174904943
27,priority_pool,0.5,property_only,528,197,134,264,80.5384615384616,0.30506993006993,0.601033295063146
27,priority_fixed_quota,0.5,property_only,528,197,134,265,78.25,0.295283018867925,0.583955223880597
27,all_eligible,0.5,full,1227,518,263,614,181,0.294788273615635,0.688212927756654
27,priority_pool,0.5,full,528,197,134,264,83,0.314393939393939,0.619402985074627
27,priority_fixed_quota,0.5,full,528,197,134,265,86,0.324528301886792,0.641791044776119
28,all_eligible,0.1,baseline,1117,518,290,112,35.2164948453608,0.314432989690721,0.121436189121934
28,priority_pool,0.1,baseline,511,197,180,52,16.3505154639175,0.314432989690721,0.0908361970217639
28,priority_fixed_quota,0.1,baseline,511,197,180,52,18.2894017494533,0.351719264412563,0.101607787496963
28,all_eligible,0.1,property_only,1117,518,290,112,54,0.482142857142857,0.186206896551724
28,priority_pool,0.1,property_only,511,197,180,52,26.5,0.509615384615385,0.147222222222222
28,priority_fixed_quota,0.1,property_only,511,197,180,52,28.5,0.548076923076923,0.158333333333333
28,all_eligible,0.1,full,1117,518,290,112,59,0.526785714285714,0.203448275862069
28,priority_pool,0.1,full,511,197,180,52,37,0.711538461538462,0.205555555555556
28,priority_fixed_quota,0.1,full,511,197,180,52,35,0.673076923076923,0.194444444444444
28,all_eligible,0.25,baseline,1117,518,290,280,88.0412371134021,0.314432989690722,0.303590472804835
28,priority_pool,0.25,baseline,511,197,180,128,40.2474226804123,0.314432989690721,0.223596792668957
28,priority_fixed_quota,0.25,baseline,511,197,180,128,45.1287878787879,0.35256865530303,0.250715488215488
28,all_eligible,0.25,property_only,1117,518,290,280,102.25,0.365178571428571,0.352586206896552
28,priority_pool,0.25,property_only,511,197,180,128,66.3333333333334,0.518229166666667,0.368518518518519
28,priority_fixed_quota,0.25,property_only,511,197,180,128,60.5666666666667,0.473177083333333,0.336481481481481
28,all_eligible,0.25,full,1117,518,290,280,132,0.471428571428571,0.455172413793104
28,priority_pool,0.25,full,511,197,180,128,69,0.5390625,0.383333333333333
28,priority_fixed_quota,0.25,full,511,197,180,128,68,0.53125,0.377777777777778
28,all_eligible,0.5,baseline,1117,518,290,559,189.564575645757,0.339113731029976,0.653670950502609
28,priority_pool,0.5,baseline,511,197,180,256,80.4948453608246,0.314432989690721,0.447193585337914
28,priority_fixed_quota,0.5,baseline,511,197,180,256,90.2575757575758,0.35256865530303,0.501430976430977
28,all_eligible,0.5,property_only,1117,518,290,559,181,0.323792486583184,0.624137931034483
28,priority_pool,0.5,property_only,511,197,180,256,98.2631578947368,0.383840460526316,0.545906432748538
28,priority_fixed_quota,0.5,property_only,511,197,180,256,114.05701754386,0.445535224780702,0.633650097465887
28,all_eligible,0.5,full,1117,518,290,559,220,0.393559928443649,0.758620689655172
28,priority_pool,0.5,full,511,197,180,256,128,0.5,0.711111111111111
28,priority_fixed_quota,0.5,full,511,197,180,256,126,0.4921875,0.7
29,all_eligible,0.1,baseline,1156,518,226,116,27.8337595907928,0.239946203368904,0.123158228277844
29,priority_pool,0.1,baseline,518,180,122,52,12.5894736842105,0.242105263157895,0.103192407247627
29,priority_fixed_quota,0.1,baseline,518,180,122,54,12.7532137568987,0.236170625127753,0.104534538990973
29,all_eligible,0.1,property_only,1156,518,226,116,29,0.25,0.128318584070796
29,priority_pool,0.1,property_only,518,180,122,52,13.5,0.259615384615385,0.110655737704918
29,priority_fixed_quota,0.1,property_only,518,180,122,54,15.0833333333333,0.279320987654321,0.123633879781421
29,all_eligible,0.1,full,1156,518,226,116,18,0.155172413793103,0.079646017699115
29,priority_pool,0.1,full,518,180,122,52,13,0.25,0.10655737704918
29,priority_fixed_quota,0.1,full,518,180,122,54,12,0.222222222222222,0.0983606557377049
29,all_eligible,0.25,baseline,1156,518,226,289,67.6547314578004,0.234099416808998,0.299357218839825
29,priority_pool,0.25,baseline,518,180,122,130,31.0562659846548,0.238894353728114,0.254559557251269
29,priority_fixed_quota,0.25,baseline,518,180,122,130,30.6180710728228,0.235523623637098,0.250967795678875
29,all_eligible,0.25,property_only,1156,518,226,289,69.25,0.23961937716263,0.30641592920354
29,priority_pool,0.25,property_only,518,180,122,130,34,0.261538461538462,0.278688524590164
29,priority_fixed_quota,0.25,property_only,518,180,122,130,36.3823529411765,0.279864253393665,0.298216007714561
29,all_eligible,0.25,full,1156,518,226,289,67,0.231833910034602,0.29646017699115
29,priority_pool,0.25,full,518,180,122,130,24,0.184615384615385,0.19672131147541
29,priority_fixed_quota,0.25,full,518,180,122,130,27,0.207692307692308,0.221311475409836
29,all_eligible,0.5,baseline,1156,518,226,578,133.698113207547,0.231311614545929,0.59158457171481
29,priority_pool,0.5,baseline,518,180,122,259,60.7493606138107,0.234553515883439,0.497945578801727
29,priority_fixed_quota,0.5,baseline,518,180,122,260,61.2361421456456,0.235523623637098,0.501935591357751
29,all_eligible,0.5,property_only,1156,518,226,578,135.5,0.234429065743945,0.599557522123894
29,priority_pool,0.5,property_only,518,180,122,259,61.6666666666667,0.238095238095238,0.505464480874317
29,priority_fixed_quota,0.5,property_only,518,180,122,260,65,0.25,0.532786885245902
29,all_eligible,0.5,full,1156,518,226,578,156,0.269896193771626,0.690265486725664
29,priority_pool,0.5,full,518,180,122,259,70,0.27027027027027,0.573770491803279
29,priority_fixed_quota,0.5,full,518,180,122,260,68,0.261538461538462,0.557377049180328
30,all_eligible,0.1,baseline,1100,518,287,110,35.3861671469741,0.321692428608856,0.123296749641025
30,priority_pool,0.1,baseline,483,187,177,49,15.7339449541285,0.321100917431193,0.0888923443736071
30,priority_fixed_quota,0.1,baseline,483,187,177,49,17.9368491247243,0.366058145402536,0.10133813064816
30,all_eligible,0.1,property_only,1100,518,287,110,33.2,0.301818181818182,0.115679442508711
30,priority_pool,0.1,property_only,483,187,177,49,12,0.244897959183673,0.0677966101694915
30,priority_fixed_quota,0.1,property_only,483,187,177,49,19,0.387755102040816,0.107344632768362
30,all_eligible,0.1,full,1100,518,287,110,69,0.627272727272727,0.240418118466899
30,priority_pool,0.1,full,483,187,177,49,32,0.653061224489796,0.180790960451977
30,priority_fixed_quota,0.1,full,483,187,177,49,36,0.73469387755102,0.203389830508475
30,all_eligible,0.25,baseline,1100,518,287,275,99.1037463976948,0.360377259627981,0.345309220897891
30,priority_pool,0.25,baseline,483,187,177,121,39.6340057636889,0.327553766642057,0.223920936518016
30,priority_fixed_quota,0.25,baseline,483,187,177,122,44.6614415488908,0.366077389745007,0.252324528524807
30,all_eligible,0.25,property_only,1100,518,287,275,108.25,0.393636363636364,0.377177700348432
30,priority_pool,0.25,property_only,483,187,177,121,38.5,0.318181818181818,0.217514124293785
30,priority_fixed_quota,0.25,property_only,483,187,177,122,50.4,0.413114754098361,0.284745762711864
30,all_eligible,0.25,full,1100,518,287,275,151,0.549090909090909,0.526132404181185
30,priority_pool,0.25,full,483,187,177,121,76,0.628099173553719,0.429378531073446
30,priority_fixed_quota,0.25,full,483,187,177,122,77,0.631147540983607,0.435028248587571
30,all_eligible,0.5,baseline,1100,518,287,550,191.170212765958,0.347582205029014,0.66609830232041
30,priority_pool,0.5,baseline,483,187,177,242,86.3602305475507,0.356860456808061,0.487910907048309
30,priority_fixed_quota,0.5,baseline,483,187,177,243,89.0017821803505,0.366262478108438,0.502834927572602
30,all_eligible,0.5,property_only,1100,518,287,550,185.8,0.337818181818182,0.647386759581882
30,priority_pool,0.5,property_only,483,187,177,242,96.85,0.400206611570248,0.547175141242938
30,priority_fixed_quota,0.5,property_only,483,187,177,243,96.8347826086956,0.39849704777241,0.547089167280766
30,all_eligible,0.5,full,1100,518,287,550,238,0.432727272727273,0.829268292682927
30,priority_pool,0.5,full,483,187,177,242,126,0.520661157024794,0.711864406779661
30,priority_fixed_quota,0.5,full,483,187,177,243,128,0.526748971193416,0.72316384180791
31,all_eligible,0.1,baseline,1391,518,388,140,47.7325102880657,0.340946502057612,0.123021933732128
31,priority_pool,0.1,baseline,618,194,226,62,20.4716981132076,0.330188679245283,0.0905827350141927
31,priority_fixed_quota,0.1,baseline,618,194,226,63,23.0203312488427,0.365402083314964,0.10185987278249
31,all_eligible,0.1,property_only,1391,518,388,140,45.5,0.325,0.117268041237113
31,priority_pool,0.1,property_only,618,194,226,62,17,0.274193548387097,0.0752212389380531
31,priority_fixed_quota,0.1,property_only,618,194,226,63,26.5,0.420634920634921,0.117256637168142
31,all_eligible,0.1,full,1391,518,388,140,49,0.35,0.126288659793814
31,priority_pool,0.1,full,618,194,226,62,29,0.467741935483871,0.128318584070796
31,priority_fixed_quota,0.1,full,618,194,226,63,29.5,0.468253968253968,0.130530973451327
31,all_eligible,0.25,baseline,1391,518,388,348,125.625514403292,0.360992857480723,0.323777098977556
31,priority_pool,0.25,baseline,618,194,226,155,53.3497942386831,0.34419222089473,0.23606103645435
31,priority_fixed_quota,0.25,baseline,618,194,226,156,57.0254140610537,0.365547526032396,0.252324840978114
31,all_eligible,0.25,property_only,1391,518,388,348,136.428571428571,0.392036124794745,0.351620029455081
31,priority_pool,0.25,property_only,618,194,226,155,57.1818181818182,0.36891495601173,0.253016894609815
31,priority_fixed_quota,0.25,property_only,618,194,226,156,65.0454545454545,0.416958041958042,0.287811745776347
31,all_eligible,0.25,full,1391,518,388,348,138,0.396551724137931,0.355670103092784
31,priority_pool,0.25,full,618,194,226,155,67,0.432258064516129,0.29646017699115
31,priority_fixed_quota,0.25,full,618,194,226,156,69,0.442307692307692,0.305309734513274
31,all_eligible,0.5,baseline,1391,518,388,696,239.794666666667,0.344532567049808,0.618027491408935
31,priority_pool,0.5,baseline,618,194,226,309,111.020576131687,0.35928989039381,0.491241487308351
31,priority_fixed_quota,0.5,baseline,618,194,226,309,113,0.365695792880259,0.5
31,all_eligible,0.5,property_only,1391,518,388,696,264.65,0.380244252873563,0.68208762886598
31,priority_pool,0.5,property_only,618,194,226,309,131.357142857143,0.425104022191401,0.581226295828066
31,priority_fixed_quota,0.5,property_only,618,194,226,309,135.6,0.438834951456311,0.6
31,all_eligible,0.5,full,1391,518,388,696,278,0.399425287356322,0.716494845360825
31,priority_pool,0.5,full,618,194,226,309,141,0.456310679611651,0.623893805309734
31,priority_fixed_quota,0.5,full,618,194,226,309,140,0.453074433656958,0.619469026548673
32,all_eligible,0.1,baseline,1234,518,332,124,40.5670103092784,0.327153308945793,0.122189790088188
32,priority_pool,0.1,baseline,498,172,187,50,14.2474226804123,0.284948453608247,0.0761894260984617
32,priority_fixed_quota,0.1,baseline,498,172,187,51,19.1007851834092,0.374525199674691,0.102143236274916
32,all_eligible,0.1,property_only,1234,518,332,124,60.625,0.488911290322581,0.182605421686747
32,priority_pool,0.1,property_only,498,172,187,50,21,0.42,0.112299465240642
32,priority_fixed_quota,0.1,property_only,498,172,187,51,21,0.411764705882353,0.112299465240642
32,all_eligible,0.1,full,1234,518,332,124,97,0.782258064516129,0.292168674698795
32,priority_pool,0.1,full,498,172,187,50,40,0.8,0.213903743315508
32,priority_fixed_quota,0.1,full,498,172,187,51,40,0.784313725490196,0.213903743315508
32,all_eligible,0.25,baseline,1234,518,332,309,106.365979381443,0.344226470490107,0.320379455968202
32,priority_pool,0.25,baseline,498,172,187,125,40.9226804123712,0.32738144329897,0.218837863167761
32,priority_fixed_quota,0.25,baseline,498,172,187,125,47.0058139534883,0.376046511627907,0.251367989056087
32,all_eligible,0.25,property_only,1234,518,332,309,143.344827586207,0.463899118401964,0.431761528874117
32,priority_pool,0.25,property_only,498,172,187,125,61.375,0.491,0.328208556149733
32,priority_fixed_quota,0.25,property_only,498,172,187,125,60.5568181818182,0.484454545454546,0.323833252309188
32,all_eligible,0.25,full,1234,518,332,309,183,0.592233009708738,0.551204819277108
32,priority_pool,0.25,full,498,172,187,125,97,0.776,0.518716577540107
32,priority_fixed_quota,0.25,full,498,172,187,125,95,0.76,0.508021390374332
32,all_eligible,0.5,baseline,1234,518,332,617,218.320945945946,0.353842700074467,0.657593210680561
32,priority_pool,0.5,baseline,498,172,187,249,85.0257731958762,0.341468968658137,0.454683279122332
32,priority_fixed_quota,0.5,baseline,498,172,187,249,93.5,0.375502008032129,0.5
32,all_eligible,0.5,property_only,1234,518,332,617,212.5,0.344408427876823,0.640060240963855
32,priority_pool,0.5,property_only,498,172,187,249,129.535714285714,0.520223752151463,0.69270435446906
32,priority_fixed_quota,0.5,property_only,498,172,187,249,129.457142857143,0.519908204245554,0.692284186401833
32,all_eligible,0.5,full,1234,518,332,617,267,0.432739059967585,0.80421686746988
32,priority_pool,0.5,full,498,172,187,249,151,0.606425702811245,0.807486631016043
32,priority_fixed_quota,0.5,full,498,172,187,249,151,0.606425702811245,0.807486631016043
33,all_eligible,0.1,baseline,1174,518,269,118,34.4038461538461,0.291558018252933,0.127895338861882
33,priority_pool,0.1,baseline,465,195,140,47,13.6231884057971,0.289855072463768,0.0973084886128365
33,priority_fixed_quota,0.1,baseline,465,195,140,48,14.53035913362,0.30271581528375,0.103788279525857
33,all_eligible,0.1,property_only,1174,518,269,118,42,0.355932203389831,0.156133828996283
33,priority_pool,0.1,property_only,465,195,140,47,18,0.382978723404255,0.128571428571429
33,priority_fixed_quota,0.1,property_only,465,195,140,48,19.5,0.40625,0.139285714285714
33,all_eligible,0.1,full,1174,518,269,118,49,0.415254237288136,0.182156133828996
33,priority_pool,0.1,full,465,195,140,47,23,0.48936170212766,0.164285714285714
33,priority_fixed_quota,0.1,full,465,195,140,48,24,0.5,0.171428571428571
33,all_eligible,0.25,baseline,1174,518,269,294,86.1401098901099,0.292993571054796,0.320223456840557
33,priority_pool,0.25,baseline,465,195,140,117,34.1098901098901,0.291537522306753,0.243642072213501
33,priority_fixed_quota,0.25,baseline,465,195,140,117,35.2173913043478,0.301003344481605,0.251552795031056
33,all_eligible,0.25,property_only,1174,518,269,294,91,0.30952380952381,0.338289962825279
33,priority_pool,0.25,property_only,465,195,140,117,42,0.358974358974359,0.3
33,priority_fixed_quota,0.25,property_only,465,195,140,117,44.9230769230769,0.383957922419461,0.320879120879121
33,all_eligible,0.25,full,1174,518,269,294,101,0.343537414965986,0.37546468401487
33,priority_pool,0.25,full,465,195,140,117,48,0.41025641025641,0.342857142857143
33,priority_fixed_quota,0.25,full,465,195,140,117,51,0.435897435897436,0.364285714285714
33,all_eligible,0.5,baseline,1174,518,269,587,163.814814814815,0.279071234778219,0.608977006746523
33,priority_pool,0.5,baseline,465,195,140,233,68.2087912087912,0.292741593170778,0.487205651491366
33,priority_fixed_quota,0.5,baseline,465,195,140,233,70.1449275362319,0.301051191142626,0.501035196687371
33,all_eligible,0.5,property_only,1174,518,269,587,169.2,0.28824531516184,0.628996282527881
33,priority_pool,0.5,property_only,465,195,140,233,72.7,0.312017167381974,0.519285714285715
33,priority_fixed_quota,0.5,property_only,465,195,140,233,78.2,0.335622317596567,0.558571428571429
33,all_eligible,0.5,full,1174,518,269,587,194,0.330494037478705,0.721189591078067
33,priority_pool,0.5,full,465,195,140,233,81,0.347639484978541,0.578571428571429
33,priority_fixed_quota,0.5,full,465,195,140,233,84,0.360515021459227,0.6
34,all_eligible,0.1,baseline,1427,518,388,143,43.4795918367347,0.304053089767376,0.112060803702925
34,priority_pool,0.1,baseline,618,185,217,62,20.2692307692308,0.326923076923077,0.0934065934065934
34,priority_fixed_quota,0.1,baseline,618,185,217,63,21.9961538461539,0.349145299145299,0.10136476426799
34,all_eligible,0.1,property_only,1427,518,388,143,50.5714285714286,0.353646353646354,0.130338733431517
34,priority_pool,0.1,property_only,618,185,217,62,20.7777777777778,0.335125448028674,0.0957501280081925
34,priority_fixed_quota,0.1,property_only,618,185,217,63,26.3333333333333,0.417989417989418,0.121351766513057
34,all_eligible,0.1,full,1427,518,388,143,78,0.545454545454545,0.201030927835052
34,priority_pool,0.1,full,618,185,217,62,31,0.5,0.142857142857143
34,priority_fixed_quota,0.1,full,618,185,217,63,43,0.682539682539683,0.19815668202765
34,all_eligible,0.25,baseline,1427,518,388,357,121.655102040816,0.340770593951866,0.313544077424784
34,priority_pool,0.25,baseline,618,185,217,155,47.8632653061226,0.308795260039501,0.220568042885358
34,priority_fixed_quota,0.25,baseline,618,185,217,155,54.4326530612243,0.351178406846608,0.250841719176149
34,all_eligible,0.25,property_only,1427,518,388,357,137,0.38375350140056,0.353092783505155
34,priority_pool,0.25,property_only,618,185,217,155,51.6666666666667,0.333333333333333,0.238095238095238
34,priority_fixed_quota,0.25,property_only,618,185,217,155,66.1978021978022,0.42708259482453,0.305058996303236
34,all_eligible,0.25,full,1427,518,388,357,187,0.523809523809524,0.481958762886598
34,priority_pool,0.25,full,618,185,217,155,92,0.593548387096774,0.423963133640553
34,priority_fixed_quota,0.25,full,618,185,217,155,101,0.651612903225806,0.465437788018433
34,all_eligible,0.5,baseline,1427,518,388,714,236.8,0.331652661064426,0.610309278350516
34,priority_pool,0.5,baseline,618,185,217,309,104.120408163265,0.336959249719305,0.479817549139471
34,priority_fixed_quota,0.5,baseline,618,185,217,309,108.5,0.351132686084142,0.5
34,all_eligible,0.5,property_only,1427,518,388,714,239.4,0.335294117647059,0.617010309278351
34,priority_pool,0.5,property_only,618,185,217,309,120.045454545455,0.388496616651957,0.553204859656473
34,priority_fixed_quota,0.5,property_only,618,185,217,309,119.807692307692,0.38772715957182,0.552109181141439
34,all_eligible,0.5,full,1427,518,388,714,269,0.376750700280112,0.693298969072165
34,priority_pool,0.5,full,618,185,217,309,149,0.482200647249191,0.686635944700461
34,priority_fixed_quota,0.5,full,618,185,217,309,148,0.478964401294498,0.682027649769585
35,all_eligible,0.1,baseline,1280,518,359,128,43.2700729927008,0.338047445255475,0.12052945123315
35,priority_pool,0.1,baseline,548,189,212,55,16.4501216545013,0.299093120990932,0.0775949134646286
35,priority_fixed_quota,0.1,baseline,548,189,212,57,21.9830378866875,0.385667331345395,0.103693574937205
35,all_eligible,0.1,property_only,1280,518,359,128,41.1428571428571,0.321428571428571,0.114604058893752
35,priority_pool,0.1,property_only,548,189,212,55,20.8888888888889,0.37979797979798,0.0985324947589098
35,priority_fixed_quota,0.1,property_only,548,189,212,57,19.7777777777778,0.346978557504873,0.0932914046121593
35,all_eligible,0.1,full,1280,518,359,128,65,0.5078125,0.181058495821727
35,priority_pool,0.1,full,548,189,212,55,38,0.690909090909091,0.179245283018868
35,priority_fixed_quota,0.1,full,548,189,212,57,36,0.631578947368421,0.169811320754717
35,all_eligible,0.25,baseline,1280,518,359,320,113.810218978102,0.35565693430657,0.317020108574102
35,priority_pool,0.25,baseline,548,189,212,137,46.5766423357663,0.339975491501944,0.219701143093237
35,priority_fixed_quota,0.25,baseline,548,189,212,138,53.4704205769901,0.38746681577529,0.252218964985802
35,all_eligible,0.25,property_only,1280,518,359,320,114.888888888889,0.359027777777778,0.320024760136181
35,priority_pool,0.25,property_only,548,189,212,137,57.2142857142857,0.417622523461939,0.269878706199461
35,priority_fixed_quota,0.25,property_only,548,189,212,138,62.4285714285714,0.452380952380953,0.294474393530997
35,all_eligible,0.25,full,1280,518,359,320,149,0.465625,0.415041782729805
35,priority_pool,0.25,full,548,189,212,137,76,0.554744525547445,0.358490566037736
35,priority_fixed_quota,0.25,full,548,189,212,138,77,0.557971014492754,0.363207547169811
35,all_eligible,0.5,baseline,1280,518,359,640,232.307692307693,0.36298076923077,0.647096635954576
35,priority_pool,0.5,baseline,548,189,212,274,96.9099756690999,0.353686042587956,0.457122526741037
35,priority_fixed_quota,0.5,baseline,548,189,212,275,106.436079249218,0.387040288178975,0.502056977590652
35,all_eligible,0.5,property_only,1280,518,359,640,217.2,0.339375,0.605013927576602
35,priority_pool,0.5,property_only,548,189,212,274,117.111111111111,0.427412814274128,0.552410901467505
35,priority_fixed_quota,0.5,property_only,548,189,212,275,120.559523809524,0.438398268398268,0.568676999101527
35,all_eligible,0.5,full,1280,518,359,640,253,0.3953125,0.704735376044568
35,priority_pool,0.5,full,548,189,212,274,133,0.485401459854015,0.627358490566038
35,priority_fixed_quota,0.5,full,548,189,212,275,134,0.487272727272727,0.632075471698113
36,all_eligible,0.1,baseline,1029,518,236,103,28.3928571428571,0.275658807212205,0.120308716707022
36,priority_pool,0.1,baseline,433,188,129,44,11.9565217391304,0.271739130434783,0.0926862150320189
36,priority_fixed_quota,0.1,baseline,433,188,129,45,13.3699887069452,0.297110860154338,0.103643323309653
36,all_eligible,0.1,property_only,1029,518,236,103,33.5,0.325242718446602,0.141949152542373
36,priority_pool,0.1,property_only,433,188,129,44,14.6666666666667,0.333333333333333,0.113695090439276
36,priority_fixed_quota,0.1,property_only,433,188,129,45,19.6923076923077,0.437606837606838,0.152653548002385
36,all_eligible,0.1,full,1029,518,236,103,51,0.495145631067961,0.216101694915254
36,priority_pool,0.1,full,433,188,129,44,19,0.431818181818182,0.147286821705426
36,priority_fixed_quota,0.1,full,433,188,129,45,19,0.422222222222222,0.147286821705426
36,all_eligible,0.25,baseline,1029,518,236,258,76.2012987012987,0.295353870935266,0.322886858903808
36,priority_pool,0.25,baseline,433,188,129,109,30.2435064935065,0.277463362325748,0.234445786771368
36,priority_fixed_quota,0.25,baseline,433,188,129,109,32.4545454545455,0.297748123436197,0.251585623678647
36,all_eligible,0.25,property_only,1029,518,236,258,83.1111111111111,0.32213608957795,0.352165725047081
36,priority_pool,0.25,property_only,433,188,129,109,35,0.321100917431193,0.271317829457364
36,priority_fixed_quota,0.25,property_only,433,188,129,109,45.0238095238095,0.4130624726955,0.349021779254337
36,all_eligible,0.25,full,1029,518,236,258,120,0.465116279069768,0.508474576271186
36,priority_pool,0.25,full,433,188,129,109,52,0.477064220183486,0.403100775193798
36,priority_fixed_quota,0.25,full,433,188,129,109,54,0.495412844036697,0.418604651162791
36,all_eligible,0.5,baseline,1029,518,236,515,147.281938325991,0.285984346264061,0.624076009855895
36,priority_pool,0.5,baseline,433,188,129,217,63.5551948051949,0.292881082051589,0.492675928722441
36,priority_fixed_quota,0.5,baseline,433,188,129,217,64.6363636363637,0.297863426895685,0.501057082452431
36,all_eligible,0.5,property_only,1029,518,236,515,142.25,0.27621359223301,0.602754237288136
36,priority_pool,0.5,property_only,433,188,129,217,75,0.345622119815668,0.581395348837209
36,priority_fixed_quota,0.5,property_only,433,188,129,217,72,0.331797235023041,0.558139534883721
36,all_eligible,0.5,full,1029,518,236,515,187,0.363106796116505,0.792372881355932
36,priority_pool,0.5,full,433,188,129,217,100,0.460829493087558,0.775193798449612
36,priority_fixed_quota,0.5,full,433,188,129,217,99,0.456221198156682,0.767441860465116
37,all_eligible,0.1,baseline,1246,518,333,125,33.2024096385543,0.265619277108434,0.0997069358515143
37,priority_pool,0.1,baseline,540,187,180,54,13.2352941176471,0.245098039215686,0.0735294117647059
37,priority_fixed_quota,0.1,baseline,540,187,180,56,18.5874351626454,0.331918485047239,0.103263528681363
37,all_eligible,0.1,property_only,1246,518,333,125,31.6,0.2528,0.0948948948948949
37,priority_pool,0.1,property_only,540,187,180,54,9,0.166666666666667,0.05
37,priority_fixed_quota,0.1,property_only,540,187,180,56,18.25,0.325892857142857,0.101388888888889
37,all_eligible,0.1,full,1246,518,333,125,67,0.536,0.201201201201201
37,priority_pool,0.1,full,540,187,180,54,30,0.555555555555556,0.166666666666667
37,priority_fixed_quota,0.1,full,540,187,180,56,32,0.571428571428571,0.177777777777778
37,all_eligible,0.25,baseline,1246,518,333,312,99.8915662650605,0.320165276490579,0.29997467346865
37,priority_pool,0.25,baseline,540,187,180,135,36.7686746987952,0.272360553324409,0.204270414993307
37,priority_fixed_quota,0.25,baseline,540,187,180,136,45.2877926026355,0.332998475019379,0.25159884779242
37,all_eligible,0.25,property_only,1246,518,333,312,103,0.330128205128205,0.309309309309309
37,priority_pool,0.25,property_only,540,187,180,135,34,0.251851851851852,0.188888888888889
37,priority_fixed_quota,0.25,property_only,540,187,180,136,42.2,0.310294117647059,0.234444444444444
37,all_eligible,0.25,full,1246,518,333,312,139,0.445512820512821,0.417417417417417
37,priority_pool,0.25,full,540,187,180,135,69,0.511111111111111,0.383333333333333
37,priority_fixed_quota,0.25,full,540,187,180,136,69,0.507352941176471,0.383333333333333
37,all_eligible,0.5,baseline,1246,518,333,623,199.845697329377,0.32077961048054,0.600137229217347
37,priority_pool,0.5,baseline,540,187,180,270,84.9132530120479,0.314493529674251,0.471740294511377
37,priority_fixed_quota,0.5,baseline,540,187,180,271,90.3304871660553,0.333322830871053,0.501836039811419
37,all_eligible,0.5,property_only,1246,518,333,623,199.736842105263,0.320604882994002,0.599810336652442
37,priority_pool,0.5,property_only,540,187,180,270,86.4444444444445,0.320164609053498,0.480246913580247
37,priority_fixed_quota,0.5,property_only,540,187,180,271,94.8666666666667,0.350061500615006,0.527037037037037
37,all_eligible,0.5,full,1246,518,333,623,253,0.406099518459069,0.75975975975976
37,priority_pool,0.5,full,540,187,180,270,122,0.451851851851852,0.677777777777778
37,priority_fixed_quota,0.5,full,540,187,180,271,122,0.450184501845019,0.677777777777778
38,all_eligible,0.1,baseline,1290,518,279,129,33.9210526315791,0.26295389636883,0.121580833804943
38,priority_pool,0.1,baseline,587,198,163,59,15.1881188118812,0.257425742574257,0.093178643017676
38,priority_fixed_quota,0.1,baseline,587,198,163,60,16.6448410630536,0.27741401771756,0.102115589343887
38,all_eligible,0.1,property_only,1290,518,279,129,35.5,0.275193798449612,0.127240143369176
38,priority_pool,0.1,property_only,587,198,163,59,15,0.254237288135593,0.0920245398773006
38,priority_fixed_quota,0.1,property_only,587,198,163,60,17.6666666666667,0.294444444444444,0.10838445807771
38,all_eligible,0.1,full,1290,518,279,129,64,0.496124031007752,0.229390681003584
38,priority_pool,0.1,full,587,198,163,59,37,0.627118644067797,0.226993865030675
38,priority_fixed_quota,0.1,full,587,198,163,60,37,0.616666666666667,0.226993865030675
38,all_eligible,0.25,baseline,1290,518,279,323,88.8026315789476,0.274930747922438,0.318289002075081
38,priority_pool,0.25,baseline,587,198,163,147,39.0131578947369,0.265395631936986,0.239344526961576
38,priority_fixed_quota,0.25,baseline,587,198,163,148,41.076402640264,0.277543261082865,0.252002470185669
38,all_eligible,0.25,property_only,1290,518,279,323,110.529411764706,0.342196321252959,0.396162766181741
38,priority_pool,0.25,property_only,587,198,163,147,40.1111111111111,0.27286470143613,0.246080436264485
38,priority_fixed_quota,0.25,property_only,587,198,163,148,54.278431372549,0.366746157922628,0.332996511488031
38,all_eligible,0.25,full,1290,518,279,323,131,0.405572755417957,0.469534050179211
38,priority_pool,0.25,full,587,198,163,147,74,0.503401360544218,0.45398773006135
38,priority_fixed_quota,0.25,full,587,198,163,148,74,0.5,0.45398773006135
38,all_eligible,0.5,baseline,1290,518,279,645,175.529616724739,0.27213894065851,0.62913841119978
38,priority_pool,0.5,baseline,587,198,163,294,80.5986842105263,0.274145184389545,0.494470455279302
38,priority_fixed_quota,0.5,baseline,587,198,163,294,81.6287128712871,0.27764868323567,0.500789649517099
38,all_eligible,0.5,property_only,1290,518,279,645,178,0.275968992248062,0.637992831541219
38,priority_pool,0.5,property_only,587,198,163,294,105.588235294118,0.359143657462985,0.647780584626489
38,priority_fixed_quota,0.5,property_only,587,198,163,294,103.758064516129,0.352918586789554,0.636552543043736
38,all_eligible,0.5,full,1290,518,279,645,210,0.325581395348837,0.752688172043011
38,priority_pool,0.5,full,587,198,163,294,120,0.408163265306122,0.736196319018405
38,priority_fixed_quota,0.5,full,587,198,163,294,119,0.404761904761905,0.730061349693252
39,all_eligible,0.1,baseline,1285,518,321,129,46.6414141414141,0.361561349933443,0.145300355580729
39,priority_pool,0.1,baseline,491,185,168,50,19.1176470588235,0.38235294117647,0.113795518207283
39,priority_fixed_quota,0.1,baseline,491,185,168,50,17.1007130124777,0.342014260249554,0.101789958407605
39,all_eligible,0.1,property_only,1285,518,321,129,50.5555555555556,0.391903531438415,0.157493942540672
39,priority_pool,0.1,property_only,491,185,168,50,20.5,0.41,0.12202380952381
39,priority_fixed_quota,0.1,property_only,491,185,168,50,20.4285714285714,0.408571428571429,0.121598639455782
39,all_eligible,0.1,full,1285,518,321,129,76,0.589147286821706,0.236760124610592
39,priority_pool,0.1,full,491,185,168,50,38,0.76,0.226190476190476
39,priority_fixed_quota,0.1,full,491,185,168,50,38,0.76,0.226190476190476
39,all_eligible,0.25,baseline,1285,518,321,322,111.949494949495,0.347669238973587,0.348752320714938
39,priority_pool,0.25,baseline,491,185,168,123,44.611111111111,0.362691960252935,0.265542328042328
39,priority_fixed_quota,0.25,baseline,491,185,168,123,42.0740740740741,0.342065642878651,0.250440917107584
39,all_eligible,0.25,property_only,1285,518,321,322,139.823529411765,0.434234563390574,0.435587319039765
39,priority_pool,0.25,property_only,491,185,168,123,49.4444444444445,0.401987353206865,0.294312169312169
39,priority_fixed_quota,0.25,property_only,491,185,168,123,53.3333333333333,0.433604336043361,0.317460317460318
39,all_eligible,0.25,full,1285,518,321,322,155,0.481366459627329,0.482866043613707
39,priority_pool,0.25,full,491,185,168,123,73,0.59349593495935,0.43452380952381
39,priority_fixed_quota,0.25,full,491,185,168,123,73,0.59349593495935,0.43452380952381
39,all_eligible,0.5,baseline,1285,518,321,643,203.25,0.316096423017107,0.633177570093457
39,priority_pool,0.5,baseline,491,185,168,246,86.2323232323231,0.350537899318387,0.513287638287637
39,priority_fixed_quota,0.5,baseline,491,185,168,246,84.1481481481482,0.342065642878651,0.500881834215168
39,all_eligible,0.5,property_only,1285,518,321,643,210.25,0.326982892690513,0.654984423676013
39,priority_pool,0.5,property_only,491,185,168,246,116.285714285714,0.472706155632985,0.692176870748299
39,priority_fixed_quota,0.5,property_only,491,185,168,246,115.5,0.469512195121951,0.6875
39,all_eligible,0.5,full,1285,518,321,643,250,0.388802488335925,0.778816199376947
39,priority_pool,0.5,full,491,185,168,246,115,0.467479674796748,0.68452380952381
39,priority_fixed_quota,0.5,full,491,185,168,246,115,0.467479674796748,0.68452380952381
40,all_eligible,0.1,baseline,1055,518,287,106,34.0394366197183,0.32112676056338,0.118604308779506
40,priority_pool,0.1,baseline,469,178,166,47,15.0929577464788,0.32112676056338,0.0909214322077039
40,priority_fixed_quota,0.1,baseline,469,178,166,49,17.4064131826532,0.355232922094964,0.104857910738875
40,all_eligible,0.1,property_only,1055,518,287,106,44.7142857142857,0.421832884097035,0.155798904927825
40,priority_pool,0.1,property_only,469,178,166,47,20.6923076923077,0.440261865793781,0.124652455977757
40,priority_fixed_quota,0.1,property_only,469,178,166,49,22.5128205128205,0.459445316588174,0.135619400679642
40,all_eligible,0.1,full,1055,518,287,106,75,0.707547169811321,0.261324041811847
40,priority_pool,0.1,full,469,178,166,47,34,0.723404255319149,0.204819277108434
40,priority_fixed_quota,0.1,full,469,178,166,49,34,0.693877551020408,0.204819277108434
40,all_eligible,0.25,baseline,1055,518,287,264,84.7774647887326,0.321126760563381,0.295391863375375
40,priority_pool,0.25,baseline,469,178,166,118,37.8929577464789,0.32112676056338,0.228270829798066
40,priority_fixed_quota,0.25,baseline,469,178,166,118,41.7393725992317,0.353723496603658,0.251442003609829
40,all_eligible,0.25,property_only,1055,518,287,264,108.4,0.410606060606061,0.377700348432056
40,priority_pool,0.25,property_only,469,178,166,118,52,0.440677966101695,0.313253012048193
40,priority_fixed_quota,0.25,property_only,469,178,166,118,51.5714285714286,0.437046004842615,0.310671256454389
40,all_eligible,0.25,full,1055,518,287,264,157,0.59469696969697,0.547038327526132
40,priority_pool,0.25,full,469,178,166,118,80,0.677966101694915,0.481927710843373
40,priority_fixed_quota,0.25,full,469,178,166,118,80,0.677966101694915,0.481927710843373
40,all_eligible,0.5,baseline,1055,518,287,528,179.328244274809,0.339636826278047,0.624837088065536
40,priority_pool,0.5,baseline,469,178,166,235,75.4647887323943,0.32112676056338,0.45460716103852
40,priority_fixed_quota,0.5,baseline,469,178,166,235,83.1605633802815,0.353874737788432,0.500967249278804
40,all_eligible,0.5,property_only,1055,518,287,528,175,0.331439393939394,0.609756097560976
40,priority_pool,0.5,property_only,469,178,166,235,102,0.434042553191489,0.614457831325301
40,priority_fixed_quota,0.5,property_only,469,178,166,235,100.230769230769,0.426513911620295,0.603799814643188
40,all_eligible,0.5,full,1055,518,287,528,227,0.429924242424242,0.790940766550523
40,priority_pool,0.5,full,469,178,166,235,124,0.527659574468085,0.746987951807229
40,priority_fixed_quota,0.5,full,469,178,166,235,127,0.540425531914894,0.765060240963855
41,all_eligible,0.1,baseline,999,518,205,100,26.8,0.268,0.130731707317073
41,priority_pool,0.1,baseline,356,177,96,36,9.72972972972973,0.27027027027027,0.101351351351351
41,priority_fixed_quota,0.1,baseline,356,177,96,37,10.0530712530712,0.271704628461385,0.104719492219492
41,all_eligible,0.1,property_only,999,518,205,100,32,0.32,0.15609756097561
41,priority_pool,0.1,property_only,356,177,96,36,8.66666666666667,0.240740740740741,0.0902777777777778
41,priority_fixed_quota,0.1,property_only,356,177,96,37,13.4285714285714,0.362934362934363,0.139880952380952
41,all_eligible,0.1,full,999,518,205,100,28,0.28,0.136585365853659
41,priority_pool,0.1,full,356,177,96,36,11,0.305555555555556,0.114583333333333
41,priority_fixed_quota,0.1,full,356,177,96,37,12,0.324324324324324,0.125
41,all_eligible,0.25,baseline,999,518,205,250,66.0307692307692,0.264123076923077,0.322101313320825
41,priority_pool,0.25,baseline,356,177,96,89,23.9230769230769,0.268798617113224,0.249198717948718
41,priority_fixed_quota,0.25,baseline,356,177,96,90,24.3169533169533,0.27018837018837,0.253301597051597
41,all_eligible,0.25,property_only,999,518,205,250,77.5333333333333,0.310133333333333,0.378211382113821
41,priority_pool,0.25,property_only,356,177,96,89,28,0.314606741573034,0.291666666666667
41,priority_fixed_quota,0.25,property_only,356,177,96,90,34.5555555555556,0.383950617283951,0.359953703703704
41,all_eligible,0.25,full,999,518,205,250,90,0.36,0.439024390243902
41,priority_pool,0.25,full,356,177,96,89,27.5,0.308988764044944,0.286458333333333
41,priority_fixed_quota,0.25,full,356,177,96,90,30,0.333333333333333,0.3125
41,all_eligible,0.5,baseline,999,518,205,500,118.883720930233,0.237767441860465,0.579920589903573
41,priority_pool,0.5,baseline,356,177,96,178,47.2,0.265168539325842,0.491666666666666
41,priority_fixed_quota,0.5,baseline,356,177,96,178,48,0.269662921348315,0.5
41,all_eligible,0.5,property_only,999,518,205,500,126.555555555556,0.253111111111111,0.617344173441734
41,priority_pool,0.5,property_only,356,177,96,178,67.6363636363636,0.379979570990807,0.704545454545455
41,priority_fixed_quota,0.5,property_only,356,177,96,178,65.0909090909091,0.365679264555669,0.678030303030303
41,all_eligible,0.5,full,999,518,205,500,157,0.314,0.765853658536585
41,priority_pool,0.5,full,356,177,96,178,72,0.404494382022472,0.75
41,priority_fixed_quota,0.5,full,356,177,96,178,71,0.398876404494382,0.739583333333333
42,all_eligible,0.1,baseline,1235,518,243,124,33.172972972973,0.267523975588492,0.136514292069848
42,priority_pool,0.1,baseline,462,174,105,47,14.5633802816901,0.309859154929578,0.13869885982562
42,priority_fixed_quota,0.1,baseline,462,174,105,48,10.9931589537223,0.229024144869215,0.104696751940213
42,all_eligible,0.1,property_only,1235,518,243,124,40,0.32258064516129,0.164609053497942
42,priority_pool,0.1,property_only,462,174,105,47,13.6666666666667,0.290780141843972,0.13015873015873
42,priority_fixed_quota,0.1,property_only,462,174,105,48,15.6666666666667,0.326388888888889,0.149206349206349
42,all_eligible,0.1,full,1235,518,243,124,31,0.25,0.127572016460905
42,priority_pool,0.1,full,462,174,105,47,12,0.25531914893617,0.114285714285714
42,priority_fixed_quota,0.1,full,462,174,105,48,16,0.333333333333333,0.152380952380952
42,all_eligible,0.25,baseline,1235,518,243,309,72.1729729729729,0.233569491821919,0.297008119230341
42,priority_pool,0.25,baseline,462,174,105,116,31.4864864864865,0.27143522833178,0.2998712998713
42,priority_fixed_quota,0.25,baseline,462,174,105,117,26.6114416227093,0.227448218997515,0.25344230116866
42,all_eligible,0.25,property_only,1235,518,243,309,77,0.249190938511327,0.316872427983539
42,priority_pool,0.25,property_only,462,174,105,116,36.6666666666667,0.316091954022989,0.349206349206349
42,priority_fixed_quota,0.25,property_only,462,174,105,117,38.3333333333333,0.327635327635328,0.365079365079365
42,all_eligible,0.25,full,1235,518,243,309,91,0.294498381877023,0.374485596707819
42,priority_pool,0.25,full,462,174,105,116,32,0.275862068965517,0.304761904761905
42,priority_fixed_quota,0.25,full,462,174,105,117,33,0.282051282051282,0.314285714285714
42,all_eligible,0.5,baseline,1235,518,243,618,138.733333333333,0.224487594390507,0.570919067215364
42,priority_pool,0.5,baseline,462,174,105,231,55.7297297297298,0.241254241254242,0.530759330759331
42,priority_fixed_quota,0.5,baseline,462,174,105,232,52.7739771965124,0.22747403964014,0.502609306633452
42,all_eligible,0.5,property_only,1235,518,243,618,137,0.22168284789644,0.563786008230453
42,priority_pool,0.5,property_only,462,174,105,231,65.2857142857143,0.282622139764997,0.621768707482993
42,priority_fixed_quota,0.5,property_only,462,174,105,232,66.5238095238095,0.286740558292282,0.633560090702948
42,all_eligible,0.5,full,1235,518,243,618,176,0.284789644012945,0.724279835390947
42,priority_pool,0.5,full,462,174,105,231,67,0.29004329004329,0.638095238095238
42,priority_fixed_quota,0.5,full,462,174,105,232,70,0.301724137931035,0.666666666666667
43,all_eligible,0.1,baseline,1253,518,307,126,47.799043062201,0.379357484620643,0.155697208671665
43,priority_pool,0.1,baseline,535,188,176,54,21.8297872340426,0.404255319148936,0.124032882011605
43,priority_fixed_quota,0.1,baseline,535,188,176,55,18.208145036715,0.331057182485728,0.10345536952679
43,all_eligible,0.1,property_only,1253,518,307,126,44,0.349206349206349,0.143322475570033
43,priority_pool,0.1,property_only,535,188,176,54,22,0.407407407407407,0.125
43,priority_fixed_quota,0.1,property_only,535,188,176,55,23.5,0.427272727272727,0.133522727272727
43,all_eligible,0.1,full,1253,518,307,126,51,0.404761904761905,0.166123778501629
43,priority_pool,0.1,full,535,188,176,54,27,0.5,0.153409090909091
43,priority_fixed_quota,0.1,full,535,188,176,55,24,0.436363636363636,0.136363636363636
43,all_eligible,0.25,baseline,1253,518,307,314,105.368421052632,0.33556821991284,0.343219612549289
43,priority_pool,0.25,baseline,535,188,176,134,50.2488038277513,0.374991073341428,0.285504567203132
43,priority_fixed_quota,0.25,baseline,535,188,176,135,44.4639333595953,0.329362469330336,0.252635984997701
43,all_eligible,0.25,property_only,1253,518,307,314,97.5294117647059,0.310603222180592,0.317685380341062
43,priority_pool,0.25,property_only,535,188,176,134,49.3157894736842,0.36802827965436,0.280203349282297
43,priority_fixed_quota,0.25,property_only,535,188,176,135,53.2,0.394074074074074,0.302272727272727
43,all_eligible,0.25,full,1253,518,307,314,115,0.366242038216561,0.374592833876222
43,priority_pool,0.25,full,535,188,176,134,54,0.402985074626866,0.306818181818182
43,priority_fixed_quota,0.25,full,535,188,176,135,57,0.422222222222222,0.323863636363636
43,all_eligible,0.5,baseline,1253,518,307,627,189.867924528302,0.302819656344979,0.618462294880462
43,priority_pool,0.5,baseline,535,188,176,268,91.2822966507176,0.340605584517603,0.518649412788168
43,priority_fixed_quota,0.5,baseline,535,188,176,268,88.2173913043478,0.329169370538611,0.501235177865613
43,all_eligible,0.5,property_only,1253,518,307,627,187.615384615385,0.299227088700773,0.611125031320471
43,priority_pool,0.5,property_only,535,188,176,268,92.2727272727273,0.344301221166893,0.524276859504132
43,priority_fixed_quota,0.5,property_only,535,188,176,268,85.3636363636364,0.318521031207598,0.485020661157025
43,all_eligible,0.5,full,1253,518,307,627,213,0.339712918660287,0.693811074918567
43,priority_pool,0.5,full,535,188,176,268,98,0.365671641791045,0.556818181818182
43,priority_fixed_quota,0.5,full,535,188,176,268,98,0.365671641791045,0.556818181818182
44,all_eligible,0.1,baseline,1224,518,249,123,29.4671916010499,0.23957066342317,0.118342134943976
44,priority_pool,0.1,baseline,482,187,130,49,10.5,0.214285714285714,0.0807692307692308
44,priority_fixed_quota,0.1,baseline,482,187,130,50,13.5650241300482,0.271300482600965,0.10434633946191
44,all_eligible,0.1,property_only,1224,518,249,123,49.6666666666667,0.403794037940379,0.19946452476573
44,priority_pool,0.1,property_only,482,187,130,49,19.1428571428571,0.39067055393586,0.147252747252747
44,priority_fixed_quota,0.1,property_only,482,187,130,50,25.6666666666667,0.513333333333333,0.197435897435897
44,all_eligible,0.1,full,1224,518,249,123,50,0.40650406504065,0.200803212851406
44,priority_pool,0.1,full,482,187,130,49,24,0.489795918367347,0.184615384615385
44,priority_fixed_quota,0.1,full,482,187,130,50,25,0.5,0.192307692307692
44,all_eligible,0.25,baseline,1224,518,249,306,79.4199475065618,0.259542312112947,0.318955612476152
44,priority_pool,0.25,baseline,482,187,130,121,28.9212598425197,0.239018676384461,0.222471229557844
44,priority_fixed_quota,0.25,baseline,482,187,130,122,32.900576944011,0.269676860196811,0.253081361107777
44,all_eligible,0.25,property_only,1224,518,249,306,94.2941176470588,0.308150711264898,0.378691235530357
44,priority_pool,0.25,property_only,482,187,130,121,48.6666666666667,0.402203856749311,0.374358974358974
44,priority_fixed_quota,0.25,property_only,482,187,130,122,53.4,0.437704918032787,0.410769230769231
44,all_eligible,0.25,full,1224,518,249,306,112,0.366013071895425,0.449799196787149
44,priority_pool,0.25,full,482,187,130,121,49,0.40495867768595,0.376923076923077
44,priority_fixed_quota,0.25,full,482,187,130,122,47,0.385245901639344,0.361538461538462
44,all_eligible,0.5,baseline,1224,518,249,612,149.666666666667,0.244553376906318,0.601070950468541
44,priority_pool,0.5,baseline,482,187,130,241,61.6771653543306,0.255921847943281,0.474439733494851
44,priority_fixed_quota,0.5,baseline,482,187,130,242,65.3139022944712,0.269892158241617,0.502414633034394
44,all_eligible,0.5,property_only,1224,518,249,612,153,0.25,0.614457831325301
44,priority_pool,0.5,property_only,482,187,130,241,80,0.33195020746888,0.615384615384615
44,priority_fixed_quota,0.5,property_only,482,187,130,242,83.5625,0.34529958677686,0.642788461538462
44,all_eligible,0.5,full,1224,518,249,612,185,0.302287581699346,0.742971887550201
44,priority_pool,0.5,full,482,187,130,241,93,0.385892116182573,0.715384615384615
44,priority_fixed_quota,0.5,full,482,187,130,242,90,0.371900826446281,0.692307692307692
45,all_eligible,0.1,baseline,1230,518,298,123,35.2055137844611,0.286223689304562,0.118139308001547
45,priority_pool,0.1,baseline,533,187,164,54,15.12,0.28,0.0921951219512195
45,priority_fixed_quota,0.1,baseline,533,187,164,54,16.6254459678608,0.307878629034459,0.101374670535737
45,all_eligible,0.1,property_only,1230,518,298,123,29.125,0.236788617886179,0.0977348993288591
45,priority_pool,0.1,property_only,533,187,164,54,11,0.203703703703704,0.0670731707317073
45,priority_fixed_quota,0.1,property_only,533,187,164,54,16,0.296296296296296,0.0975609756097561
45,all_eligible,0.1,full,1230,518,298,123,50,0.40650406504065,0.167785234899329
45,priority_pool,0.1,full,533,187,164,54,21,0.388888888888889,0.128048780487805
45,priority_fixed_quota,0.1,full,533,187,164,54,21,0.388888888888889,0.128048780487805
45,all_eligible,0.25,baseline,1230,518,298,308,93.1629072681706,0.302476971649905,0.312627205597888
45,priority_pool,0.25,baseline,533,187,164,134,38.6516290726818,0.288444993079715,0.235680665077328
45,priority_fixed_quota,0.25,baseline,533,187,164,134,41.2400855078874,0.307761832148413,0.251463936023703
45,all_eligible,0.25,property_only,1230,518,298,308,86.3076923076923,0.28021978021978,0.289623128549303
45,priority_pool,0.25,property_only,533,187,164,134,36,0.26865671641791,0.219512195121951
45,priority_fixed_quota,0.25,property_only,533,187,164,134,35.3333333333333,0.263681592039801,0.215447154471545
45,all_eligible,0.25,full,1230,518,298,308,131,0.425324675324675,0.439597315436242
45,priority_pool,0.25,full,533,187,164,134,59,0.440298507462687,0.359756097560976
45,priority_fixed_quota,0.25,full,533,187,164,134,60,0.447761194029851,0.365853658536585
45,all_eligible,0.5,baseline,1230,518,298,615,183.849206349206,0.298941798941799,0.616943645467136
45,priority_pool,0.5,baseline,533,187,164,267,80.3182957393484,0.300817587038758,0.489745705727734
45,priority_fixed_quota,0.5,baseline,533,187,164,267,82.15664160401,0.307702777543109,0.500955131731768
45,all_eligible,0.5,property_only,1230,518,298,615,175,0.284552845528455,0.587248322147651
45,priority_pool,0.5,property_only,533,187,164,267,71.7692307692308,0.268798617113224,0.437617260787993
45,priority_fixed_quota,0.5,property_only,533,187,164,267,65.4285714285714,0.245050829320492,0.398954703832753
45,all_eligible,0.5,full,1230,518,298,615,208,0.338211382113821,0.697986577181208
45,priority_pool,0.5,full,533,187,164,267,106,0.397003745318352,0.646341463414634
45,priority_fixed_quota,0.5,full,533,187,164,267,103,0.385767790262172,0.628048780487805
46,all_eligible,0.1,baseline,1096,518,295,110,37.5,0.340909090909091,0.127118644067797
46,priority_pool,0.1,baseline,442,176,153,45,16.685393258427,0.370786516853932,0.109054857898215
46,priority_fixed_quota,0.1,baseline,442,176,153,45,15.5553204099272,0.34567378688727,0.101668760849197
46,all_eligible,0.1,property_only,1096,518,295,110,30,0.272727272727273,0.101694915254237
46,priority_pool,0.1,property_only,442,176,153,45,12.75,0.283333333333333,0.0833333333333333
46,priority_fixed_quota,0.1,property_only,442,176,153,45,11.6666666666667,0.259259259259259,0.0762527233115468
46,all_eligible,0.1,full,1096,518,295,110,37,0.336363636363636,0.125423728813559
46,priority_pool,0.1,full,442,176,153,45,17,0.377777777777778,0.111111111111111
46,priority_fixed_quota,0.1,full,442,176,153,45,13,0.288888888888889,0.0849673202614379
46,all_eligible,0.25,baseline,1096,518,295,274,94.0707692307691,0.343323975294778,0.318883963494133
46,priority_pool,0.25,baseline,442,176,153,111,37.7142857142857,0.33976833976834,0.246498599439776
46,priority_fixed_quota,0.25,baseline,442,176,153,112,38.7911668107174,0.34634970366712,0.253537037978545
46,all_eligible,0.25,property_only,1096,518,295,274,91,0.332116788321168,0.308474576271186
46,priority_pool,0.25,property_only,442,176,153,111,35.5,0.31981981981982,0.23202614379085
46,priority_fixed_quota,0.25,property_only,442,176,153,112,34.5555555555556,0.308531746031746,0.225853304284677
46,all_eligible,0.25,full,1096,518,295,274,99,0.361313868613139,0.335593220338983
46,priority_pool,0.25,full,442,176,153,111,37,0.333333333333333,0.241830065359477
46,priority_fixed_quota,0.25,full,442,176,153,112,38,0.339285714285714,0.248366013071895
46,all_eligible,0.5,baseline,1096,518,295,548,178.2578125,0.325287979014599,0.604263771186441
46,priority_pool,0.5,baseline,442,176,153,221,75.48,0.341538461538461,0.493333333333333
46,priority_fixed_quota,0.5,baseline,442,176,153,222,76.8607778738114,0.346219720152304,0.502358025319029
46,all_eligible,0.5,property_only,1096,518,295,548,187.692307692308,0.34250421111735,0.636245110821382
46,priority_pool,0.5,property_only,442,176,153,221,77.7272727272727,0.351707116412999,0.508021390374331
46,priority_fixed_quota,0.5,property_only,442,176,153,222,81.0666666666667,0.365165165165165,0.529847494553377
46,all_eligible,0.5,full,1096,518,295,548,193,0.352189781021898,0.654237288135593
46,priority_pool,0.5,full,442,176,153,221,78,0.352941176470588,0.509803921568627
46,priority_fixed_quota,0.5,full,442,176,153,222,76,0.342342342342342,0.496732026143791
47,all_eligible,0.1,baseline,1294,518,289,130,45.5970149253731,0.350746268656716,0.15777513815008
47,priority_pool,0.1,baseline,611,186,178,62,21.7462686567164,0.350746268656717,0.122170048633238
47,priority_fixed_quota,0.1,baseline,611,186,178,63,18.4246070532294,0.29245408020999,0.103509028388929
47,all_eligible,0.1,property_only,1294,518,289,130,38.5714285714286,0.296703296703297,0.133465150766189
47,priority_pool,0.1,property_only,611,186,178,62,17,0.274193548387097,0.0955056179775281
47,priority_fixed_quota,0.1,property_only,611,186,178,63,16.1666666666667,0.256613756613757,0.0908239700374532
47,all_eligible,0.1,full,1294,518,289,130,85,0.653846153846154,0.294117647058824
47,priority_pool,0.1,full,611,186,178,62,38,0.612903225806452,0.213483146067416
47,priority_fixed_quota,0.1,full,611,186,178,63,41,0.650793650793651,0.230337078651685
47,all_eligible,0.25,baseline,1294,518,289,324,97.862831858407,0.302045777340762,0.338625715773035
47,priority_pool,0.25,baseline,611,186,178,153,52.0862831858408,0.340433223436868,0.29261956845978
47,priority_fixed_quota,0.25,baseline,611,186,178,154,44.9753731343284,0.292047877495639,0.252670635586115
47,all_eligible,0.25,property_only,1294,518,289,324,119.6,0.369135802469136,0.413840830449827
47,priority_pool,0.25,property_only,611,186,178,153,53.6666666666667,0.350762527233116,0.301498127340824
47,priority_fixed_quota,0.25,property_only,611,186,178,154,47.7142857142857,0.309833024118738,0.268057784911718
47,all_eligible,0.25,full,1294,518,289,324,143,0.441358024691358,0.494809688581315
47,priority_pool,0.25,full,611,186,178,153,96,0.627450980392157,0.539325842696629
47,priority_fixed_quota,0.25,full,611,186,178,154,98,0.636363636363636,0.550561797752809
47,all_eligible,0.5,baseline,1294,518,289,647,180.25,0.278593508500773,0.623702422145329
47,priority_pool,0.5,baseline,611,186,178,306,93.0442477876107,0.304066169240558,0.522720493188824
47,priority_fixed_quota,0.5,baseline,611,186,178,306,89.2,0.291503267973856,0.501123595505618
47,all_eligible,0.5,property_only,1294,518,289,647,180,0.278207109737249,0.622837370242215
47,priority_pool,0.5,property_only,611,186,178,306,114.4,0.373856209150327,0.642696629213483
47,priority_fixed_quota,0.5,property_only,611,186,178,306,116.078787878788,0.379342444048326,0.652128021790943
47,all_eligible,0.5,full,1294,518,289,647,225,0.347758887171561,0.778546712802768
47,priority_pool,0.5,full,611,186,178,306,132,0.431372549019608,0.741573033707865
47,priority_fixed_quota,0.5,full,611,186,178,306,134,0.437908496732026,0.752808988764045
48,all_eligible,0.1,baseline,1050,518,274,105,39.7142857142856,0.378231292517006,0.144942648592283
48,priority_pool,0.1,baseline,434,189,159,44,16.808988764045,0.382022471910113,0.105716910465692
48,priority_fixed_quota,0.1,baseline,434,189,159,45,16.5282643589922,0.36729476353316,0.103951348169762
48,all_eligible,0.1,property_only,1050,518,274,105,40.8,0.388571428571429,0.148905109489051
48,priority_pool,0.1,property_only,434,189,159,44,13.8,0.313636363636364,0.0867924528301887
48,priority_fixed_quota,0.1,property_only,434,189,159,45,16,0.355555555555556,0.10062893081761
48,all_eligible,0.1,full,1050,518,274,105,61,0.580952380952381,0.222627737226277
48,priority_pool,0.1,full,434,189,159,44,31,0.704545454545455,0.19496855345912
48,priority_fixed_quota,0.1,full,434,189,159,45,32,0.711111111111111,0.20125786163522
48,all_eligible,0.25,baseline,1050,518,274,263,96.1428571428572,0.365562194459533,0.350886339937435
48,priority_pool,0.25,baseline,434,189,159,109,41.1428571428572,0.377457404980341,0.258760107816712
48,priority_fixed_quota,0.25,baseline,434,189,159,110,40.3237839346779,0.366579853951617,0.253608703991685
48,all_eligible,0.25,property_only,1050,518,274,263,91.1111111111111,0.346430080270384,0.332522303325223
48,priority_pool,0.25,property_only,434,189,159,109,42.4,0.388990825688073,0.266666666666667
48,priority_fixed_quota,0.25,property_only,434,189,159,110,40.7310924369748,0.370282658517953,0.256170392685376
48,all_eligible,0.25,full,1050,518,274,263,135,0.513307984790874,0.492700729927007
48,priority_pool,0.25,full,434,189,159,109,62,0.568807339449541,0.389937106918239
48,priority_fixed_quota,0.25,full,434,189,159,110,66,0.6,0.415094339622642
48,all_eligible,0.5,baseline,1050,518,274,525,177.285714285714,0.337687074829932,0.647028154327424
48,priority_pool,0.5,baseline,434,189,159,217,79.7142857142856,0.36734693877551,0.501347708894878
48,priority_fixed_quota,0.5,baseline,434,189,159,218,79.9084025403029,0.366552305230747,0.502568569435867
48,all_eligible,0.5,property_only,1050,518,274,525,180.421052631579,0.343659147869674,0.658470995005763
48,priority_pool,0.5,property_only,434,189,159,217,82.8,0.381566820276498,0.520754716981132
48,priority_fixed_quota,0.5,property_only,434,189,159,218,84.0666666666667,0.385626911314985,0.528721174004193
48,all_eligible,0.5,full,1050,518,274,525,224,0.426666666666667,0.817518248175183
48,priority_pool,0.5,full,434,189,159,217,110,0.506912442396313,0.691823899371069
48,priority_fixed_quota,0.5,full,434,189,159,218,111,0.509174311926605,0.69811320754717
49,all_eligible,0.1,baseline,1110,518,324,111,57.0232558139533,0.513723025350931,0.175997703129485
49,priority_pool,0.1,baseline,500,219,216,50,27.3809523809524,0.547619047619047,0.126763668430335
49,priority_fixed_quota,0.1,baseline,500,219,216,51,22.0924313590712,0.43318492860924,0.102279774810515
49,all_eligible,0.1,property_only,1110,518,324,111,54,0.486486486486487,0.166666666666667
49,priority_pool,0.1,property_only,500,219,216,50,18.125,0.3625,0.083912037037037
49,priority_fixed_quota,0.1,property_only,500,219,216,51,20.75,0.406862745098039,0.0960648148148148
49,all_eligible,0.1,full,1110,518,324,111,76,0.684684684684685,0.234567901234568
49,priority_pool,0.1,full,500,219,216,50,41,0.82,0.189814814814815
49,priority_fixed_quota,0.1,full,500,219,216,51,41,0.803921568627451,0.189814814814815
49,all_eligible,0.25,baseline,1110,518,324,278,125.204134366925,0.450374584053687,0.386432513478164
49,priority_pool,0.25,baseline,500,219,216,125,62.7390180878551,0.501912144702841,0.290458417073403
49,priority_fixed_quota,0.25,baseline,500,219,216,126,54.4124120110487,0.431844539770228,0.251909314865966
49,all_eligible,0.25,property_only,1110,518,324,278,151,0.543165467625899,0.466049382716049
49,priority_pool,0.25,property_only,500,219,216,125,62.25,0.498,0.288194444444444
49,priority_fixed_quota,0.25,property_only,500,219,216,126,59.2857142857143,0.470521541950113,0.2744708994709
49,all_eligible,0.25,full,1110,518,324,278,152,0.546762589928058,0.469135802469136
49,priority_pool,0.25,full,500,219,216,125,84,0.672,0.388888888888889
49,priority_fixed_quota,0.25,full,500,219,216,126,84,0.666666666666667,0.388888888888889
49,all_eligible,0.5,baseline,1110,518,324,555,224.059701492537,0.403711173860427,0.691542288557213
49,priority_pool,0.5,baseline,500,219,216,250,113.772609819122,0.455090439276487,0.526725045458897
49,priority_fixed_quota,0.5,baseline,500,219,216,251,108.411030918649,0.431916457843224,0.501902920919672
49,all_eligible,0.5,property_only,1110,518,324,555,234.615384615385,0.422730422730423,0.724121557454891
49,priority_pool,0.5,property_only,500,219,216,250,141.571428571429,0.566285714285714,0.655423280423281
49,priority_fixed_quota,0.5,property_only,500,219,216,251,144.785714285714,0.576835515082527,0.670304232804233
49,all_eligible,0.5,full,1110,518,324,555,256,0.461261261261261,0.790123456790123
49,priority_pool,0.5,full,500,219,216,250,147,0.588,0.680555555555556
49,priority_fixed_quota,0.5,full,500,219,216,251,147,0.585657370517928,0.680555555555556
50,all_eligible,0.1,baseline,1270,518,331,127,45.7307692307693,0.360084797092671,0.138159423657913
50,priority_pool,0.1,baseline,484,190,165,49,18.1086956521739,0.369565217391304,0.109749670619236
50,priority_fixed_quota,0.1,baseline,484,190,165,50,17.0610367892977,0.341220735785953,0.10340022296544
50,all_eligible,0.1,property_only,1270,518,331,127,38,0.299212598425197,0.114803625377644
50,priority_pool,0.1,property_only,484,190,165,49,16.125,0.329081632653061,0.0977272727272727
50,priority_fixed_quota,0.1,property_only,484,190,165,50,16.5714285714286,0.331428571428571,0.1004329004329
50,all_eligible,0.1,full,1270,518,331,127,64,0.503937007874016,0.193353474320242
50,priority_pool,0.1,full,484,190,165,49,22,0.448979591836735,0.133333333333333
50,priority_fixed_quota,0.1,full,484,190,165,50,25,0.5,0.151515151515152
50,all_eligible,0.25,baseline,1270,518,331,318,109.747252747253,0.34511714700394,0.33156269712161
50,priority_pool,0.25,baseline,484,190,165,121,43.7197802197801,0.361320497684133,0.264968364968365
50,priority_fixed_quota,0.25,baseline,484,190,165,121,41.25,0.340909090909091,0.25
50,all_eligible,0.25,property_only,1270,518,331,318,97.3333333333333,0.306079664570231,0.294058408862034
50,priority_pool,0.25,property_only,484,190,165,121,41.2857142857143,0.341204250295159,0.25021645021645
50,priority_fixed_quota,0.25,property_only,484,190,165,121,47.0769230769231,0.389065479974571,0.285314685314685
50,all_eligible,0.25,full,1270,518,331,318,146,0.459119496855346,0.441087613293051
50,priority_pool,0.25,full,484,190,165,121,59,0.487603305785124,0.357575757575758
50,priority_fixed_quota,0.25,full,484,190,165,121,58,0.479338842975207,0.351515151515152
50,all_eligible,0.5,baseline,1270,518,331,635,203.996996996997,0.321255113381097,0.616305126879144
50,priority_pool,0.5,baseline,484,190,165,242,84.2747252747253,0.348242666424485,0.510755910755911
50,priority_fixed_quota,0.5,baseline,484,190,165,242,82.5,0.340909090909091,0.5
50,all_eligible,0.5,property_only,1270,518,331,635,201.5,0.317322834645669,0.608761329305136
50,priority_pool,0.5,property_only,484,190,165,242,82.1428571428571,0.339433293978749,0.497835497835498
50,priority_fixed_quota,0.5,property_only,484,190,165,242,79.3333333333333,0.327823691460055,0.480808080808081
50,all_eligible,0.5,full,1270,518,331,635,244,0.384251968503937,0.737160120845921
50,priority_pool,0.5,full,484,190,165,242,107,0.442148760330579,0.648484848484848
50,priority_fixed_quota,0.5,full,484,190,165,242,106,0.43801652892562,0.642424242424243
